ts_code,slot_close,slot_amount,slot_bar_time,slot_bar_lag_minutes,intraday_snapshot_count,ret_5m_pct,ret_10m_pct,ret_20m_pct,bar_body_pct,bar_range_pct,bar_upper_wick_pct,bar_lower_wick_pct,tail_range_10m_pct,tail_close_position_10m,tail_return_from_1400_pct,tail_range_since_1400_pct,tail_close_position_since_1400,tail_amount_weighted_price_gap_pct,tail_realized_volatility_pct,tail_mean_abs_return_pct,tail_up_bar_share,tail_down_bar_share,tail_directional_efficiency,tail_trend_slope_pct,tail_trend_r2,tail_max_drawdown_pct,tail_rebound_from_low_pct,tail_cumulative_amount,tail_latest_amount_share,tail_amount_concentration,tail_amount_acceleration,day_open,pre_close,adj_factor,up_limit,down_limit,prev_day_gap_pct,prev_day_intraday_return_pct,prev_day_close_position,prev_day_upper_wick_pct,prev_day_lower_wick_pct,prev_1d_return_pct,prev_2d_return_pct,prev_3d_return_pct,prev_5d_return_pct,prev_10d_return_pct,prev_20d_return_pct,prev_5d_positive_share,prev_10d_positive_share,prev_20d_positive_share,prev_20d_volatility_pct,prev_20d_downside_volatility_pct,prev_20d_drawdown_pct,prev_5d_amplitude_pct,prev_amount_ratio_20d,prev_5d_amount_ratio_20d,prev_20d_amount,prev_turnover_rate,prev_volume_ratio,prev_pe_ttm,prev_pb,total_mv,float_mv,prev_turnover_ratio_20d,name,industry,market,list_date,delist_date,list_status,board,trade_date,target_trade_date,listing_days,is_st,signal_slot,signal_price,ret_from_prev_close_pct,ret_from_open_pct,gap_open_pct,distance_to_up_limit_pct,distance_to_down_limit_pct,entry_fillable,market_return_pct,market_breadth,market_breadth_above_2pct,market_breadth_above_5pct,market_return_dispersion_pct,market_gap_pct,market_tail_return_pct,market_tail_breadth,market_tail_dispersion_pct,market_prev_5d_return_pct,market_prev_20d_volatility_pct,up_limit_count,down_limit_count,industry_return_pct,industry_breadth,industry_tail_return_pct,industry_tail_breadth,slot_minute,slot_amount_log,tail_cumulative_amount_log,prev_20d_amount_log,float_mv_log,total_mv_log,up_limit_count_log,down_limit_count_log,slot_amount_ratio_20d,tail_cumulative_amount_ratio_20d,relative_market_return_pct,relative_industry_return_pct,tail_relative_market_pct,tail_relative_industry_pct,momentum_reversal_5_20,volatility_adjusted_momentum_5d,liquidity_acceleration,tail_volume_price_confirmation,distance_to_limit_asymmetry,market_regime_strength,industry_regime_strength,relative_strength_alignment,tail_trend_quality,tail_reversal_pressure,tail_breakout_pressure,overnight_intraday_alignment,risk_adjusted_tail_return,market_dispersion_adjusted_return,industry_dispersion_proxy,return_cs_rank,open_return_cs_rank,tail_return_cs_rank,tail_efficiency_cs_rank,tail_price_gap_cs_rank,slot_amount_ratio_cs_rank,tail_amount_ratio_cs_rank,prev_5d_return_cs_rank,prev_amount_ratio_cs_rank,turnover_cs_rank,volatility_cs_rank,float_mv_cs_rank,up_limit_distance_cs_rank,data_age_seconds,execution_eligible,market_data_time,p_net_positive_raw,p_conditional_net_positive_raw,p_net_positive_direct,p_net_positive_component_product,p_net_positive_model_gap,p_entry_fill,p_exit_fill_given_entry,p_round_trip_fill,p_round_trip_fill_lower,p_conditional_net_positive,p_net_positive,p_net_positive_lower,p_cross_section_top,p_conditional_severe_loss,p_severe_loss_direct,p_severe_loss_component_product,p_severe_loss,probability_model_spread,fill_probability_model_spread,conditional_expected_net_return_pct,direct_all_in_expected_return_pct,expected_utility_pct,expected_utility_lower_pct,expected_utility_residual_q10_adjustment_pct,expected_return_model_spread,conditional_downside_q10_pct,direct_all_in_downside_q10_pct,exit_failure_probability,downside_q10_pct,ranking_score,selection_score,selection_rank_pct,selection_rank_spread,model_version,model_fingerprint,policy_fingerprint,candidate_policy_id,candidate_policy_authorized,selection_evidence_candidate_events,selection_evidence_candidate_days,selection_evidence_win_rate,selection_evidence_mean_net_return_pct,passes_policy,passes_prior_oos_evidence,rejection_reasons,ret_abs_pct,probability_uncertainty,utility_uncertainty_pct,context_universe_size,context_return_mean_pct,context_return_median_pct,context_return_dispersion_pct,context_breadth_positive,context_breadth_above_2pct,context_breadth_above_5pct,context_breadth_above_7pct,context_probability_mean,context_probability_dispersion,context_utility_mean_pct,context_return_change_from_1420_pct,return_context_relative_pct,return_context_zscore,return_rank_pct,probability_rank_pct,utility_rank_pct,selection_rank_recomputed_pct,severe_quality_rank_pct,meta_p_positive,meta_p_severe_loss,meta_expected_net_return_pct,meta_score,meta_rank_pct,risk_p_exit_failure,risk_p_exit_safe,risk_failure_rank_pct,passes_execution,passes_meta_probability,passes_meta_expected_return,passes_meta_severe_loss,passes_round_trip_fill,passes_meta_rank,passes_exit_failure_rank,failed_gate_count,failed_gate_distance,passes_freshness,passes_entry_fill_probability,passes_exit_fill_probability,passes_round_trip_fill_probability,passes_probability,passes_probability_lower,passes_conditional_probability,passes_severe_loss,passes_selection_rank,passes_expected_utility,passes_expected_utility_lower,passes_downside,passes_stability,candidate_state,candidate_cohort,cohort_rank,failed_gates,failed_gate_labels
600030.SH,28.06,36348165.0,2026-08-04 14:30:00,0.0,7,0.0,0.071326676176886,-0.0356252226576425,0.0356506238859077,0.106990014265329,0.0356379187455457,0.035663338088443,0.1427042454513083,0.7499999999999556,-0.0356252226576425,0.2499107461620742,0.7142857142857071,0.0350483613683838,0.0754217806462996,0.056017878641192,0.5714285714285714,0.2857142857142857,-0.0908678515092703,-3.2345645436458763e-10,2.0167124071231675e-16,-0.1425008906305591,0.1070281840884757,362036049.0,0.1003992975296225,0.1893177770261215,0.6805503470663697,28.22,28.27,6.7453,31.1,25.44,-0.844178684488206,0.283788577509747,0.8749999999999963,0.105522335561031,0.457263454097793,-0.5627857896588151,-0.7722007722007818,-0.8070175438596561,0.0353857041754945,-0.035360678925056,-3.284296955183041,0.2,0.4,0.35,1.5378863359099946,0.8673683115021982,-1.429567642956775,1.5818136090774475,0.6959005919249331,0.8772421381818654,4246876537.1,0.8617,0.8,12.4384,1.4373,418976858036.0,344231096770.0,0.6975125264086643,中信证券,非银金融,主板,20030106,,L,main_board,20260804,20260805,8611,False,14:30,28.06,-0.74283692960736,-0.5669737774627981,-0.1768659356208068,10.833927298645762,10.29874213836477,True,0.1357773877647239,0.5144641683103222,0.2511505588428665,0.0946745562130177,2.940265893067273,0.2403860044494443,-0.2293285806112432,0.1101249178172255,0.3541847083767099,4.718850742904934,3.0378023959180265,121,0,-0.2606821351591126,0.3157894736842105,-0.1962375202838429,0.0526315789473684,10,17.40865430675074,19.707254350467085,22.1694496174759,26.564579061706898,26.761081523927963,4.804021044733257,0.0,0.0085587995512628,0.0852476039360489,-0.878614317372084,-0.4821547944482474,0.1937033579536007,0.1606122976262003,3.3196826593585356,0.023009310473232177,-0.7919945342458165,-0.01849381287173508,-0.5351851602809923,-0.3801119242819396,-0.8435241637283992,0.6508671950496694,5.927479374161361e-27,0.10705360343137299,0.053552302749014104,0.10027834762342089,-0.47234661330407574,-0.29882138191778196,0.39645952292383657,0.3119658119658119,0.4069690992767916,0.7347140039447732,0.6236028928336621,0.7928994082840237,0.4641683103221565,0.4293228139381985,0.1906640368178829,0.2570677186061801,0.1715976331360946,0.0769230769230769,0.9937541091387244,0.6867192636423406,120.0,True,2026-08-04 14:30:00,0.36406202668801413,0.3634135647029383,0.3917426430687094,0.4399959216532442,0.04825327858453482,0.9993888600991925,0.9931563900785791,0.9925494325808601,0.9920861714141034,0.4432987488685094,0.4399959216532442,0.476848182388722,0.1383550420030626,0.07987024731930371,0.06476584224852369,0.08611459617520018,0.08611459617520018,0.000535911915222731,0.0005997242857422869,-0.42851101853954354,-0.320526593149438,-0.49361813217107003,-0.18876737115887185,-5.622596716678944,0.09964472698425803,-1.5448649488396862,-1.2848759215937082,0.006839427518332314,-1.5448649488396862,0.2264957264957265,-0.28046213834345946,0.517422748191979,0.005013149243918491,wpv40-20260731-e60bb703,e60bb703becc859f189f,c081a525fd6c767f2c27,v40-1430-p0.54-e0.00-s0.35-f0.95-r0.95-x0.50-obs5,False,0,0,0.0,0.0,False,True,runtime_contract_missing,0.74283692960736,0.0007094015248822472,5.622596716678944,3042,0.9185671042778676,0.13577738776472387,2.940265893067273,0.5144641683103222,0.2511505588428665,0.09467455621301775,0.05719921104536489,0.12037126368161173,0.10387764620057702,-0.36866527528860166,,-1.6614040338852276,-0.5650523096576336,0.31196581196581197,1.0,0.19230769230769232,0.517422748191979,0.39447731755424065,0.476848182388722,0.03919872058502785,-0.18876737115887185,-0.28046213834345946,1.0,0.001,0.999,0.05813953488372093,True,False,False,True,True,True,True,2,0.25191918877014985,True,True,True,True,False,False,False,True,True,False,False,True,True,REJECTED,OBSERVATION,1,passes_meta_probability|passes_meta_expected_return,元模型盈利概率不足、元模型期望收益不足
000333.SZ,85.12,61743197.47,2026-08-04 14:30:00,0.0,7,0.0235017626322164,-0.0234907211651314,0.1647446457990087,0.0235017626322164,0.0822658361734562,0.0469924812029898,0.0117522623104937,0.1057827926657317,0.4444444444444971,0.1176193836744499,0.3416588124411035,0.8275862068965653,0.0875396663940986,0.0892513112496398,0.0604739908867056,0.4285714285714285,0.5714285714285714,0.2776878941684488,0.0331736476682659,0.6501135936300576,-0.0470532878484974,0.1765328939625776,411529525.13,0.1500334573819354,0.2203233689523442,0.8832023097940227,85.99,85.9,5.921,94.49,77.31,-0.2397260273972579,-1.7050005721478412,0.1077586206896554,0.6621004566210027,0.2853881278538813,-1.9406392694063743,-3.4288926363125305,-1.275715435007474,2.1038868417924794,1.8979833926453304,7.37500000000002,0.6,0.4,0.5,1.2570108826829216,0.5826126775521115,-3.4288926363125305,2.9730668483884544,0.9443381229703944,1.1750185768427366,3083004077.2920003,0.4901,0.85,14.797,2.8152,653994401510.0,590089654860.0,0.9095295536791314,美的集团,家用电器,主板,20130918,,L,main_board,20260804,20260805,4703,False,14:30,85.12,-0.9080325960419078,-1.0117455518083407,0.1047729918509876,11.007988721804509,10.102186004397872,True,0.1357773877647239,0.5144641683103222,0.2511505588428665,0.0946745562130177,2.940265893067273,0.2403860044494443,-0.2293285806112432,0.1101249178172255,0.3541847083767099,4.718850742904934,3.0378023959180265,121,0,0.2284843869002184,0.5373134328358209,-0.212992545260926,0.1492537313432835,10,17.938494381171,19.8353913279496,21.849170308681856,27.103540319693348,27.20636462798624,4.804021044733257,0.0,0.0200269593948227,0.1334832892895402,-1.0438099838066317,-1.1365169829421262,0.394073226410252,0.3777371910599347,-5.271113158207541,1.67372205823868,-1.0415352875531965,0.10427902537878911,-0.9058027174066368,-0.3801119242819396,-0.17726978481110262,1.0891775675071456,0.0059887946513502615,0.1412926750700815,0.11192271442036612,-0.10600360845488822,1.8458512652907784,-0.3550053028427757,-0.09270699913549452,0.2751479289940828,0.2991452991452991,0.9266929651545036,0.9349112426035504,0.8678500986193294,0.8898750821827744,0.8021038790269559,0.279750164365549,0.5654174884944115,0.0440499671268902,0.029585798816568,0.9960552268244576,0.722550953320184,120.0,True,2026-08-04 14:30:00,0.3772713845876131,0.36432414663483,0.39693095563481556,0.4397133546002145,0.04278239896539893,0.9995009872397731,0.9925045158445799,0.9920092434265906,0.9914297029828056,0.44325529980079625,0.4397133546002145,0.476848182388722,0.18735853400762034,0.14832659081658114,0.15408156332991793,0.15463309294918465,0.15463309294918465,0.0007017709919249493,0.000749595928373481,-0.47933333002217793,-0.19790406946510725,-0.5502547513183691,-0.09298190621555791,-5.622596716678944,0.032484231606207115,-2.0440503644545407,-1.7056018234068484,0.007491743813182484,-2.0440503644545407,0.18754109138724523,-0.5946441657146836,0.40828402366863903,0.09136259040105196,wpv40-20260731-e60bb703,e60bb703becc859f189f,c081a525fd6c767f2c27,v40-1430-p0.54-e0.00-s0.35-f0.95-r0.95-x0.50-obs5,False,0,0,0.0,0.0,False,True,runtime_contract_missing,0.9080325960419078,0.0006084446894926709,5.622596716678944,3042,0.9185671042778676,0.13577738776472387,2.940265893067273,0.5144641683103222,0.2511505588428665,0.09467455621301775,0.05719921104536489,0.12037126368161173,0.10387764620057702,-0.36866527528860166,,-1.8265997003197754,-0.6212362305826274,0.27514792899408286,0.9990138067061144,0.17455621301775148,0.40828402366863903,0.22419460880999342,0.476848182388722,0.31229155931762065,-0.09298190621555791,-0.5946441657146836,0.9767441860465116,0.001,0.999,0.05813953488372093,True,False,False,True,True,True,True,2,0.15613372382683594,True,True,True,True,False,False,False,True,True,False,False,True,True,REJECTED,OBSERVATION,2,passes_meta_probability|passes_meta_expected_return,元模型盈利概率不足、元模型期望收益不足
600089.SH,21.39,29319556.0,2026-08-04 14:30:00,0.0,7,0.0467726847521055,0.0935891436593339,-0.0467289719626062,0.0467726847521055,0.093545369504211,0.0467508181393183,0.0,0.1403837154889897,0.6666666666667062,0.0,0.1403837154889897,0.6666666666667062,0.013524120225461,0.0539989840147951,0.0400815056214129,0.4285714285714285,0.2857142857142857,0.0,-0.008350313184213,0.16446152066657002,-0.140186915887841,0.0935891436593339,205783414.0,0.1424777411847196,0.1653823422328876,0.8873147477959286,21.44,21.38,58.1515,23.52,19.24,0.1910219675262503,1.9065776930409892,0.7758620689655136,0.6208213944603751,0.2387774594078353,2.101241642788887,3.036144578313249,3.5351089588377738,3.5351089588377738,11.354166666666664,0.140515222482418,0.8,0.8,0.55,3.068703396552806,1.6731623957731774,-0.6967022758941233,2.473152180647342,1.096132284115592,0.8963291316717337,2476690539.4,2.5238,1.21,17.5126,1.5013,108028705788.0,108028705788.0,1.035379641937019,特变电工,电力设备,主板,19970618,,L,main_board,20260804,20260805,10639,False,14:30,21.39,0.0467726847521055,-0.2332089552238847,0.280636108512633,9.957924263674611,11.174636174636188,True,0.1357773877647239,0.5144641683103222,0.2511505588428665,0.0946745562130177,2.940265893067273,0.2403860044494443,-0.2293285806112432,0.1101249178172255,0.3541847083767099,4.718850742904934,3.0378023959180265,121,0,0.9445100354191328,0.6949152542372882,-0.2308580223162715,0.135593220338983,10,17.193765325728062,19.14233479016737,21.63018904642315,25.405662823096165,25.405662823096165,4.804021044733257,0.0,0.0118381992152733,0.0830880607513657,-0.0890047030126184,-0.8977373506670272,0.182599608648637,0.1841290503536652,3.3945937363553558,1.1519878274351634,-0.813241070920368,-0.02968014254491101,1.2167119109615765,-0.3801119242819396,0.43466220604837036,0.2826709151636468,-0.0,0.04683832552001561,0.02339728591483716,-0.06544685366432788,-0.8653676141351658,-0.030270970806578673,-0.8087326476544088,0.4868507560815253,0.4812623274161736,0.7301117685733071,0.7404667981591059,0.752465483234714,0.666009204470743,0.4053254437869822,0.3905325443786982,0.717948717948718,0.6715976331360947,0.5111768573307035,0.9661406969099277,0.5184089414858646,120.0,True,2026-08-04 14:30:00,0.36279582175961844,0.3651008584784793,0.3911942542972593,0.4395074843464441,0.04831323004918481,0.9994782988592245,0.9921481323649757,0.9916305275525026,0.9914513460959266,0.4432169766205328,0.4395074843464441,0.476848182388722,0.1653708105731788,0.24583811954457854,0.2679560333274586,0.25162835548322754,0.2679560333274586,0.0002875795106405399,0.00022448324463592018,-0.6574781952932559,-0.5400032017076484,-0.7304829598207965,-0.12244389329085992,-5.622596716678944,0.1770671150193469,-2.27581290651045,-1.8983592968976786,0.007847771306721912,-2.27581290651045,0.43113083497698884,-0.624095331233425,0.3803418803418803,0.0718359631821171,wpv40-20260731-e60bb703,e60bb703becc859f189f,c081a525fd6c767f2c27,v40-1430-p0.54-e0.00-s0.35-f0.95-r0.95-x0.50-obs5,False,0,0,0.0,0.0,False,True,runtime_contract_missing,0.0467726847521055,0.00028795792313307533,5.622596716678944,3042,0.9185671042778676,0.13577738776472387,2.940265893067273,0.5144641683103222,0.2511505588428665,0.09467455621301775,0.05719921104536489,0.12037126368161173,0.10387764620057702,-0.36866527528860166,,-0.8717944195257621,-0.2965018985464304,0.48685075608152534,0.9983563445101906,0.12689020381328073,0.3803418803418803,0.12853385930309008,0.476848182388722,0.31229155931762065,-0.12244389329085992,-0.624095331233425,0.9534883720930233,0.0016402500461147134,0.9983597499538853,0.4883720930232558,True,False,False,True,True,True,True,2,0.18559571090213794,True,True,True,True,False,False,False,True,True,False,False,True,True,REJECTED,OBSERVATION,3,passes_meta_probability|passes_meta_expected_return,元模型盈利概率不足、元模型期望收益不足
601318.SH,53.94,90400732.0,2026-08-04 14:30:00,0.0,7,-0.1111111111111173,-0.1296056285873037,-0.0741015190811378,-0.1111111111111173,0.1297978861487081,0.0,0.0185425551640916,0.2039681068051191,0.0909090909090732,-0.1296056285873037,0.2967359050445095,0.1249999999999778,-0.0719287869922813,0.0920243770154911,0.0714665700735809,0.2857142857142857,0.5714285714285714,-0.2592414671004586,-0.0066180471973745,0.054361750404683815,-0.1481207183854804,0.0185425551640916,615093633.0,0.1469706840551867,0.1987179080424654,1.0754398872396134,55.35,55.55,3.2379,61.11,50.0,-0.1821493624772352,1.3686131386861256,0.9659090909090896,0.0546448087431714,0.182149362477221,1.1839708561020013,-0.4480286738351213,2.302025782688766,4.006740310803236,4.358444486192004,10.878243512974064,0.8,0.6,0.6,1.6246784175064253,0.5411941638999165,-0.4480286738351213,2.0361794308425543,0.8573920395371959,0.9892296212613804,4859726674.45,0.708,0.88,7.5753,0.9878,1005879513100.0,592166616305.0,0.8112474648516723,中国平安,非银金融,主板,20070301,,L,main_board,20260804,20260805,7096,False,14:30,53.94,-2.898289828982903,-2.5474254742547497,-0.3600360036003502,13.292547274749731,7.879999999999998,True,0.1357773877647239,0.5144641683103222,0.2511505588428665,0.0946745562130177,2.940265893067273,0.2403860044494443,-0.2293285806112432,0.1101249178172255,0.3541847083767099,4.718850742904934,3.0378023959180265,121,0,-0.2606821351591126,0.3157894736842105,-0.1962375202838429,0.0526315789473684,10,18.31976293373661,20.23728506458838,22.304248033657966,27.10705387869463,27.63688341214404,4.804021044733257,0.0,0.0186020198368936,0.1265695941777658,-3.034067216747627,-2.6376076938237905,0.1552270615301054,0.122136001202705,-6.871503202170828,2.4661743934241622,-0.8626600270836146,-0.05410693775957936,-5.412547274749733,-0.3801119242819396,-0.8435241637283992,2.8289006759644413,9.326694743461358e-05,0.0370851103281832,-0.11127596439169764,0.9171648872204069,-0.8052379324302709,-1.031902326895511,0.39645952292383635,0.0207100591715976,0.0381328073635766,0.7107166337935569,0.4283366206443129,0.522353714661407,0.8658777120315582,0.7685733070348455,0.4329388560157791,0.4575936883629191,0.1168639053254437,0.0904010519395134,0.9963839579224194,0.9796186719263642,120.0,True,2026-08-04 14:30:00,0.3832460510499803,0.37121691925506256,0.3989621163345236,0.4394850588882911,0.04052294255376748,0.999395224984102,0.9929464587434035,0.9923459495330311,0.9915958057734009,0.4428748453048051,0.4394850588882911,0.476848182388722,0.174792291095973,0.11568693559404121,0.1325009103168762,0.12185073740170636,0.1325009103168762,0.0007561149770201614,0.0009882690761844337,-0.3323850857961227,-0.38295589092898313,-0.40003737824991237,-0.24636417014516138,-5.622596716678944,0.08684090416453549,-1.7862738793692066,-1.6282743243049398,0.0070492754510709235,-1.7862738793692066,0.732577251808021,-0.6806991993729438,0.6804733727810651,0.004643326758711319,wpv40-20260731-e60bb703,e60bb703becc859f189f,c081a525fd6c767f2c27,v40-1430-p0.54-e0.00-s0.35-f0.95-r0.95-x0.50-obs5,False,0,0,0.0,0.0,False,True,runtime_contract_missing,2.898289828982903,0.0006120832049717473,5.622596716678944,3042,0.9185671042778676,0.13577738776472387,2.940265893067273,0.5144641683103222,0.2511505588428665,0.09467455621301775,0.05719921104536489,0.12037126368161173,0.10387764620057702,-0.36866527528860166,,-3.8168569332607705,-1.2981332546353626,0.020710059171597635,0.9980276134122288,0.23109796186719264,0.6804733727810651,0.26627218934911245,0.476848182388722,0.2674621067335902,-0.24636417014516138,-0.6806991993729438,0.9302325581395349,0.0016402500461147134,0.9983597499538853,0.4883720930232558,True,False,False,True,True,False,True,3,0.3292834296169045,True,True,True,True,False,False,False,True,False,False,False,True,True,REJECTED,OBSERVATION,4,passes_meta_probability|passes_meta_expected_return|passes_meta_rank,元模型盈利概率不足、元模型期望收益不足、元模型横截面排名不足
600036.SH,39.33,63947755.0,2026-08-04 14:30:00,0.0,7,-0.0254194204372226,-0.2283105022831133,0.1527883880825031,0.0,0.1526329178326069,0.1017035341978056,0.0508776392775356,0.279827016026446,0.1818181818181465,-0.1523229246001567,0.5865850548329332,0.5217391304347786,0.0394012125996878,0.1811483150913722,0.1452586504487133,0.4285714285714285,0.5714285714285714,-0.1499188353609675,0.0408779614988988,0.3862431317730772,-0.2283105022831133,0.2038216560509509,644815640.0,0.099172152524092,0.2503149427330888,0.7874130432143263,40.16,40.36,6.6608,44.4,36.32,0.6562342251388298,1.2036108324974926,0.90322580645161,0.1514386673397331,0.2019182231196502,1.8677435638566384,-0.4685573366214557,1.7650025214321683,3.4871794871794703,3.726548445129785,9.89752941273716,0.8,0.7,0.65,1.353011954578379,0.724283444450049,-0.4685573366214557,1.9958047138479575,1.228579047068432,1.2558798069273935,3982639881.15,0.5902,1.05,6.7522,0.8989,1017872968416.0,832584195984.0,1.1791383219954648,招商银行,银行,主板,20020409,,L,main_board,20260804,20260805,8883,False,14:30,39.33,-2.552031714568881,-2.0667330677290763,-0.4955401387512492,12.890922959572835,8.287444933920707,True,0.1357773877647239,0.5144641683103222,0.2511505588428665,0.0946745562130177,2.940265893067273,0.2403860044494443,-0.2293285806112432,0.1101249178172255,0.3541847083767099,4.718850742904934,3.0378023959180265,121,0,-2.375821018062385,0.0,0.0,0.4761904761904761,10,17.973576995459464,20.284475005996487,22.10521072333754,27.447800190005395,27.64873624082554,4.804021044733257,0.0,0.0160566249794934,0.1619065894086832,-2.687809102333605,-0.1762106965064958,0.3821169686937464,0.1527883880825031,-6.41034992555769,2.577345658609597,-1.0939732175187102,0.08873481241403822,-4.603478025652128,-0.3801119242819396,-2.0745587027914545,0.6882010709078443,-0.002367043285635632,0.15299576113068092,0.012751849018104892,1.0241491911442613,0.8434436058951794,-0.914138108621766,2.511598405827109,0.0407626561472715,0.0907297830374753,0.9227481919789612,0.5552268244575936,0.8044049967126891,0.8116370808678501,0.8987508218277449,0.3849441157133464,0.821827744904668,0.0742932281393819,0.0450361604207758,0.9980276134122288,0.9592373438527284,120.0,True,2026-08-04 14:30:00,0.3871019806047291,0.4102685053742343,0.40016996833578306,0.4356118770641089,0.035441908728325866,0.9993640032679934,0.9928038132546815,0.9921723932739278,0.9920259843034536,0.4390485766558124,0.4356118770641089,0.476848182388722,0.1884542824783328,0.09705842957892458,0.08728136069454162,0.10349030435679617,0.10349030435679617,0.00852249694935564,0.00018493988052070698,-0.27381929277312156,-0.2957913720490774,-0.34357988952614704,-0.31197492719058173,-5.622596716678944,0.013779113058674214,-1.6134726847362937,-1.4288902364051899,0.00719160999406559,-1.6134726847362937,0.6738987508218277,-0.6920905966409036,0.591387245233399,0.091715976331361,wpv40-20260731-e60bb703,e60bb703becc859f189f,c081a525fd6c767f2c27,v40-1430-p0.54-e0.00-s0.35-f0.95-r0.95-x0.50-obs5,False,0,0,0.0,0.0,False,True,runtime_contract_missing,2.552031714568881,0.010674503331345342,5.622596716678944,3042,0.9185671042778676,0.13577738776472387,2.940265893067273,0.5144641683103222,0.2511505588428665,0.09467455621301775,0.05719921104536489,0.12037126368161173,0.10387764620057702,-0.36866527528860166,,-3.4705988188467485,-1.1803690363616177,0.04076265614727153,0.9838921761998685,0.2613412228796844,0.591387245233399,0.3330046022353715,0.476848182388722,0.2314592597253007,-0.31197492719058173,-0.6920905966409036,0.9069767441860465,0.0016402500461147134,0.9983597499538853,0.4883720930232558,True,False,False,True,True,False,True,3,0.41815000061581326,True,True,True,True,False,False,False,True,False,False,False,True,True,REJECTED,OBSERVATION,5,passes_meta_probability|passes_meta_expected_return|passes_meta_rank,元模型盈利概率不足、元模型期望收益不足、元模型横截面排名不足
600900.SH,28.26,59408730.0,2026-08-04 14:30:00,0.0,7,-0.0353731871241547,-0.1060445387062514,0.1772421127259837,-0.0353731871241547,0.141643059490093,0.0353731871241658,0.0708215297450465,0.2124645892351395,0.3333333333333728,0.0353982300884903,0.4258339247693365,0.6666666666666765,0.0731294033714302,0.1283235616599775,0.0960747023044014,0.4285714285714285,0.5714285714285714,0.0526256660468265,0.0113782327797109,0.058518130505130696,-0.2122391227449505,0.1772421127259837,506405616.0,0.1173145165119969,0.2898723678451465,0.7418072869583445,28.89,29.05,3.9005,31.96,26.15,-0.3437607425232136,0.2069679199724117,0.6666666666666693,0.5156411137848008,0.8250257820556838,-0.1375042970092832,-1.4920311970159306,0.4147943311441526,2.4691358024691468,0.2415458937198078,9.91516232813765,0.4,0.3,0.55,1.4298420441288735,0.5889038806858625,-1.4920311970159306,2.3623297991830703,0.6499733551674883,0.970784446274337,4537179580.6,0.4161,0.64,19.6991,3.1189,710801724185.0001,710801724185.0001,0.6393816698295136,长江电力,公用事业,主板,20031118,,L,main_board,20260804,20260805,8295,False,14:30,28.26,-2.719449225473314,-2.180685358255452,-0.5507745266781439,13.092710544939834,8.068833652007656,True,0.1357773877647239,0.5144641683103222,0.2511505588428665,0.0946745562130177,2.940265893067273,0.2403860044494443,-0.2293285806112432,0.1101249178172255,0.3541847083767099,4.718850742904934,3.0378023959180265,121,0,-0.617972760829899,0.3076923076923077,-0.1832122733762042,0.1461538461538461,10,17.8999517600634,20.04284852075484,22.23557141841864,27.28965935892177,27.28965935892177,4.804021044733257,0.0,0.0130937576846239,0.1116124250768651,-2.8552266132380377,-2.1014764646434148,0.406570693337227,0.360454386102188,-7.446026525668504,1.7268591398663615,-0.8591720211974719,0.0983557683174415,-5.0238768929321775,-0.3801119242819396,-0.9761766953218902,2.4495288381530154,3.503990040258334e-05,0.21269045534686437,0.07097232079489361,1.2010659460271051,1.3812125414320018,-0.9710776906164351,0.753750148594623,0.0279421433267587,0.0764299802761341,0.930637738330046,0.831689677843524,0.8533859303090072,0.7248520710059172,0.6653517422748192,0.3063773833004602,0.2130177514792899,0.029585798816568,0.0588428665351742,0.9970414201183432,0.9723865877712032,120.0,True,2026-08-04 14:30:00,0.38798175543617874,0.3770286201055373,0.40043429633958333,0.43910936477496937,0.03867506843538604,0.9994109609774635,0.9929584440397764,0.9923735527684798,0.9917973849418287,0.442483945234092,0.43910936477496937,0.476848182388722,0.17875270063430465,0.14689753196022215,0.14309766421233372,0.15281463389327063,0.15281463389327063,0.0014555434605533768,0.0007498487440374957,-0.3260813340533544,-0.22096749225931966,-0.39390255395566054,-0.22144157949632054,-5.622596716678944,0.20933802988398875,-1.7909813425326462,-1.5307810422489236,0.0070374082089836535,-1.7909813425326462,0.3086785009861933,-0.7229199980159347,0.539776462853386,0.03976824457593689,wpv40-20260731-e60bb703,e60bb703becc859f189f,c081a525fd6c767f2c27,v40-1430-p0.54-e0.00-s0.35-f0.95-r0.95-x0.50-obs5,False,0,0,0.0,0.0,False,True,runtime_contract_missing,2.719449225473314,0.0013798531226502098,5.622596716678944,3042,0.9185671042778676,0.13577738776472387,2.940265893067273,0.5144641683103222,0.2511505588428665,0.09467455621301775,0.05719921104536489,0.12037126368161173,0.10387764620057702,-0.36866527528860166,,-3.6380163297511814,-1.2373086183562867,0.027942143326758713,0.9963839579224194,0.23438527284681132,0.539776462853386,0.2274819197896121,0.476848182388722,0.31229155931762065,-0.22144157949632054,-0.7229199980159347,0.8837209302325582,0.0016402500461147134,0.9983597499538853,0.4883720930232558,True,False,False,True,True,False,True,,0.35087246687504037,True,True,True,True,False,False,False,True,False,False,False,True,True,REJECTED,,,,
601658.SH,5.03,17760549.0,2026-08-04 14:30:00,0.0,7,0.0,0.0,0.199203187251018,-0.1984126984126977,0.3984063745019917,0.0,0.199203187251018,0.3984063745019917,0.5000000000000222,0.0,0.3984063745019917,0.5000000000000222,0.0260323489241987,0.1148956138765607,0.0568585830860054,0.1428571428571428,0.1428571428571428,0.0,0.0213219686572489,0.22499999987664818,-0.1988071570576677,0.199203187251018,123587904.0,0.1437078259697648,0.3461455985207096,1.1203555176844482,5.13,5.14,1.3895,5.65,4.63,-0.7722007722007707,0.0,0.3749999999999917,0.965250965250979,0.5791505791505668,-0.7722007722007707,-1.532567049808431,0.390625,0.9823182711198308,-0.7722007722007707,5.304542938624279,0.4,0.4,0.55,1.305698459760646,0.6795996980388302,-1.532567049808431,2.015320709947276,1.0635214407278386,1.2211638112472012,861698332.45,0.2457,0.9,7.0239,0.5979,617288574990.0,372792895084.0,1.0532181666202287,邮储银行,银行,主板,20191210,,L,main_board,20260804,20260805,2429,False,14:30,5.03,-2.140077821011665,-1.949317738791412,-0.1945525291828787,12.326043737574556,8.639308855291583,True,0.1357773877647239,0.5144641683103222,0.2511505588428665,0.0946745562130177,2.940265893067273,0.2403860044494443,-0.2293285806112432,0.1101249178172255,0.3541847083767099,4.718850742904934,3.0378023959180265,121,0,-2.375821018062385,0.0,0.0,0.4761904761904761,10,16.692490263517254,18.6324632422126,20.57441580618236,26.644288861327848,27.14860245814161,4.804021044733257,0.0,0.0206110982592977,0.1434236313868823,-2.275855208776389,0.2357431970507195,0.4285317678622613,0.199203187251018,-4.3222246675044484,0.7523316457767013,-1.077740179860319,0.14971788279788775,-3.6867348822829733,-0.3801119242819396,-2.0745587027914545,-0.7324734691041571,0.0,0.398406374502036,8.846398602590881e-15,0.3792446962629193,1.7337753855863811,-0.774030407978588,2.5115984058271086,0.0683760683760683,0.1025641025641025,0.935568704799474,0.7404667981591059,0.7781065088757396,0.8980933596318211,0.8445101906640368,0.2228796844181459,0.6896778435239974,0.0078895463510848,0.0351742274819197,0.9940828402366864,0.9227481919789612,120.0,True,2026-08-04 14:30:00,0.34396796700726706,0.3903178657725366,0.38196519543250584,0.35892602470145135,-0.023039170731054492,0.8188824488968864,0.9931099146002133,0.8132402788916003,0.7837359276865388,0.4413529851111738,0.35892602470145135,0.4095328408652686,0.18939656441273703,0.0754064124900765,0.05918768513293595,0.06696570192893093,0.06696570192893093,0.018529675879175173,0.03646118441234375,-0.5234276256843862,-0.3917984741890154,-0.47862275013631606,-0.47212133452685767,-5.622596716678944,0.0504097839355587,-1.4900715831402436,-1.2268535344063864,0.0056421700052860565,-1.4900715831402436,0.22616699539776464,-0.7521354004795443,0.3875739644970414,0.029166666666666674,wpv40-20260731-e60bb703,e60bb703becc859f189f,c081a525fd6c767f2c27,v40-1430-p0.54-e0.00-s0.35-f0.95-r0.95-x0.50-obs5,False,0,0,0.0,0.0,False,True,runtime_contract_missing,2.140077821011665,0.015595669396416822,5.622596716678944,3042,0.9185671042778676,0.13577738776472387,2.940265893067273,0.5144641683103222,0.2511505588428665,0.09467455621301775,0.05719921104536489,0.12037126368161173,0.10387764620057702,-0.36866527528860166,,-3.0586449252895327,-1.0402613357184398,0.06837606837606838,0.9132149901380671,0.19723865877712032,0.3875739644970414,0.502629848783695,0.4095328408652686,0.03919872058502785,-0.47212133452685767,-0.7521354004795443,0.8604651162790697,0.0016402500461147134,0.9983597499538853,0.4883720930232558,True,False,False,True,False,False,True,,0.8583874496959805,True,False,False,False,False,False,False,True,False,False,False,True,True,REJECTED,,,,
000651.SZ,40.63,39832424.22,2026-08-04 14:30:00,0.0,7,0.073891625615774,-0.0737825873093789,0.1232134056185385,0.0985464400098612,0.0985464400098612,0.0,0.0,0.2217294900221711,0.4444444444444532,0.222002960039469,0.4444444444444473,0.7222222222222375,0.1157232751320958,0.1245197459095248,0.0879571770041482,0.4285714285714285,0.2857142857142857,0.3601702314227678,0.0343130183925463,0.535784619422684,-0.14756517461878,0.222002960039469,329937758.9,0.1207270860807195,0.1841874112335798,0.7524483221702829,40.93,40.96,230.3931,45.06,36.86,-0.2836879432624006,-2.892366050260786,0.0364963503649664,0.2364066193853461,0.1182033096926814,-3.167848699763587,-3.5554509065222506,-1.6566626650660332,1.4112404060411032,0.936421882700844,5.025641025641003,0.6,0.5,0.6,1.268395166661732,0.7711290353664919,-3.5554509065222506,2.387573111578555,1.5590030566442814,1.3016691908220992,2138340037.367,1.4596,1.39,7.8625,1.5092,229433579151.0,226181506703.0,1.5187397248871035,格力电器,家用电器,主板,19961118,,L,main_board,20260804,20260805,10851,False,14:30,40.63,-0.8056640625,-0.7329587099926593,-0.0732421875,10.903273443268514,10.227889310906146,True,0.1357773877647239,0.5144641683103222,0.2511505588428665,0.0946745562130177,2.940265893067273,0.2403860044494443,-0.2293285806112432,0.1101249178172255,0.3541847083767099,4.718850742904934,3.0378023959180265,121,0,0.2284843869002184,0.5373134328358209,-0.212992545260926,0.1492537313432835,10,17.500191842583586,19.614414588272748,21.48329568197637,26.14460364089362,26.158879409098574,4.804021044733257,0.0,0.0186277315693189,0.154296207868914,-0.941441450264724,-1.0341484494002184,0.3525419862297818,0.3362059508794646,-3.6144006195999,1.1126188770927938,-1.1473729829531851,0.06912442723376705,-0.6753841323623675,-0.3801119242819396,-0.17726978481110262,0.9867067527854246,0.006621509100690788,0.222002960039469,0.09876543209877287,0.053683499267040476,0.989508970794596,-0.3201892225068857,-0.0927069991354944,0.3007889546351084,0.368836291913215,0.9142011834319528,0.960223537146614,0.8967784352399737,0.8665351742274819,0.8780407626561473,0.2465483234714004,0.9247205785667324,0.4151873767258383,0.0312294543063773,0.9881656804733728,0.6995397764628534,120.0,True,2026-08-04 14:30:00,0.3626380150586589,0.3650432997143576,0.391125277481161,0.4399887866734528,0.04886350919229182,0.9993275580455528,0.9933779958845625,0.9927100068435052,0.9920383275991334,0.4432198563933832,0.4399887866734528,0.476848182388722,0.1596515856232848,0.1694013493371492,0.1567600605515544,0.1747839658618281,0.1747839658618281,9.102672043242999e-05,0.0008730457375199507,-0.6478317742001494,-0.22446924295829673,-0.7089182861431005,-0.37343274103387375,-5.622596716678944,0.12380362509430515,-1.7591117540128547,-1.451478287095964,0.00661755120204771,-1.7591117540128547,0.032215647600262985,-0.7535422388363556,0.24983563445101906,0.10508711374095991,wpv40-20260731-e60bb703,e60bb703becc859f189f,c081a525fd6c767f2c27,v40-1430-p0.54-e0.00-s0.35-f0.95-r0.95-x0.50-obs5,False,0,0,0.0,0.0,False,True,runtime_contract_missing,0.8056640625,0.00015017137170747485,5.6225967166789435,3042,0.9185671042778676,0.13577738776472387,2.940265893067273,0.5144641683103222,0.2511505588428665,0.09467455621301775,0.05719921104536489,0.12037126368161173,0.10387764620057702,-0.36866527528860166,,-1.7242311667778676,-0.5864201502467373,0.30078895463510846,0.9996712689020382,0.13083497698882315,0.24983563445101906,0.20118343195266272,0.476848182388722,0.2314592597253007,-0.37343274103387375,-0.7535422388363556,0.8372093023255814,0.001,0.999,0.05813953488372093,True,False,False,True,True,False,True,,0.5493752563195703,True,True,True,True,False,False,False,True,False,False,False,True,True,REJECTED,,,,
600498.SH,34.56,30544793.0,2026-08-04 14:30:00,0.0,7,0.0579038795599284,0.0289435600578924,-0.7751937984496027,0.0579038795599284,0.1448016217781456,0.0578703703703498,0.0289603243556202,0.40638606676342,0.7857142857142785,-0.575373993095496,1.3933236574745989,0.2291666666666669,-0.3052553611189279,0.2635788603468951,0.181051118362119,0.4285714285714285,0.5714285714285714,-0.4553060178755708,-0.1842287454391508,0.8372702351854862,-0.9179575444635656,0.0579038795599284,265093716.0,0.1152226218745977,0.2098083117141864,0.6409684009425219,33.3,32.9,3.7909,36.19,29.61,-0.8763977032336223,0.3048780487804992,0.5156249999999969,1.873677848292549,1.6923541855545332,-0.574191598670315,2.6521060842433557,-4.803240740740755,-13.03198519693366,-9.86301369863014,-43.155829436892326,0.2,0.3,0.25,4.943411176439976,3.56455637785252,-42.14876033057852,7.012140648147502,0.5040577627527638,0.6125293075833194,3640129099.45,4.393,0.85,106.636,2.5429,44683710750.0,41836347350.0,0.6752457045888426,烽火通信,通信,主板,20010823,,L,main_board,20260804,20260805,9112,False,14:30,34.56,5.045592705167179,3.7837837837837895,1.2158054711246091,4.716435185185164,16.717325227963542,True,0.1357773877647239,0.5144641683103222,0.2511505588428665,0.0946745562130177,2.940265893067273,0.2403860044494443,-0.2293285806112432,0.1101249178172255,0.3541847083767099,4.718850742904934,3.0378023959180265,121,0,3.0195381882770933,0.8823529411764706,-0.3541076487252104,0.0784313725490196,10,17.234704819895285,19.39559397048801,22.015284985122708,24.457031352485867,24.52287485942217,4.804021044733257,0.0,0.0083911290411692,0.0728253610675659,4.909815317402455,2.0260545168900856,-0.5458652178383594,-0.4210861497243923,30.123844239958665,-2.6362333076891074,-0.5397039465157535,-0.3839430666248245,12.000890042778378,-0.3801119242819396,1.758750502802527,3.1539742391020527,0.07023060951117296,0.0289938335451988,-0.3773584905660369,4.600345025876907,-2.9410317558448096,1.6698541886905867,-2.883760800512369,0.9066403681788298,0.9000657462195923,0.0328731097961867,0.2130177514792899,0.0966469428007889,0.4513477975016436,0.299474030243261,0.044378698224852,0.0759368836291913,0.8487836949375411,0.8648915187376726,0.9046679815910584,0.0936883629191321,120.0,True,2026-08-04 14:30:00,0.31932327732909105,0.340933469756186,0.366757971743607,0.40272749962206805,0.03596952787846103,0.9994240892301296,0.9078622481602939,0.9073394005140196,0.887359498561498,0.44385540779328847,0.40272749962206805,0.476848182388722,0.17936811383753717,0.40696178507925074,0.4471712093317759,0.46133715082203264,0.46133715082203264,0.014981175876583014,0.033729915050270176,-1.768853418642552,-1.0740210398696768,-2.4500907269703625,-0.08847787017528796,-5.622596716678944,0.7675785025972174,-5.419138762338944,-4.806921432282692,0.09208468871610993,-5.419138762338944,0.09368836291913216,-0.7722094537415427,0.05161078238001315,0.002136752136752129,wpv40-20260731-e60bb703,e60bb703becc859f189f,c081a525fd6c767f2c27,v40-1430-p0.54-e0.00-s0.35-f0.95-r0.95-x0.50-obs5,False,0,0,0.0,0.0,False,True,runtime_contract_missing,5.045592705167179,0.008902511774176947,5.622596716678945,3042,0.9185671042778676,0.13577738776472387,2.940265893067273,0.5144641683103222,0.2511505588428665,0.09467455621301775,0.05719921104536489,0.12037126368161173,0.10387764620057702,-0.36866527528860166,,4.127025600889311,1.403623260950735,0.9066403681788298,0.9493754109138725,0.016765285996055226,0.05161078238001315,0.01413543721236029,0.476848182388722,0.3989810405552708,-0.08847787017528796,-0.7722094537415427,0.813953488372093,0.0016402500461147134,0.9983597499538853,0.4883720930232558,True,False,False,False,False,False,True,,0.3992977414082457,True,False,False,False,False,False,False,False,False,False,False,True,True,REJECTED,,,,
601816.SH,5.15,12865560.0,2026-08-04 14:30:00,0.0,7,-0.1937984496124034,0.0,-0.3868471953578201,-0.1937984496124034,0.19417475728154,0.0,0.0,0.19417475728154,0.0,-0.3868471953578201,0.3883495145631022,0.0,-0.1986604069110331,0.1843394216279296,0.1661131647725528,0.2857142857142857,0.5714285714285714,-0.333333333333329,-0.0484563798282406,0.43762095635543913,-0.3868471953578201,0.0,80734978.0,0.1593554654836222,0.2371540374978488,1.0747417119217793,5.21,5.22,1.0794,5.74,4.7,0.1949317738791478,1.5564202334630295,0.9090909090909032,0.1949317738791554,0.3898635477582763,1.754385964912264,0.1919385796545158,1.9531249999999776,4.609218436873741,5.668016194331971,12.258064516129007,0.8,0.6,0.65,1.0669174195384383,0.407519902748178,0.0,2.075032387153253,1.12524799466478,1.2187002199995638,925053948.05,0.4095,0.96,19.1296,1.2138,255392046468.0,255392046468.0,1.0644658175201456,京沪高铁,交通运输,主板,20200116,,L,main_board,20260804,20260805,2392,False,14:30,5.15,-1.3409961685823646,-1.151631477927051,-0.1915708812260441,11.456310679611637,9.57446808510638,True,0.1357773877647239,0.5144641683103222,0.2511505588428665,0.0946745562130177,2.940265893067273,0.2403860044494443,-0.2293285806112432,0.1101249178172255,0.3541847083767099,4.718850742904934,3.0378023959180265,121,0,-1.4658149171270618,0.135593220338983,-0.1339496722336242,0.1525423728813559,10,16.370064609432042,18.20668248418759,20.64536261707326,26.26606563859166,26.26606563859166,4.804021044733257,0.0,0.0139079023738241,0.0872759671694695,-1.4767735563470883,0.1248187485446972,-0.1575186147465768,-0.2528975231241959,-7.648846079255266,4.320126705652388,-1.1314242528300942,-0.2823352687630786,-1.8818425945052564,-0.3801119242819396,-1.6736789467555235,-0.4293355647825433,0.007068509093985593,0.0,-0.1941747572815511,0.2206190570741367,-2.098559233513447,-0.5022585065619777,1.6015923048917855,0.1847468770545693,0.2636423405654174,0.2656147271531887,0.3422090729783038,0.230111768573307,0.7537804076265615,0.4523339907955293,0.4878369493754109,0.7429322813938198,0.0279421433267587,0.0105193951347797,0.990138067061144,0.809335963182117,120.0,True,2026-08-04 14:30:00,0.33416769907519117,0.4409130731484192,0.3763497590334901,0.34609717353603164,-0.030252585497458462,0.8026811027098542,0.9932032670456828,0.7972254936072585,0.7881088916500179,0.43412707735928396,0.34609717353603164,0.4095328408652686,0.16759448728734808,0.10700084088288973,0.094799127724266,0.09075940729184918,0.094799127724266,0.010008284041008425,0.011374944531057085,-0.26536481399736805,-0.24179920592458476,-0.26519577911062714,-0.5174631878426644,-5.622596716678944,0.04794370779148373,-1.6635596470928897,-1.3645854284466894,0.005455609102595697,-1.6635596470928897,0.5652531229454306,-0.7952907718136115,0.4612097304404997,0.06866370808678499,wpv40-20260731-e60bb703,e60bb703becc859f189f,c081a525fd6c767f2c27,v40-1430-p0.54-e0.00-s0.35-f0.95-r0.95-x0.50-obs5,False,0,0,0.0,0.0,False,True,runtime_contract_missing,1.3409961685823646,0.008748504286239078,5.622596716678944,3042,0.9185671042778676,0.13577738776472387,2.940265893067273,0.5144641683103222,0.2511505588428665,0.09467455621301775,0.05719921104536489,0.12037126368161173,0.10387764620057702,-0.36866527528860166,,-2.259563272860232,-0.7684894343018295,0.18474687705456935,0.908284023668639,0.3320184089414859,0.4612097304404997,0.3609467455621302,0.4095328408652686,0.03919872058502785,-0.5174631878426644,-0.7952907718136115,0.7906976744186046,0.0016402500461147134,0.9983597499538853,0.4883720930232558,True,False,False,True,False,False,True,,0.9691237809087733,True,False,False,False,False,False,False,True,False,False,False,True,True,REJECTED,,,,
600011.SH,7.2,11968758.0,2026-08-04 14:30:00,0.0,7,-0.1386962552011095,0.0,0.0,-0.1386962552011095,0.1388888888888884,0.0,0.0,0.2781641168289273,0.5,0.0,0.2781641168289273,0.5,0.019494903118522,0.138921158193744,0.1190752529416193,0.4285714285714285,0.4285714285714285,0.0,0.0347325785534619,0.5105431360523955,-0.1388888888888884,0.1390820584144636,72710272.0,0.1646089014768092,0.2429114004689736,0.9548689701918064,7.31,7.29,5.5835,8.02,6.56,0.0,1.3908205841446364,0.9166666666666684,0.1390820584144615,0.1390820584144739,1.3908205841446586,1.673640167364021,1.2499999999999956,2.1008403361344685,-1.8842530282637937,3.9942938659058624,0.8,0.7,0.55,2.5213628251826257,1.3047548268474565,-1.8842530282637937,1.7008118628510904,0.8753532113440752,0.754433993347122,1004237918.6,1.1012,1.19,8.2208,1.6335,114439100886.0,80173305171.0,0.8518933972846477,华能国际,公用事业,主板,20011206,,L,main_board,20260804,20260805,9007,False,14:30,7.2,-1.2345679012345625,-1.5047879616962967,0.274348422496562,11.388888888888872,9.756097560975618,True,0.1357773877647239,0.5144641683103222,0.2511505588428665,0.0946745562130177,2.940265893067273,0.2403860044494443,-0.2293285806112432,0.1101249178172255,0.3541847083767099,4.718850742904934,3.0378023959180265,121,0,-0.617972760829899,0.3076923076923077,-0.1832122733762042,0.1461538461538461,10,16.297810396303134,18.10199323926092,20.72749480185573,25.107456443194,25.46330864846516,4.804021044733257,0.0,0.0119182494290651,0.0724034321481953,-1.3703452889992862,-0.6165951404046632,0.2293285806112432,0.1832122733762042,-1.893453529771394,0.833216193699652,-0.6820305611989267,0.0,-1.632791327913253,-0.3801119242819396,-0.9761766953218902,0.9192106645777037,0.0,0.1390820584144636,0.0,-0.41283620348319594,0.0,-0.46606168926094904,0.753750148594623,0.205456936226167,0.1906640368178829,0.8154174884944115,0.7404667981591059,0.7659434582511505,0.6679815910585142,0.2965154503616042,0.2794214332675871,0.480276134122288,0.279750164365549,0.3471400394477317,0.9493754109138725,0.7961867192636424,120.0,True,2026-08-04 14:30:00,0.3033577084398118,0.3853391429244343,0.35494683621299206,0.2582047822076087,-0.09674205400538338,0.5882648176250023,0.993461246666972,0.5844182990880536,0.5551134079958602,0.44181501949976626,0.2582047822076087,0.4093621607987263,0.141940802743646,0.1113810499228795,0.06785041476510764,0.06893964228351943,0.06893964228351943,0.016889232313662475,0.03695418622400565,-0.48843767173650177,-0.25070999918937975,-0.31759755101188525,-0.41474124123831224,-5.622596716678944,0.07838028523042298,-1.7990195459530804,-1.4430959613172942,0.0038465185369485934,-1.7990195459530804,0.06114398422090729,-0.8092799171195161,0.4352399737015122,0.0013560157790927507,wpv40-20260731-e60bb703,e60bb703becc859f189f,c081a525fd6c767f2c27,v40-1430-p0.54-e0.00-s0.35-f0.95-r0.95-x0.50-obs5,False,0,0,0.0,0.0,False,True,runtime_contract_missing,1.2345679012345625,0.013426706197306182,5.622596716678944,3042,0.9185671042778676,0.13577738776472387,2.940265893067273,0.5144641683103222,0.2511505588428665,0.09467455621301775,0.05719921104536489,0.12037126368161173,0.10387764620057702,-0.36866527528860166,,-2.1531350055124303,-0.7322926170008008,0.205456936226167,0.8813280736357659,0.2807363576594346,0.4352399737015122,0.4881656804733728,0.4093621607987263,0.03919872058502785,-0.41474124123831224,-0.8092799171195161,0.7674418604651163,0.0016402500461147134,0.9983597499538853,0.4883720930232558,True,False,False,True,False,False,True,,1.1228238119786094,True,False,False,False,False,False,False,True,False,False,False,True,True,REJECTED,,,,
601668.SH,4.65,18721979.0,2026-08-04 14:30:00,0.0,7,0.2155172413793149,0.0,0.0,0.0,0.2155172413793149,0.0,0.2155172413793149,0.2155172413793149,1.0,0.0,0.4310344827586299,0.5000000000000222,0.0443110117603673,0.1242950467557537,0.0615100960314613,0.1428571428571428,0.1428571428571428,0.0,-0.0153775240078587,0.16666666668067198,-0.2150537634408755,0.2155172413793149,110672813.0,0.1691651137483963,0.3722679480461023,1.999622796223875,4.75,4.76,2.5186,5.24,4.28,-0.2127659574468032,1.492537313432818,1.0,0.0,0.2127659574468228,1.2765957446808418,0.8474576271186418,2.586206896551735,2.807775377969768,2.3655913978494425,11.454029824798706,0.6,0.4,0.6,1.051448140321008,0.4089135363786529,0.0,1.757102086744336,1.098630410159828,1.094329325095092,1306183652.6,0.7324,0.97,5.1843,0.3965,196685058304.0,196685058304.0,1.0722573183318815,中国建筑,建筑装饰,主板,20090729,,L,main_board,20260804,20260805,6215,False,14:30,4.65,-2.310924369747891,-2.1052631578947323,-0.2100840336134446,12.68817204301076,8.644859813084116,True,0.1357773877647239,0.5144641683103222,0.2511505588428665,0.0946745562130177,2.940265893067273,0.2403860044494443,-0.2293285806112432,0.1101249178172255,0.3541847083767099,4.718850742904934,3.0378023959180265,121,0,0.0,0.4731182795698925,-0.1851851851851993,0.1290322580645161,10,16.74520879265132,18.52208878486268,20.99037548088507,26.00486959761073,26.00486959761073,4.804021044733257,0.0,0.0143333435254172,0.0847299020927893,-2.446701757512615,-2.310924369747891,0.2293285806112432,0.1851851851851993,-8.646254446828937,2.6703888383049983,-1.0095994230023027,0.0,-4.043312229926643,-0.3801119242819396,-0.40188172043011383,2.377844132179588,-0.0,0.4310344827586298,9.570888143320519e-15,0.4422821760283035,0.0,-0.8321362238978414,0.13577738776472392,0.0548980933596318,0.0871137409598948,0.8154174884944115,0.7404667981591059,0.8136094674556213,0.7695595003287311,0.4240631163708087,0.3287310979618671,0.7195923734385273,0.1226166995397764,0.0085470085470085,0.984878369493754,0.950361604207758,120.0,True,2026-08-04 14:30:00,0.33562205367302217,0.37334136745998947,0.3772187739798266,0.35012317960227035,-0.027095594377556265,0.7963644952687079,0.993026536257872,0.7908110763354335,0.7353254779418099,0.44273934708238805,0.35012317960227035,0.4095328408652686,0.160793748398321,0.06843898438646294,0.05577252645562287,0.05967572583923711,0.05967572583923711,0.030284067708473666,0.06830362018341929,-0.3935824982307182,-0.30011312022420755,-0.3600195778027343,-0.5112444839298462,-5.622596716678944,0.03955712522395269,-1.4326156619329948,-1.2573103354820319,0.005553418933274431,-1.4326156619329948,0.33004602235371466,-0.8154637747548973,0.5749506903353058,0.011291913214990124,wpv40-20260731-e60bb703,e60bb703becc859f189f,c081a525fd6c767f2c27,v40-1430-p0.54-e0.00-s0.35-f0.95-r0.95-x0.50-obs5,False,0,0,0.0,0.0,False,True,runtime_contract_missing,2.310924369747891,0.02459711879221843,5.622596716678944,3042,0.9185671042778676,0.13577738776472387,2.940265893067273,0.5144641683103222,0.2511505588428665,0.09467455621301775,0.05719921104536489,0.12037126368161173,0.10387764620057702,-0.36866527528860166,,-3.2294914740257585,-1.098367151637693,0.05489809335963182,0.9095989480604865,0.252465483234714,0.5749506903353058,0.5624589086127547,0.4095328408652686,0.03919872058502785,-0.5112444839298462,-0.8154637747548973,0.7441860465116279,0.0016402500461147134,0.9983597499538853,0.4883720930232558,True,False,False,True,False,False,True,,1.0622001186111398,True,False,False,False,False,False,False,True,False,False,False,True,True,REJECTED,,,,
600941.SH,96.56,48213228.0,2026-08-04 14:30:00,0.0,7,0.0,-0.0103551827689618,0.0829187396351516,0.0,0.228121111571955,0.1035625517812777,0.1244296972210845,0.228121111571955,0.545454545454569,-0.1447776628748731,0.4462432544624306,0.4651162790697666,0.013039183001573,0.1264245207367806,0.0946891109772567,0.2857142857142857,0.5714285714285714,-0.218583840923467,-0.020318332749806,0.13616728850246398,-0.3927242662257191,0.1867607387424863,203176651.0,0.2372970898117619,0.2372970898117619,1.691166465442673,98.82,98.97,1.238,108.87,89.07,-0.0102658864592819,1.611909650924015,0.837037037037038,0.4516990042090111,0.7083461656914197,1.60147828765016,0.273556231003047,1.7163412127441102,4.852208920436496,3.3089770354906234,12.4659090909091,0.8,0.6,0.75,1.13304870434619,0.4682917981456874,0.0,2.366772297864226,1.2617999643553883,1.3651915844349,1251404569.35,1.7714,1.0,15.8022,1.5084,2146035422811.0,89346939063.00002,1.20641277105808,中国移动,通信,主板,20220105,,L,main_board,20260804,20260805,1672,False,14:30,96.56,-2.4350813377791214,-2.2869864399919004,-0.1515610791148924,12.74855012427507,8.409116425283504,True,0.1357773877647239,0.5144641683103222,0.2511505588428665,0.0946745562130177,2.940265893067273,0.2403860044494443,-0.2293285806112432,0.1101249178172255,0.3541847083767099,4.718850742904934,3.0378023959180265,121,0,3.0195381882770933,0.8823529411764706,-0.3541076487252104,0.0784313725490196,10,17.691144001944327,19.129586365492106,20.94753241371141,25.215792820147463,28.394643266436987,4.804021044733257,0.0,0.0385272909983401,0.1623588853487512,-2.5708587255438453,-5.454619526056215,0.3122473202463949,0.437026388360362,-7.613700170472605,4.2824363170128645,-1.2028326990861489,0.0820874568739076,-4.3394336989915665,-0.3801119242819396,1.758750502802527,3.7447371340433837,0.0006047542246543578,0.2076278841822931,-0.015566625155666558,0.3466181327662985,0.6558754516284918,-0.8743626661811651,-2.8837608005123694,0.0473372781065088,0.061801446416831,0.9036817882971728,0.4697567389875082,0.7504930966469427,0.9769888231426692,0.9000657462195923,0.5157790927021696,0.8395792241946088,0.5131492439184747,0.0154503616042077,0.9543063773833004,0.9529914529914528,120.0,True,2026-08-04 14:30:00,0.3558306980754281,0.3586903286622186,0.3880159676300852,0.4393988865105434,0.05138291888045815,0.9977102209578679,0.9930302871998583,0.9907564672600256,0.9903117626434098,0.4434983782903962,0.4393988865105434,0.476848182388722,0.16620850388671007,0.20928976881381042,0.19359387899755517,0.21430894568148057,0.21430894568148057,0.00012434824717930115,0.0005734010624169339,-0.5673491115768625,-0.4532687586301473,-0.6315403772276219,-0.393434641753555,-5.622596716678944,0.04699993428124405,-1.9690973688714224,-1.6849988520375052,0.0069537536978422475,-1.9690973688714224,0.27202498356344507,-0.9095877123983982,0.40105193951347795,0.06812130177514791,wpv40-20260731-e60bb703,e60bb703becc859f189f,c081a525fd6c767f2c27,v40-1430-p0.54-e0.00-s0.35-f0.95-r0.95-x0.50-obs5,False,0,0,0.0,0.0,False,True,runtime_contract_missing,2.4350813377791214,0.00019330203487538666,5.622596716678944,3042,0.9185671042778676,0.13577738776472387,2.940265893067273,0.5144641683103222,0.2511505588428665,0.09467455621301775,0.05719921104536489,0.12037126368161173,0.10387764620057702,-0.36866527528860166,,-3.353648442056989,-1.1405935939210168,0.047337278106508875,0.997370151216305,0.15055884286653518,0.40105193951347795,0.16272189349112426,0.476848182388722,0.32157945330163373,-0.393434641753555,-0.9095877123983982,0.7209302325581395,0.0016402500461147134,0.9983597499538853,0.4883720930232558,True,False,False,True,True,False,True,,0.6856562268066935,True,True,True,True,False,False,False,True,False,False,False,True,True,REJECTED,,,,
600309.SH,73.71,21565523.0,2026-08-04 14:30:00,0.0,7,0.1086513649327658,0.0,-0.0542372881356056,0.1086513649327658,0.2173027298655538,0.1085334418667871,0.0,0.2445319929357481,0.555555555555503,-0.1490111081007827,0.2852873250916987,0.4761904761904633,-0.0140602385843791,0.0717422813246912,0.0562028762506232,0.2857142857142857,0.5714285714285714,-0.379040692814697,-0.022771497111878,0.5885452936275816,-0.1897790429713941,0.1086513649327658,202651729.0,0.1064166740960793,0.2492878163403185,0.6453270304314364,74.49,75.3,42.7418,82.83,67.77,-0.3086833982015924,1.3731825525040264,0.7683823529411741,0.8455240907260899,1.4360488525030295,1.0602603677358768,-1.6457680250783646,1.0873942811115755,1.550910316925136,4.597860814001953,6.02647141650241,0.8,0.7,0.6,2.0677905763536484,1.0441951928151598,-1.6457680250783646,3.1546132480560085,0.8293964458783256,0.932145437019288,3066392712.0,1.0848,0.92,17.9083,2.116,235724511480.0,235724511480.0,0.795669585882146,万华化学,基础化工,主板,20010105,,L,main_board,20260804,20260805,9342,False,14:30,73.71,-2.1115537848605648,-1.0471204188481686,-1.0756972111553798,12.37281237281238,8.764940239043817,True,0.1357773877647239,0.5144641683103222,0.2511505588428665,0.0946745562130177,2.940265893067273,0.2403860044494443,-0.2293285806112432,0.1101249178172255,0.3541847083767099,4.718850742904934,3.0378023959180265,121,0,0.0954198473282375,0.5135135135135135,-0.268817204301075,0.0733590733590733,10,16.886606486400915,19.12699944788841,21.8437676956255,26.185929635885355,26.185929635885355,4.804021044733257,0.0,0.0070328640280175,0.0660879893847073,-2.2473311726252887,-2.2069736321888023,0.1750912924756376,0.2145799161654693,-4.475561099577274,0.7500325877584849,-0.8660574476345807,-0.027006870082857994,-3.607872133768563,-0.3801119242819396,-0.3681972506153779,2.227060987216101,0.005079925142525435,0.00011792306597870061,-0.006792555359329841,1.1263845142988282,-0.7560017208002976,-0.764329232238545,0.04035754043648643,0.0723208415516107,0.2889546351084812,0.7258382642998028,0.272189349112426,0.6637080867850098,0.3376068376068376,0.2215647600262985,0.252465483234714,0.4247205785667324,0.2684089414858646,0.2034845496383958,0.9891518737672584,0.928007889546351,120.0,True,2026-08-04 14:30:00,0.38466848884105487,0.3663081555896965,0.3994170578528758,0.4393401591314185,0.039923101278542705,0.999286647059475,0.9920991107944814,0.991391393976504,0.9906063501953002,0.4431551068536216,0.4393401591314185,0.476848182388722,0.17446617877138523,0.16722709025745858,0.1880897064090314,0.17368275120394755,0.1880897064090314,0.0014435293760394208,0.0010297416820262417,-0.3659696327926922,-0.47350202301827277,-0.4414901201064649,-0.4215758337787588,-5.622596716678944,0.08009464807427008,-2.368873275519798,-2.0394924729183477,0.00789525308297105,-2.368873275519798,0.2572320841551611,-0.9375816106476568,0.48750821827744906,0.09820841551610779,wpv40-20260731-e60bb703,e60bb703becc859f189f,c081a525fd6c767f2c27,v40-1430-p0.54-e0.00-s0.35-f0.95-r0.95-x0.50-obs5,False,0,0,0.0,0.0,False,True,runtime_contract_missing,2.1115537848605648,0.0014836125857848326,5.622596716678944,3042,0.9185671042778676,0.13577738776472387,2.940265893067273,0.5144641683103222,0.2511505588428665,0.09467455621301775,0.05719921104536489,0.12037126368161173,0.10387764620057702,-0.36866527528860166,,-3.0301208891384324,-1.0305601599783967,0.07232084155161078,0.9967126890203813,0.21367521367521367,0.48750821827744906,0.1893491124260355,0.476848182388722,0.32157945330163373,-0.4215758337787588,-0.9375816106476568,0.6976744186046512,0.0016402500461147134,0.9983597499538853,0.4883720930232558,True,False,False,True,True,False,True,,0.7370532327853856,True,True,True,True,False,False,False,True,False,False,False,True,True,REJECTED,,,,
600031.SH,19.57,21095343.0,2026-08-04 14:30:00,0.0,7,0.1023017902813228,0.0511247443762963,0.0,0.1023017902813228,0.1534526854219731,0.051098620337231,0.0,0.1534526854219731,0.6666666666667062,0.0,0.2557544757033181,0.3999999999999858,0.0188333624606018,0.088512990352087,0.073009248582025,0.4285714285714285,0.4285714285714285,0.0,-0.0200730657140274,0.3687958160982807,-0.2041858090862658,0.1023017902813228,141142755.0,0.1494610403488298,0.1638430963034553,1.028690881977598,20.11,20.2,54.155,22.22,18.18,-0.4866180048661905,-1.2224938875305624,0.4181818181818184,0.3406326034063274,1.119221411192216,-1.703163017031628,-3.024483917426779,-0.9803921568627416,4.123711340206193,3.2719836400818103,7.960365119878188,0.6,0.6,0.5,2.098669166164592,0.8655390174694357,-3.024483917426779,3.260689066218294,0.9032459775264016,1.0779192013572931,1737643744.95,0.9197,0.87,22.0608,2.0507,185739088880.0,171182678000.0,0.8728539295984512,三一重工,机械设备,主板,20030703,,L,main_board,20260804,20260805,8433,False,14:30,19.57,-3.1188118811881105,-2.6852312282446555,-0.4455445544554459,13.54113438937148,7.645764576457648,True,0.1357773877647239,0.5144641683103222,0.2511505588428665,0.0946745562130177,2.940265893067273,0.2403860044494443,-0.2293285806112432,0.1101249178172255,0.3541847083767099,4.718850742904934,3.0378023959180265,121,0,0.4975034730907879,0.576271186440678,-0.2444590665522494,0.0932203389830508,10,16.864562910589413,18.765282390057383,21.275795863463177,25.86599711563432,25.947608777936058,4.804021044733257,0.0,0.0121402002345463,0.0812265203441119,-3.2545892689528344,-3.6163153542788975,0.2293285806112432,0.2444590665522494,-3.8366537796719946,1.9649172945836206,-0.9966926810131812,0.0,-5.895369812913833,-0.3801119242819396,-0.027057635850273765,3.4306881445543063,-0.0,0.051203169944091804,-0.02557544757033544,1.1963901511981148,0.0,-1.106903044594263,-0.3617260853260631,0.014792899408284,0.0312294543063773,0.8154174884944115,0.7404667981591059,0.7633136094674556,0.6794871794871795,0.3879026955950033,0.4446088099934254,0.5164365548980934,0.1949375410913872,0.2136752136752136,0.9829059829059827,0.9858645627876396,120.0,True,2026-08-04 14:30:00,0.35777556376467823,0.36069145431142563,0.3889310816274051,0.43956702996500163,0.05063594833759655,0.998498774642309,0.9928032575063923,0.9913128360810255,0.9909639152751543,0.44341908423454873,0.43956702996500163,0.476848182388722,0.1606923928548452,0.1707445788804225,0.1922308187108519,0.1764472312966955,0.1922308187108519,0.00017985311770646328,0.0004402306357003116,-0.6605816139998343,-0.4211527551942479,-0.7267831499981974,-0.4259926966682165,-5.622596716678944,0.2712883463055358,-2.3298402994180427,-1.9793346350324033,0.007185938561283512,-2.3298402994180427,0.1858974358974359,-0.9418196909971874,0.3507560815253123,0.0010190664036817954,wpv40-20260731-e60bb703,e60bb703becc859f189f,c081a525fd6c767f2c27,v40-1430-p0.54-e0.00-s0.35-f0.95-r0.95-x0.50-obs5,False,0,0,0.0,0.0,False,True,runtime_contract_missing,3.1188118811881105,0.00022254261587323354,5.622596716678944,3042,0.9185671042778676,0.13577738776472387,2.940265893067273,0.5144641683103222,0.2511505588428665,0.09467455621301775,0.05719921104536489,0.12037126368161173,0.10387764620057702,-0.36866527528860166,,-4.037378985465978,-1.3731339723341145,0.014792899408284023,0.9986850756081526,0.12721893491124261,0.3507560815253123,0.18408941485864563,0.476848182388722,0.32157945330163373,-0.4259926966682165,-0.9418196909971874,0.6744186046511628,0.0016402500461147134,0.9983597499538853,0.4883720930232558,True,False,False,True,True,False,True,,0.7647259096283316,True,True,True,True,False,False,False,True,False,False,False,True,True,REJECTED,,,,
600028.SH,5.1,20427537.0,2026-08-04 14:30:00,0.0,7,0.1964636542239661,0.0,0.0,0.1964636542239661,0.1964636542239661,0.0,0.0,0.3929273084479545,0.4999999999999778,-0.1956947162426781,0.5893909626719207,0.3333333333333235,-0.0186691003411065,0.1353602620849788,0.0840611831575791,0.1428571428571428,0.2857142857142857,-0.3328977455556905,-0.035007184970342,0.446253211954914,-0.391389432485334,0.1964636542239661,291381237.0,0.0701058764466704,0.4230536951148985,0.653717311033477,5.26,5.28,4.6528,5.81,4.75,-0.3802281368821214,0.7633587786259444,0.5,0.95057034220532,0.1901140684410606,0.3802281368821436,0.189753320683117,2.1276595744680997,2.524271844660197,0.7633587786259666,9.5435684647303,0.6,0.5,0.5,1.513083680529555,0.5667696454900483,0.0,1.8049175287329464,0.7911982576157756,0.8812849431793975,1459520353.95,0.2305,0.89,17.9597,0.7664,638486714976.0,500293070112.00006,0.7566804543365505,中国石化,石油石化,主板,20010808,,L,main_board,20260804,20260805,9127,False,14:30,5.1,-3.409090909090917,-3.041825095057038,-0.3787878787878895,13.921568627450975,7.36842105263158,True,0.1357773877647239,0.5144641683103222,0.2511505588428665,0.0946745562130177,2.940265893067273,0.2403860044494443,-0.2293285806112432,0.1101249178172255,0.3541847083767099,4.718850742904934,3.0378023959180265,121,0,-0.5050505050505083,0.358974358974359,-0.2531645569620266,0.1282051282051282,10,16.832394450476695,19.49014306392844,21.10137369468397,26.938459903881515,27.182366705588606,4.804021044733257,0.0,0.0139960617505028,0.199641776979276,-3.544868296855641,-2.904040404040409,0.2293285806112432,0.2531645569620266,-7.019296620070103,1.6682962595807935,-0.6816431662001216,0.0,-6.553147574819396,-0.3801119242819396,-0.882086443795307,3.208495092885556,0.005200551462636051,0.1964636542239661,-0.09823182711199259,1.1522064754004258,0.0,-1.205628479116101,0.6408278928152322,0.0078895463510848,0.0174227481919789,0.8154174884944115,0.3770545693622616,0.6538461538461539,0.7570677186061802,0.9539776462853384,0.3091715976331361,0.3681788297172912,0.0065746219592373,0.0713346482577251,0.995397764628534,0.9927679158448388,120.0,True,2026-08-04 14:30:00,0.3689952131297256,0.34148723042440454,0.39379359211757425,0.4390822187393226,0.045288626621748374,0.9963102857502751,0.9929131320728138,0.9892495663406659,0.9884129587372827,0.4438538400006908,0.4390822187393226,0.476848182388722,0.17010056005683205,0.11512605778826934,0.09020651988134878,0.12094912215116518,0.12094912215116518,0.00047280536375629567,0.0010736364328716164,-0.4571365404721709,-0.38224517925810164,-0.5226570676982136,-0.4399155250788871,-5.622596716678944,0.05639520783759128,-1.6464548810980009,-1.3320551008363817,0.007060719409609301,-1.6464548810980009,0.5338593030900723,-0.9430861567007742,0.613740959894806,0.028032544378698177,wpv40-20260731-e60bb703,e60bb703becc859f189f,c081a525fd6c767f2c27,v40-1430-p0.54-e0.00-s0.35-f0.95-r0.95-x0.50-obs5,False,0,0,0.0,0.0,False,True,runtime_contract_missing,3.409090909090917,0.00036959422335042236,5.622596716678944,3042,0.9185671042778676,0.13577738776472387,2.940265893067273,0.5144641683103222,0.2511505588428665,0.09467455621301775,0.05719921104536489,0.12037126368161173,0.10387764620057702,-0.36866527528860166,,-4.327658013368785,-1.4718594068559527,0.007889546351084813,0.9960552268244576,0.18080210387902695,0.613740959894806,0.28895463510848124,0.476848182388722,0.31229155931762065,-0.4399155250788871,-0.9430861567007742,0.6511627906976745,0.0016402500461147134,0.9983597499538853,0.4883720930232558,True,False,False,True,True,False,True,,0.8019045519924906,True,True,True,True,False,False,False,True,False,False,False,True,True,REJECTED,,,,
601919.SH,15.41,16274078.0,2026-08-04 14:30:00,0.0,7,-0.1296176279974026,-0.0648508430609595,0.3255208333333481,-0.1296176279974026,0.1948051948051921,0.0,0.0649350649350566,0.1948051948051921,0.3333333333333333,0.1299545159194171,0.6523157208088604,0.8000000000000036,0.1905956158741339,0.2242189437190294,0.1670726594994718,0.4285714285714285,0.5714285714285714,0.1110467646768739,0.0371073036100014,0.15820448879293555,-0.3893575600259602,0.3908794788273662,231309502.0,0.0703562882600473,0.2686759318689813,0.4274235385922419,15.62,15.72,2.4723,17.29,14.15,-0.0639795265515164,0.6402048655569814,0.7777777777777821,0.2559181062060086,0.2559181062060086,0.5758157389635254,0.1273885350318471,1.093247588424462,2.6779882429784463,5.291359678499674,12.44635193133048,0.8,0.7,0.65,0.9966979261699528,0.3067325098057736,0.0,1.5195284253090553,0.9857786017522232,1.017363660043896,1347007848.05,0.6746,0.94,9.5812,1.0184,240014893010.0,197388761090.0,0.9342519821348196,中远海控,交通运输,主板,20070626,,L,main_board,20260804,20260805,6979,False,14:30,15.41,-1.9720101781170565,-1.3444302176696454,-0.6361323155216425,12.199870214146657,8.904593639575964,True,0.1357773877647239,0.5144641683103222,0.2511505588428665,0.0946745562130177,2.940265893067273,0.2403860044494443,-0.2293285806112432,0.1101249178172255,0.3541847083767099,4.718850742904934,3.0378023959180265,121,0,-1.4658149171270618,0.135593220338983,-0.1339496722336242,0.1525423728813559,10,16.60508415459589,19.25926721152847,21.0211515614178,26.0084410276289,26.20396681257562,4.804021044733257,0.0,0.0120816504696384,0.1717209757425362,-2.10778756588178,-0.5061952609899945,0.5548494139445914,0.4594705055669723,-9.768363688352032,2.686860454570472,-0.8456426843013598,0.11584345636578391,-3.2952765745706927,-0.3801119242819396,-1.6736789467555235,1.0329337234416314,0.0006519046957892178,0.4558145437624228,0.19569471624266047,0.8552355074234574,1.4517989779724452,-0.7168697126513769,1.6015923048917857,0.0857988165680473,0.2238658777120315,0.9608809993425378,0.853714661406969,0.9372123602892832,0.6765285996055227,0.920447074293228,0.3208415516107823,0.6120973044049968,0.1035502958579881,0.004930966469428,0.985207100591716,0.9128862590401052,120.0,True,2026-08-04 14:30:00,0.3603608237086835,0.39797091761089853,0.39011431257451984,0.4341156304759197,0.04400131790139988,0.9933909010933583,0.9919410915621237,0.9853852547784275,0.9837791560347509,0.44055421813018136,0.4341156304759197,0.476848182388722,0.15666559083729062,0.09063769524135049,0.04546573293101391,0.09731869473285838,0.09731869473285838,0.0010393721518393295,0.0021107007709341707,-0.41518410890423446,-0.2532334768005642,-0.48849343763855435,-0.4426603809677064,-5.622596716678944,0.06507079494689316,-1.6194450417376067,-1.2560540112343537,0.008005646314930772,-1.6194450417376067,0.5825115055884287,-0.9481479139408594,0.49145299145299143,0.06343688362919137,wpv40-20260731-e60bb703,e60bb703becc859f189f,c081a525fd6c767f2c27,v40-1430-p0.54-e0.00-s0.35-f0.95-r0.95-x0.50-obs5,False,0,0,0.0,0.0,False,True,runtime_contract_missing,1.9720101781170565,0.0010880152683293565,5.6225967166789435,3042,0.9185671042778676,0.13577738776472387,2.940265893067273,0.5144641683103222,0.2511505588428665,0.09467455621301775,0.05719921104536489,0.12037126368161173,0.10387764620057702,-0.36866527528860166,,-2.890577282394924,-0.9831006403912286,0.08579881656804733,0.9786324786324786,0.19395134779750164,0.49145299145299143,0.35404339250493094,0.476848182388722,0.31229155931762065,-0.4426603809677064,-0.9481479139408594,0.627906976744186,0.0016402500461147134,0.9983597499538853,0.4883720930232558,True,False,False,True,True,False,True,,0.8279052218347983,True,True,True,True,False,False,False,True,False,False,False,True,True,REJECTED,,,,
601166.SH,18.57,25337282.0,2026-08-04 14:30:00,0.0,7,-0.1075847229693338,-0.2149382052659798,0.0538793103448398,-0.1612903225806539,0.1615508885298933,0.0,0.0,0.2154011847065096,0.0,-0.1612903225806539,0.3234501347708862,0.3333333333333333,-0.0627766204828184,0.1418416018435194,0.1152838830965509,0.4285714285714285,0.5714285714285714,-0.2000286238982175,-0.0057567494108894,0.012607174811505244,-0.2686727565824887,0.0538793103448398,228913849.0,0.1106847930375763,0.2719426075440285,0.7686980604796055,19.0,19.1,5.9861,21.01,17.19,0.0,1.0582010582010692,1.0,0.0,0.6878306878306827,1.0582010582010914,0.0,2.743410435718152,4.371584699453557,4.14394765539805,11.630625365283477,0.6,0.6,0.6,1.3282468193183286,0.592704593297714,0.0,2.160555757111763,0.9121675787627874,1.1780724020393047,2031374663.1,0.4614,0.78,5.2153,0.487,404210616450.00006,404210616450.00006,0.867065058067426,兴业银行,银行,主板,20070205,,L,main_board,20260804,20260805,7120,False,14:30,18.57,-2.774869109947653,-2.2631578947368447,-0.5235602094240899,13.139472267097483,8.027923211169274,True,0.1357773877647239,0.5144641683103222,0.2511505588428665,0.0946745562130177,2.940265893067273,0.2403860044494443,-0.2293285806112432,0.1101249178172255,0.3541847083767099,4.718850742904934,3.0378023959180265,121,0,-2.375821018062385,0.0,0.0,0.4761904761904761,10,17.04778750532486,19.24885628986385,21.43197857525445,26.725201906912417,26.725201906912417,4.804021044733257,0.0,0.0124729733319277,0.1126891327130484,-2.910646497712377,-0.3990480918852679,0.2832078909560831,0.0538793103448398,-7.25904066582992,3.291244244572785,-1.0653832693262564,0.030724338193885092,-5.11154905592821,-0.3801119242819396,-2.0745587027914545,1.0777234947168322,1.4517346651768192e-05,0.0538793103448398,-0.0539083557951477,1.1848994213282047,0.3798554841779058,-0.9899262867944241,2.511598405827109,0.0253122945430637,0.0650887573964497,0.8967784352399737,0.4980276134122288,0.5450361604207759,0.6942800788954635,0.6729125575279421,0.4661406969099276,0.5279421433267587,0.0351742274819197,0.0397764628533859,0.99474030243261,0.975016436554898,120.0,True,2026-08-04 14:30:00,0.37632446868138514,0.3816083298985817,0.3965911216379643,0.43827770401786464,0.04168658237990036,0.9981224080759112,0.9931489449739466,0.9912842165354462,0.9910680738676118,0.44213122402942323,0.43827770401786464,0.476848182388722,0.17673592702020124,0.09376814233174169,0.09575905571900688,0.0997890710477698,0.0997890710477698,0.002360298404672917,0.00028074440257336297,-0.30570637262968503,-0.37811779579883087,-0.37133424370636325,-0.4594641816181585,-5.622596716678944,0.06508638422221572,-1.6164903979921892,-1.4785791995237019,0.0068381915404650264,-1.6164903979921892,0.6640368178829718,-0.961307255674881,0.6679815910585142,0.057043063773833,wpv40-20260731-e60bb703,e60bb703becc859f189f,c081a525fd6c767f2c27,v40-1430-p0.54-e0.00-s0.35-f0.95-r0.95-x0.50-obs5,False,0,0,0.0,0.0,False,True,runtime_contract_missing,2.774869109947653,0.0027752041266677074,5.622596716678944,3042,0.9185671042778676,0.13577738776472387,2.940265893067273,0.5144641683103222,0.2511505588428665,0.09467455621301775,0.05719921104536489,0.12037126368161173,0.10387764620057702,-0.36866527528860166,,-3.6934362142255206,-1.2561572145342759,0.025312294543063774,0.9930966469428008,0.24687705456936226,0.6679815910585142,0.3454963839579224,0.476848182388722,0.31229155931762065,-0.4594641816181585,-0.961307255674881,0.6046511627906976,0.0016402500461147134,0.9983597499538853,0.4883720930232558,True,False,False,True,True,False,True,,0.8679648364387389,True,True,True,True,False,False,False,True,False,False,False,True,True,REJECTED,,,,
601995.SH,35.23,11624612.0,2026-08-04 14:30:00,0.0,7,0.0,-0.0283768444949039,-0.1983002832861236,0.0,0.0567697984672266,0.0567697984672266,0.0,0.0567697984672266,0.0,-0.2548131370328499,0.2838489923360887,0.0,-0.1186716278763322,0.0391239508853109,0.0364483340373281,0.0,0.7142857142857143,-1.0000000000000402,-0.0445562814461458,0.9166932388890525,-0.2265647125460401,0.0,97972553.0,0.118651720752852,0.1884890761191045,0.7658853043479426,35.19,35.25,1.0293,38.78,31.73,-0.7644394110985386,0.5706134094151327,0.7755102040816347,0.3114382785956948,0.5096262740656844,-0.1981879954699894,0.1420454545454363,0.370159453302965,-1.9744160177975532,-2.056126701861627,-5.343716433942003,0.6,0.6,0.5,2.9052657740169137,1.531738619748262,-8.059467918622865,2.0384886555232145,0.5315155921394098,0.6158390784126999,1167631142.3,0.605,0.85,15.0239,1.6574,170160805725.00003,103054869600.00002,0.5468012129045086,中金公司,非银金融,主板,20201102,,L,main_board,20260804,20260805,2101,False,14:30,35.23,-0.056737588652489,0.1136686558681487,-0.1702127659574559,10.076639227930762,11.030570438071209,True,0.1357773877647239,0.5144641683103222,0.2511505588428665,0.0946745562130177,2.940265893067273,0.2403860044494443,-0.2293285806112432,0.1101249178172255,0.3541847083767099,4.718850742904934,3.0378023959180265,121,0,-0.2606821351591126,0.3157894736842105,-0.1962375202838429,0.0526315789473684,10,16.268635218560977,18.400197936185887,20.878242869507325,25.358527397906823,25.860009742935315,4.804021044733257,0.0,0.0099557228125158,0.0839071085471509,-0.1925149764172129,0.2039445465066236,0.0310282973251196,-0.0020627630022806,3.3693004161444495,-0.6795991043076456,-0.531931969865549,-0.11276388312977964,0.9539312101404462,-0.3801119242819396,-0.8435241637283992,-0.1981473682922431,0.040844441951721225,-0.0567697984672266,-0.14192449616804434,-0.019347856317983792,-3.966005665722472,-0.06547536291569267,0.3964595229238365,0.4543063773833005,0.5522682445759369,0.5542406311637081,0.0003287310979618,0.4142011834319526,0.5565417488494412,0.4128862590401052,0.1390532544378698,0.0976331360946745,0.0802103879026955,0.4667981591058514,0.9631821170282708,0.5414201183431953,120.0,True,2026-08-04 14:30:00,0.3417076720302241,0.33705334861657893,0.38071999781577553,0.4147492525208365,0.03402925470506096,0.9406024378449596,0.9934465057676867,0.9344382051936427,0.9298013957014076,0.4438487748206832,0.4147492525208365,0.476848182388722,0.13829301995346033,0.14303225990302326,0.13640703892873746,0.1398190408798885,0.1398190408798885,0.002675195759671095,0.005773229938400626,-0.4018030638808007,-0.2673779890491705,-0.4383512611709488,-0.4268006126351909,-5.622596716678944,0.2370330485509485,-1.9731214713537075,-1.6978619510528776,0.006164232651316799,-1.9731214713537075,0.05325443786982248,-0.9732088667510352,0.5085470085470085,0.02520545693622614,wpv40-20260731-e60bb703,e60bb703becc859f189f,c081a525fd6c767f2c27,v40-1430-p0.54-e0.00-s0.35-f0.95-r0.95-x0.50-obs5,False,0,0,0.0,0.0,False,True,runtime_contract_missing,0.056737588652489,0.0025404181285828,5.622596716678944,3042,0.9185671042778676,0.13577738776472387,2.940265893067273,0.5144641683103222,0.2511505588428665,0.09467455621301775,0.05719921104536489,0.12037126368161173,0.10387764620057702,-0.36866527528860166,,-0.9753046929303566,-0.33170629065554436,0.4543063773833005,0.9562787639710717,0.21499013806706113,0.5085470085470085,0.25279421433267585,0.476848182388722,0.32157945330163373,-0.4268006126351909,-0.9732088667510352,0.5813953488372093,0.0016402500461147134,0.9983597499538853,0.4883720930232558,True,False,False,True,False,False,True,,0.8787556857078519,True,False,False,False,False,False,False,True,False,False,False,True,True,REJECTED,,,,
601601.SH,31.81,29123222.0,2026-08-04 14:30:00,0.0,7,-0.0314267756128305,-0.0628338045868703,-0.2195734002509386,-0.0314267756128305,0.0943396226414927,0.0314267756128083,0.0314465408804975,0.1572821642025879,0.3999999999999858,-0.5004691898655045,0.5976722239698029,0.1052631578947339,-0.1664198409968675,0.0717326182251127,0.0716751044385326,0.0,0.8571428571428571,-1.0000000000000222,-0.0739458278621722,0.870124113095134,-0.4693366708385493,0.0,315922936.0,0.0921845763043934,0.2688844313601846,0.5480910487287112,32.82,32.98,1.6781,36.28,29.68,-0.4326328800988932,2.358783364369943,0.9489795918367304,0.154511742892473,0.5253399258343687,1.9159456118664984,0.5487804878048896,3.288443470090807,4.3010752688172005,4.268099905153333,13.974981771721716,0.8,0.6,0.5,2.2106115663185,0.7400637787257881,0.0,2.56221820869816,1.0336275424154682,0.929710304057268,1926677911.8,0.8919,1.14,5.8844,0.9927,317278862670.0,225749468670.0,0.9872976338729764,中国太保,非银金融,主板,20071225,,L,main_board,20260804,20260805,6797,False,14:30,31.81,-3.5476046088538493,-3.077391834247412,-0.4851425106124796,14.052184847532237,7.176549865229109,True,0.1357773877647239,0.5144641683103222,0.2511505588428665,0.0946745562130177,2.940265893067273,0.2403860044494443,-0.2293285806112432,0.1101249178172255,0.3541847083767099,4.718850742904934,3.0378023959180265,121,0,-0.2606821351591126,0.3157894736842105,-0.1962375202838429,0.0526315789473684,10,17.18704645511324,19.571008871556835,21.379063068038977,26.142691675623905,26.48304691708905,4.804021044733257,0.0,0.0151157709452285,0.1639728851745898,-3.683381996618573,-3.2869224736947364,0.0097551803603046,-0.0233358799670957,-9.673906502904515,1.9456494910049298,-0.7657374188826782,-0.09595853617072228,-6.8756349823031275,-0.3801119242819396,-0.8435241637283992,3.4795101758563916,0.06434204788565946,1.9765267689202115e-05,-0.23592324630387132,1.492973600605133,-3.0609979906472824,-1.2527377218854463,0.39645952292383635,0.0055884286653517,0.0138067061143984,0.5187376725838264,0.002301117685733,0.2998027613412228,0.7882971729125575,0.9046679815910584,0.4600591715976331,0.6650230111768574,0.1814595660749507,0.2439184746877054,0.9878369493754108,0.99474030243261,120.0,True,2026-08-04 14:30:00,0.3881202148402497,0.3550828663469322,0.40047551646915275,0.4397313539924655,0.03925583752331274,0.9991304102736853,0.9920934954504164,0.991230781139229,0.9908203940035134,0.4436215686190444,0.4397313539924655,0.476848182388722,0.16436661489185406,0.17169708250775997,0.19734716813090897,0.17809106234794986,0.19734716813090897,0.0003626543067924426,0.0005158566372213125,-0.45634819694979467,-0.39896793550054516,-0.5313154650718552,-0.4612610596910806,-5.622596716678944,0.04137011151787326,-2.0822405481030595,-1.8393536889323094,0.007899629134456259,-2.0822405481030595,0.2966798159105851,-0.977159814655872,0.482577251808021,0.07258382642998035,wpv40-20260731-e60bb703,e60bb703becc859f189f,c081a525fd6c767f2c27,v40-1430-p0.54-e0.00-s0.35-f0.95-r0.95-x0.50-obs5,False,0,0,0.0,0.0,False,True,runtime_contract_missing,3.5476046088538493,0.0003080174783757217,5.622596716678944,3042,0.9185671042778676,0.13577738776472387,2.940265893067273,0.5144641683103222,0.2511505588428665,0.09467455621301775,0.05719921104536489,0.12037126368161173,0.10387764620057702,-0.36866527528860166,,-4.4661717131317165,-1.5189686496252979,0.005588428665351742,0.9993425378040762,0.17882971729125574,0.482577251808021,0.17751479289940827,0.476848182388722,0.32157945330163373,-0.4612610596910806,-0.977159814655872,0.5581395348837209,0.0016402500461147134,0.9983597499538853,0.4883720930232558,True,False,False,True,True,False,True,,0.9162733424186377,True,True,True,True,False,False,False,True,False,False,False,True,True,REJECTED,,,,
600000.SH,9.45,32157067.0,2026-08-04 14:30:00,0.0,7,0.0,0.6389776357827337,0.746268656716409,0.1059322033898357,0.3181336161187875,0.1058201058201202,0.1060445387062625,0.7454739084132189,0.8571428571428354,0.6389776357827337,1.0683760683760868,0.8999999999999858,0.3623094814895422,0.2484783181730157,0.1214358384222313,0.2857142857142857,0.1428571428571428,0.7493020145141749,0.1251565429768385,0.6130969892475566,-0.1064962726304519,0.746268656716409,127944211.0,0.2513366314010096,0.3507306946462783,1.4461219836900996,9.56,9.63,17.3774,10.59,8.67,0.0,1.2618296529968598,0.9000000000000027,0.2103049421661364,0.630914826498428,1.2618296529968598,-0.8238928939237944,3.771551724137945,6.408839779005526,5.361050328227579,13.059804740118564,0.8,0.7,0.65,1.5329594688420172,0.6278028250442658,-0.8238928939237944,2.839478660798899,1.0966101756290594,1.4470962411212989,783564305.8,0.2698,0.79,6.379,0.4255,320735222829.0,320735222829.0,1.0501119003600272,浦发银行,银行,主板,19991110,,L,main_board,20260804,20260805,9764,False,14:30,9.45,-1.869158878504684,-1.1506276150627714,-0.7268951194184914,12.063492063492063,8.996539792387527,True,0.1357773877647239,0.5144641683103222,0.2511505588428665,0.0946745562130177,2.940265893067273,0.2403860044494443,-0.2293285806112432,0.1101249178172255,0.3541847083767099,4.718850742904934,3.0378023959180265,121,0,-2.375821018062385,0.0,0.0,0.4761904761904761,10,17.28614282896465,18.6671048831264,20.479363692716458,26.49388176870277,26.49388176870277,4.804021044733257,0.0,0.0410394740571655,0.1632848893868029,-2.004936266269408,0.5066621395577009,0.9755972373276522,0.746268656716409,-6.650964961113037,4.180697473917364,-1.283811351734496,0.6675402288837737,-3.0669522711045367,-0.3801119242819396,-2.0745587027914545,-1.0078815894463429,0.05749626617293747,0.7464930896025512,0.42735042735041956,0.8363855976572672,3.003355231166614,-0.6818894410185016,2.511598405827109,0.096318211702827,0.2639710716633793,0.9919460880999342,0.9934253780407628,0.9783037475345168,0.9809335963182118,0.9020381328073636,0.6666666666666666,0.7186061801446417,0.0095332018408941,0.0756081525312294,0.9917817225509532,0.8990795529257067,120.0,True,2026-08-04 14:30:00,0.32320018353354946,0.39070634845806534,0.3693908362487521,0.419551160720468,0.05016032447171592,0.9596790490471655,0.9906271081631887,0.9506840811223924,0.9450088991337002,0.44131501626191044,0.419551160720468,0.476848182388722,0.19145512603066753,0.20652987232334868,0.14763334583455956,0.20533962981882084,0.20533962981882084,0.0007643675972637543,0.007067839684680055,-0.48452998019570226,-0.32446262591969177,-0.549984640413849,-0.4746700863632696,-5.622596716678944,0.004177884535681575,-2.3614621731387087,-1.7360391978316727,0.008994967924773044,-2.3614621731387087,0.923405654174885,-1.0134745887629677,0.5407626561472715,0.04875904010519397,wpv40-20260731-e60bb703,e60bb703becc859f189f,c081a525fd6c767f2c27,v40-1430-p0.54-e0.00-s0.35-f0.95-r0.95-x0.50-obs5,False,0,0,0.0,0.0,False,True,runtime_contract_missing,1.869158878504684,0.001196072478025556,5.622596716678944,3042,0.9185671042778676,0.13577738776472387,2.940265893067273,0.5144641683103222,0.2511505588428665,0.09467455621301775,0.05719921104536489,0.12037126368161173,0.10387764620057702,-0.36866527528860166,,-2.7877259827825513,-0.948120368758353,0.09631821170282709,0.9618671926364234,0.17488494411571334,0.5407626561472715,0.17159763313609466,0.476848182388722,0.32157945330163373,-0.4746700863632696,-1.0134745887629677,0.5348837209302325,0.0034360144540011204,0.9965639855459989,0.9069767441860465,True,False,False,True,False,False,False,,1.3649060280966614,True,False,False,False,False,False,False,False,False,False,False,True,True,REJECTED,,,,
601818.SH,3.14,10299245.0,2026-08-04 14:30:00,0.0,7,0.0,0.319488817891389,0.0,0.319488817891389,0.319488817891389,0.0,0.0,0.319488817891389,1.0,0.0,0.319488817891389,1.0,0.1837542664767655,0.2604457011912977,0.1822740210343018,0.2857142857142857,0.2857142857142857,0.0,0.0455685052585863,0.333333333338316,-0.3184713375796288,0.319488817891389,84230467.0,0.1222745802893387,0.4129288633767162,1.0916585169032218,3.2,3.2,2.1194,3.52,2.88,-0.3154574132492094,1.265822784810133,0.833333333333337,0.3154574132492046,0.3154574132492186,0.9463722397476282,0.3134796238244641,2.896201078227789,3.220794772480895,2.896201078227789,6.931346218550449,0.6,0.6,0.65,0.9973300661050406,0.4877077233620158,0.0,1.8987224059266137,1.2731496163976308,1.204783107967361,695865977.25,0.5978,1.11,4.9992,0.3748,189073763520.00003,148501809920.0,1.2490597576264104,光大银行,银行,主板,20100818,,L,main_board,20260804,20260805,5830,False,14:30,3.14,-1.8750000000000044,-1.8750000000000044,0.0,12.101910828025474,9.02777777777779,True,0.1357773877647239,0.5144641683103222,0.2511505588428665,0.0946745562130177,2.940265893067273,0.2403860044494443,-0.2293285806112432,0.1101249178172255,0.3541847083767099,4.718850742904934,3.0378023959180265,121,0,-2.375821018062385,0.0,0.0,0.4761904761904761,10,16.147581246636832,18.249067266491235,20.36066763977101,25.723862983135096,25.96540305904528,4.804021044733257,0.0,0.0148006158322349,0.1210440943425216,-2.0107773877647284,0.5008210180623807,0.2293285806112432,0.0,-3.7105514460695543,3.22941710266426,-1.0837390136248395,0.0,-3.074133050247685,-0.3801119242819396,-2.0745587027914545,-1.00351361646823,0.0,0.319488817891389,0.1597444089456945,-0.0,0.0,-0.6838760373699039,2.511598405827109,0.0956607495069033,0.1104536489151873,0.8154174884944115,0.7404667981591059,0.9326101249178173,0.7790927021696252,0.7304404996712689,0.3599605522682446,0.8451676528599605,0.0777449046679815,0.0052596975673898,0.979947403024326,0.9046679815910584,120.0,True,2026-08-04 14:30:00,0.2542910723282116,0.4116764891724136,0.30858681734080723,0.1996666899917694,-0.10892012734903783,0.4584912401359905,0.9923153003388877,0.4549678726582945,0.41687523040811786,0.43885887771625115,0.1996666899917694,0.26865092807314506,0.15998753134830204,0.07492478511560617,0.04277682089626117,0.03761173757112319,0.04277682089626117,0.0236555886337734,0.0484294433205969,-0.4635631226215028,-0.3288134402518612,-0.24273800201864393,-0.41474124123831224,-5.622596716678944,0.007333020720187933,-1.5912523147333504,-1.1484474959656494,0.003523367477696001,-1.5912523147333504,0.29585798816568043,-1.0542880468203637,0.49342537804076264,0.0017340565417489073,wpv40-20260731-e60bb703,e60bb703becc859f189f,c081a525fd6c767f2c27,v40-1430-p0.54-e0.00-s0.35-f0.95-r0.95-x0.50-obs5,False,0,0,0.0,0.0,False,True,runtime_contract_missing,1.8750000000000044,0.019029717547294628,5.622596716678944,3042,0.9185671042778676,0.13577738776472387,2.940265893067273,0.5144641683103222,0.2511505588428665,0.09467455621301775,0.05719921104536489,0.12037126368161173,0.10387764620057702,-0.36866527528860166,,-2.793567104277872,-0.9501069651097556,0.09566074950690336,0.8573307034845496,0.3576594345825115,0.49342537804076264,0.7317554240631163,0.26865092807314506,0.03919872058502785,-0.41474124123831224,-1.0542880468203637,0.5116279069767442,0.0016402500461147134,0.9983597499538853,0.4883720930232558,True,False,False,True,False,False,True,,1.6575871757803051,True,False,False,False,False,False,False,True,False,False,False,True,True,REJECTED,,,,
601728.SH,6.28,40366270.0,2026-08-04 14:30:00,0.0,7,0.0,0.1594896331738482,-0.3174603174603052,0.1594896331738482,0.4792332268370725,0.1592356687898144,0.1597444089456834,0.4792332268370725,0.6666666666666765,-0.9463722397476282,1.2779552715654896,0.2500000000000055,-0.1894034813224032,0.1699337508156624,0.1813719948511918,0.1428571428571428,0.7142857142857143,-0.7489570164369133,-0.1473660754924986,0.8123862151737818,-0.9478672985782088,0.1594896331738482,245132664.0,0.164671118655978,0.2458063279563591,0.8743367547239287,6.42,6.47,1.2303,7.12,5.82,0.0,2.698412698412689,0.9047619047619024,0.3174603174603247,0.3174603174603106,2.698412698412711,-0.3081664098613323,3.685897435897423,5.718954248366015,3.685897435897423,16.157989228007175,0.6,0.5,0.65,1.9199327827915025,0.8405833571097618,-0.3081664098613323,3.3799124880879576,1.10401905599218,1.2135146868023996,904221445.8,0.2006,0.95,18.694,1.2642,592051187389.0,502264344689.0,1.0385710587626198,中国电信,通信,主板,20210820,,L,main_board,20260804,20260805,1810,False,14:30,6.28,-2.9366306027820643,-2.180685358255452,-0.7727975270479082,13.375796178343949,7.903780068728516,True,0.1357773877647239,0.5144641683103222,0.2511505588428665,0.0946745562130177,2.940265893067273,0.2403860044494443,-0.2293285806112432,0.1101249178172255,0.3541847083767099,4.718850742904934,3.0378023959180265,121,0,3.0195381882770933,0.8823529411764706,-0.3541076487252104,0.0784313725490196,10,17.513505117990494,19.31731011175222,20.622584851632183,26.942392401089748,27.10685893327833,4.804021044733257,0.0,0.0446420179343196,0.2710980425631484,-3.0724079905467883,-5.956168791059158,-0.0881317368490619,0.0366473312649051,-10.43903497964116,2.978726286474932,-0.9424166442392512,-0.19944598921617246,-5.472016109615433,-0.3801119242819396,1.758750502802527,4.277824281886244,0.08966376215401883,0.1599983733297172,-0.31948881789136535,1.6852282521293949,-1.868141648945735,-1.0449422270928244,-2.8837608005123694,0.019723865877712,0.0764299802761341,0.3591387245233399,0.0673898750821827,0.2455621301775148,0.9829059829059827,0.982577251808021,0.5976331360946746,0.725180802103879,0.0046022353714661,0.1646942800788954,0.9957264957264956,0.9835634451019066,120.0,True,2026-08-04 14:30:00,0.34986382069989763,0.35706196755495173,0.3850736852718418,0.43795078687242084,0.05287710160057901,0.995552834396505,0.9917710408962059,0.9873604708365898,0.9867804350883204,0.44355714028266235,0.43795078687242084,0.476848182388722,0.1635172737541723,0.27968643312597724,0.2044618690072307,0.2843436918577864,0.2843436918577864,0.00021186385668470198,0.0007340535184140462,-0.36617920907735924,-0.49173308488317274,-0.4434107705215995,-0.4260224733988607,-5.622596716678944,0.023778110316159812,-2.810859559109555,-2.412216879168514,0.008192363559915105,-2.810859559109555,0.6219592373438527,-1.0600435887017041,0.6400394477317555,0.03141847468770548,wpv40-20260731-e60bb703,e60bb703becc859f189f,c081a525fd6c767f2c27,v40-1430-p0.54-e0.00-s0.35-f0.95-r0.95-x0.50-obs5,False,0,0,0.0,0.0,False,True,runtime_contract_missing,2.9366306027820643,0.00017716009270757338,5.622596716678944,3042,0.9185671042778676,0.13577738776472387,2.940265893067273,0.5144641683103222,0.2511505588428665,0.09467455621301775,0.05719921104536489,0.12037126368161173,0.10387764620057702,-0.36866527528860166,,-3.855197707059932,-1.311173154832676,0.01972386587771203,0.9917817225509533,0.21170282708744248,0.6400394477317555,0.12064431295200526,0.476848182388722,0.3989810405552708,-0.4260224733988607,-1.0600435887017041,0.4883720930232558,0.0016402500461147134,0.9983597499538853,0.4883720930232558,True,False,False,False,True,False,True,,0.9997832385421537,True,True,True,True,False,False,False,False,False,False,False,True,True,REJECTED,,,,
002714.SZ,38.03,21240336.0,2026-08-04 14:30:00,0.0,7,-0.1313025210083918,-0.0262881177707674,0.1316482359136506,-0.1313025210083918,0.2104709287029882,0.0262605042016916,0.0526177321757526,0.2104709287029882,0.2500000000000222,0.0263019463440317,0.3160389781406536,0.5,0.02338269524631,0.1034548654440873,0.0939311347457102,0.5714285714285714,0.4285714285714285,0.0399966088525781,0.0328758421612375,0.5846063542058573,-0.1313025210083918,0.1316482359136506,158405898.4,0.1340880372166747,0.1850792823760153,0.9473614406050732,38.9,38.93,20.0738,42.82,35.04,-0.1528273051451756,-0.6887755102040871,0.0934579439252349,1.7829852266938253,0.2547121752419802,-0.8405501782985159,-2.4799599198396804,0.1286008230452662,-1.017035341978123,-4.136912090618072,0.6463288521199706,0.2,0.4,0.5,2.2747918032349594,1.291368844935624,-4.816625916870398,2.707562219007559,0.8274497102276335,0.8704120838448131,2695019963.2755003,1.7277,1.02,22.9776,2.6053,224742738173.0,127709837749.0,0.8209316911848556,牧原股份,农林牧渔,主板,20140128,,L,main_board,20260804,20260805,4571,False,14:30,38.03,-2.311841767274592,-2.236503856041128,-0.0770613922424945,12.595319484617406,8.533105022831066,True,0.1357773877647239,0.5144641683103222,0.2511505588428665,0.0946745562130177,2.940265893067273,0.2403860044494443,-0.2293285806112432,0.1101249178172255,0.3541847083767099,4.718850742904934,3.0378023959180265,121,0,-0.7017543859649145,0.2658227848101265,-0.1897533206831059,0.1645569620253164,10,16.871412620502163,18.88067128033794,21.714671449174368,25.573026634997277,26.13822219909316,4.804021044733257,0.0,0.0078813278897514,0.0587772634557686,-2.447619155039316,-1.6100873813096772,0.3609768165248939,0.3214015565967565,-1.6633641940980937,-0.4470894173839588,-0.8116348203890444,0.08774030396488518,-4.06221446178634,-0.3801119242819396,-1.0742020078539236,1.9851651608318783,0.0007687118731854295,0.1580054638877116,0.0,0.17234810090223684,1.2725185552998524,-0.832448235654623,0.8375317737296388,0.0545693622616699,0.0683760683760683,0.9178172255095332,0.8280736357659435,0.7728468113083498,0.4079552925706772,0.1571334648257725,0.160749506903353,0.4217619986850756,0.5006574621959238,0.2629848783694937,0.9733727810650888,0.9451019066403682,120.0,True,2026-08-04 14:30:00,0.3623171442614297,0.3657386747319449,0.3909845939200534,0.4393482471265989,0.04836365320654551,0.9990041383492446,0.9923318054434775,0.9913435802536116,0.9910096685203904,0.4431846393903133,0.4393482471265989,0.476848182388722,0.159376132913584,0.20854082835297377,0.26043624110579405,0.214396169504124,0.26043624110579405,0.0011444895208213568,0.00042338789721929615,-0.5692177516555835,-0.13076106705590648,-0.6409282432177145,-0.43307551639265157,-5.622596716678944,0.18797117941941538,-2.1632846025122605,-1.8474470442615092,0.007660558095633084,-2.1632846025122605,0.021860618014464168,-1.06498201497946,0.2859960552268245,0.04782215647600263,wpv40-20260731-e60bb703,e60bb703becc859f189f,c081a525fd6c767f2c27,v40-1430-p0.54-e0.00-s0.35-f0.95-r0.95-x0.50-obs5,False,0,0,0.0,0.0,False,True,runtime_contract_missing,2.311841767274592,0.0012533912408853598,5.622596716678944,3042,0.9185671042778676,0.13577738776472387,2.940265893067273,0.5144641683103222,0.2511505588428665,0.09467455621301775,0.05719921104536489,0.12037126368161173,0.10387764620057702,-0.36866527528860166,,-3.2304088715524597,-1.0986791633944748,0.05456936226166995,0.9970414201183432,0.14760026298487838,0.2859960552268245,0.13149243918474687,0.476848182388722,0.3989810405552708,-0.43307551639265157,-1.06498201497946,0.46511627906976744,0.0016402500461147134,0.9983597499538853,0.4883720930232558,True,False,False,False,True,False,True,,1.030092095489433,True,True,True,True,False,False,False,False,False,False,False,True,True,REJECTED,,,,
600585.SH,17.81,15647337.0,2026-08-04 14:30:00,0.0,7,-0.1681614349775873,-0.0561167227833947,0.168728908886373,-0.224089635854352,0.224592925322864,0.0,0.0,0.3370786516853963,0.166666666666637,0.1124227093872942,0.5630630630630407,0.4999999999999822,0.0336699384956729,0.1109342451964951,0.0962677384621872,0.5714285714285714,0.4285714285714285,0.1667367106683292,0.0461358734020919,0.6422419064852967,-0.1681614349775873,0.168728908886373,125310963.0,0.1248680612246192,0.2736128921138368,0.6445845409049228,18.31,18.31,6.3412,20.14,16.48,-0.37715517241379,-0.9734991887506704,0.2999999999999946,0.5387931034482836,0.6465517241379173,-1.3469827586206962,-1.770386266094437,-0.163576881134142,3.154929577464771,2.749719416386087,6.45348837209303,0.6,0.5,0.5,1.6595843702644577,0.6639370796098332,-1.770386266094437,2.1924642793852014,1.1102001250022306,1.0113130045273846,569931668.85,0.8664,1.16,12.4367,0.4985,96622968600.0,72827292600.0,1.0671002069169375,海螺水泥,建筑材料,主板,20020207,,L,main_board,20260804,20260805,8944,False,14:30,17.81,-2.730748225013657,-2.730748225013657,0.0,13.082537900056156,8.070388349514545,True,0.1357773877647239,0.5144641683103222,0.2511505588428665,0.0946745562130177,2.940265893067273,0.2403860044494443,-0.2293285806112432,0.1101249178172255,0.3541847083767099,4.718850742904934,3.0378023959180265,121,0,0.0326370757180116,0.5,-0.2143644885580442,0.0862068965517241,10,16.565811364635852,18.646308918033437,20.16102703415085,25.011356620257605,25.29408232009872,4.804021044733257,0.0,0.0274547596759677,0.2198701525971537,-2.866525612778381,-2.763385300731669,0.3980574894976163,0.3830933974444173,-3.298558794628259,1.9010359665908565,-0.7914428519302309,0.08394057259818076,-5.012149550541611,-0.3801119242819396,-0.38885845579242045,2.8144830329072192,0.00494047397969749,0.168728908886373,-1.0033265509703297e-14,-0.0,1.520981267664531,-0.9749205401923816,0.10314031204671226,0.0266272189349112,0.0289283366206443,0.928007889546351,0.8852728468113084,0.7899408284023669,0.9497041420118344,0.9667981591058514,0.356344510190664,0.7281393819855358,0.1735700197238658,0.0979618671926364,0.9437869822485208,0.9720578566732412,120.0,True,2026-08-04 14:30:00,0.2970427122761937,0.3414524260366224,0.3498389255300591,0.3970344099800642,0.0471954844500051,0.9010136978668568,0.9927883178026441,0.8945158734223766,0.8815734415826011,0.44385395695777735,0.3970344099800642,0.4095328408652686,0.1471973427043272,0.14997447215230242,0.12681475681255863,0.1406523703928569,0.1406523703928569,0.00707929695082643,0.015917787253428795,-0.5805651172768923,-0.3160737578234252,-0.5814900090205253,-0.4473652124358438,-5.622596716678944,0.12693613684413568,-1.7734864910117256,-1.4464717163565755,0.0064978244444802245,-1.7734864910117256,0.0655818540433925,-1.0880997795393885,0.40401051939513477,0.023882314266929633,wpv40-20260731-e60bb703,e60bb703becc859f189f,c081a525fd6c767f2c27,v40-1430-p0.54-e0.00-s0.35-f0.95-r0.95-x0.50-obs5,False,0,0,0.0,0.0,False,True,runtime_contract_missing,2.730748225013657,0.005777622816844796,5.622596716678944,3042,0.9185671042778676,0.13577738776472387,2.940265893067273,0.5144641683103222,0.2511505588428665,0.09467455621301775,0.05719921104536489,0.12037126368161173,0.10387764620057702,-0.36866527528860166,,-3.649315329291525,-1.2411514679322333,0.026627218934911243,0.9447731755424064,0.16568047337278108,0.40401051939513477,0.25213675213675213,0.4095328408652686,0.31229155931762065,-0.4473652124358438,-1.0880997795393885,0.4418604651162791,0.001,0.999,0.05813953488372093,True,False,False,True,False,False,True,,1.154398464871695,True,False,False,False,False,False,False,True,False,False,False,True,True,REJECTED,,,,
601198.SH,13.99,12459706.0,2026-08-04 14:30:00,0.0,7,-0.1427551748750866,-0.2139800285306692,-0.5685856432125047,-0.1427551748750866,0.2144388849177891,0.0713775874375377,0.0,0.3573981415296634,0.0,-0.709723207948898,0.7147962830593269,0.0,-0.3121393556160923,0.0994490390685438,0.1017505319028424,0.0,0.7142857142857143,-1.000000000000007,-0.1043330657905374,0.9176506342514775,-0.5685856432125047,0.0,66554327.0,0.1872110584184857,0.262907639348528,0.9902692753521672,13.9,13.92,1.1611,15.31,12.53,-0.5784526391901634,1.2363636363636354,0.9090909090909104,0.1446131597975385,0.2169197396963077,0.6507592190889477,1.9033674963396807,1.383831026948279,1.6077876299800842,2.349992068475193,0.4423936499946546,0.6,0.6,0.5,1.8605428481836424,1.0959140204215754,-1.94741837526764,2.3320543728730283,0.9151440169023584,0.9147177597587716,376377035.35,0.7678,1.03,19.499,1.478,44995641360.0,44995641360.0,0.911070371227358,东兴证券,非银金融,主板,20150226,,L,main_board,20260804,20260805,4177,False,14:30,13.99,0.5028735632183867,0.6474820143884896,-0.1436781609195359,9.435310936383123,11.65203511572228,True,0.1357773877647239,0.5144641683103222,0.2511505588428665,0.0946745562130177,2.940265893067273,0.2403860044494443,-0.2293285806112432,0.1101249178172255,0.3541847083767099,4.718850742904934,3.0378023959180265,121,0,-0.2606821351591126,0.3157894736842105,-0.1962375202838429,0.0526315789473684,10,16.3380105557983,18.013529134499954,19.746101955179967,24.529831463381186,24.529831463381186,4.804021044733257,0.0,0.0331043204812256,0.176828873042453,0.3670961754536628,0.7635556983774994,-0.3392570626012614,-0.3723481229286618,1.1653939799854296,0.8641497461612826,-0.7378888867163186,-0.391340408716173,2.216724179339156,-0.3801119242819396,-0.8435241637283992,0.5294321265471434,0.09574130399608848,-0.0713775874375377,-0.3573981415296634,-0.09302902505581466,-5.71735683459561,0.12485135317837177,0.39645952292383657,0.559500328731098,0.646285338593031,0.098948060486522,0.0142998027613412,0.0920447074293228,0.9674556213017752,0.9266929651545036,0.2544378698224852,0.5305719921104537,0.1362590401051939,0.145956607495069,0.9095989480604864,0.4381985535831689,120.0,True,2026-08-04 14:30:00,0.23831754224169105,0.37384361066360317,0.2901595278378188,0.2592240767996818,-0.030935451038136996,0.589781343159769,0.9928161508714121,0.5855444429716533,0.550793476412523,0.44270606597188905,0.2592240767996818,0.4095328408652686,0.16217757110727796,0.16819230239451638,0.09716389935063115,0.1027209682058327,0.1027209682058327,0.019769386437475056,0.04388501905782238,-0.4054154656193344,-0.33363959781563735,-0.27494168902675975,-0.41474124123831224,-5.622596716678944,0.04494748699430044,-2.169013082754447,-1.3368638518463272,0.0042369001881157305,-2.169013082754447,0.06656804733727811,-1.099617341538416,0.52465483234714,0.021983892176199865,wpv40-20260731-e60bb703,e60bb703becc859f189f,c081a525fd6c767f2c27,v40-1430-p0.54-e0.00-s0.35-f0.95-r0.95-x0.50-obs5,False,0,0,0.0,0.0,False,True,runtime_contract_missing,0.5028735632183867,0.015674624232926204,5.622596716678945,3042,0.9185671042778676,0.13577738776472387,2.940265893067273,0.5144641683103222,0.2511505588428665,0.09467455621301775,0.05719921104536489,0.12037126368161173,0.10387764620057702,-0.36866527528860166,,-0.41569354105948086,-0.1413795745614799,0.559500328731098,0.8819855358316897,0.3224852071005917,0.52465483234714,0.33530571992110453,0.4095328408652686,0.2314592597253007,-0.41474124123831224,-1.099617341538416,0.4186046511627907,0.0016402500461147134,0.9983597499538853,0.4883720930232558,True,False,False,True,False,False,True,,1.4758102727977298,True,False,False,False,False,False,False,True,False,False,False,True,True,REJECTED,,,,
002594.SZ,90.89,84030030.65,2026-08-04 14:30:00,0.0,7,-0.0439898823270668,-0.0219997800021909,-0.0659703133589872,-0.054981306355839,0.0990425883129697,0.0219925225423356,0.0220094640695389,0.0990425883129697,0.2222222222222046,-0.1537954520487772,0.2533039647577118,0.391304347826095,-0.0195197839190974,0.0777628563295255,0.065989674031815,0.4285714285714285,0.5714285714285714,-0.333198967241097,0.001572407048206,0.010268278517954822,-0.0769653655854907,0.0330178296279903,804969607.17,0.1043890724587988,0.358059005498738,1.123460562848683,94.45,94.45,3.1617,103.9,85.01,0.2714837631826228,-1.6453191710923631,0.1405622489959868,0.5847342591625794,0.3654589119766195,-1.378302182311797,-1.4513264751367716,-0.0486832568071138,2.6015410507775227,0.9410391087291804,8.297719820560246,0.6,0.6,0.6,1.9163068430043928,1.0019681359958963,-1.4513264751367716,2.7322069882892404,0.8030979153315493,0.9511447588283544,4311895400.226999,1.0437,0.88,31.2582,3.7131,861119313320.0,329310645075.0,0.7758495727512293,比亚迪,汽车,主板,20110630,,L,main_board,20260804,20260805,5514,False,14:30,90.89,-3.7691900476442552,-3.7691900476442552,0.0,14.314005941247675,6.916833313727788,True,0.1357773877647239,0.5144641683103222,0.2511505588428665,0.0946745562130177,2.940265893067273,0.2403860044494443,-0.2293285806112432,0.1101249178172255,0.3541847083767099,4.718850742904934,3.0378023959180265,121,0,-0.178607879159004,0.4504950495049505,-0.2584982878142461,0.094059405940594,10,18.246684812555525,20.506315080844058,22.18464341265847,26.520267352183406,27.481498907059187,4.804021044733257,0.0,0.0194879566525607,0.1866857918509856,-3.904967435408979,-3.590582168485251,0.163358267252256,0.1925279744552588,-5.6961787697827235,1.3575806297799455,-0.7644589669773687,-0.049678753083878376,-7.397172627519887,-0.3801119242819396,-0.5932714343409917,3.744476791501726,-5.379801708220256e-06,0.03303477115519359,-0.027533039647575322,-0.0,-0.8483524972312414,-1.3281001029928396,0.31438526692372815,0.0036160420775805,0.004930966469428,0.7182774490466798,0.3586456278763971,0.6505588428665352,0.8803418803418803,0.9418145956607497,0.3159105851413544,0.3849441157133464,0.2472057856673241,0.1630506245890861,0.9924391847468772,0.9967126890203812,120.0,True,2026-08-04 14:30:00,0.3728739559550338,0.33502836513270473,0.3953110598571401,0.4394495259068646,0.04413846604972449,0.9992955368118379,0.9908216131900225,0.9901236158374948,0.9892584404792313,0.4438329910302733,0.4394495259068646,0.476848182388722,0.14654992245390913,0.18426225360376144,0.2166895720980176,0.19161432977486492,0.2166895720980176,0.0003314192843512087,0.0011265991512113271,-0.5042471173698081,-0.4143432138859524,-0.5908676836238607,-0.4681409745504683,-5.622596716678944,0.19562873331402303,-2.3487585799591857,-1.9979916164666225,0.00917192097434317,-2.3487585799591857,0.1665023011176857,-1.1009230871578564,0.4451019066403682,0.006410256410256416,wpv40-20260731-e60bb703,e60bb703becc859f189f,c081a525fd6c767f2c27,v40-1430-p0.54-e0.00-s0.35-f0.95-r0.95-x0.50-obs5,False,0,0,0.0,0.0,False,True,runtime_contract_missing,3.7691900476442552,0.000536014288832376,5.622596716678944,3042,0.9185671042778676,0.13577738776472387,2.940265893067273,0.5144641683103222,0.2511505588428665,0.09467455621301775,0.05719921104536489,0.12037126368161173,0.10387764620057702,-0.36866527528860166,,-4.687757151922122,-1.5943310307326912,0.003616042077580539,0.997698882314267,0.16206443129520054,0.4451019066403682,0.1614069690992768,0.476848182388722,0.3989810405552708,-0.4681409745504683,-1.1009230871578564,0.3953488372093023,0.0016402500461147134,0.9983597499538853,0.4883720930232558,True,False,False,False,True,False,True,,1.1349249955077148,True,True,True,True,False,False,False,False,False,False,False,True,True,REJECTED,,,,
601229.SH,9.42,10532129.0,2026-08-04 14:30:00,0.0,7,-0.1060445387062514,-0.1060445387062514,0.0,-0.1060445387062514,0.2123142250530785,0.1060445387062625,0.0,0.2123142250530785,0.0,-0.1060445387062514,0.3188097768331399,0.3333333333333333,-0.0553935560015039,0.0732165118385564,0.0454717738754727,0.1428571428571428,0.2857142857142857,-0.3333333333333395,-2.9001744316738784e-14,1.2203536363182895e-24,-0.1060445387062514,0.0,56276546.0,0.187149527620263,0.2331785429759673,1.2948705296962109,9.55,9.58,3.8499,10.54,8.62,-0.105820105820098,1.4830508474576345,0.8888888888888911,0.2116402116402071,0.2116402116402071,1.3756613756613856,-0.1042752867570384,2.1321961620468954,4.5851528384279305,3.232758620689657,5.856353591160213,0.8,0.7,0.6,1.3185056821803738,0.6126580142363647,-0.1042752867570384,2.277653267913584,1.1343812390588,1.3240049309586897,583055016.45,0.488,0.88,5.6168,0.5388,136122590746.0,136122590746.0,1.095078877095348,上海银行,银行,主板,20161116,,L,main_board,20260804,20260805,3548,False,14:30,9.42,-1.670146137787054,-1.3612565445026203,-0.3131524008350705,11.889596602972397,9.280742459396762,True,0.1357773877647239,0.5144641683103222,0.2511505588428665,0.0946745562130177,2.940265893067273,0.2403860044494443,-0.2293285806112432,0.1101249178172255,0.3541847083767099,4.718850742904934,3.0378023959180265,121,0,-2.375821018062385,0.0,0.0,0.4761904761904761,10,16.169941142856757,17.84578843438367,20.18379210941627,25.636821719214627,25.636821719214627,4.804021044733257,0.0,0.0180636967401912,0.0965201300258875,-1.805923525551778,0.705674880275331,0.2293285806112432,0.0,-1.2712007527322822,3.4775374125393217,-1.227484800932802,0.0,-2.608854143575634,-0.3801119242819396,-2.0745587027914545,-1.1288909901669668,1.1797461378835372e-38,-0.1060445387062625,-0.05313496280552332,0.4262807550634476,0.0,-0.6142041540562327,2.511598405827109,0.1259040105193951,0.2199211045364891,0.8154174884944115,0.3288954635108481,0.5621301775147929,0.8543721236028928,0.539776462853386,0.4861932938856015,0.7544378698224852,0.0430637738330046,0.0368178829717291,0.9760026298487836,0.8747534516765286,120.0,True,2026-08-04 14:30:00,0.22182900661066776,0.4298990614355524,0.2694481587905272,0.15398419886489173,-0.11546395992563546,0.355415834816819,0.9934978853681637,0.35310488031687026,0.31947368413821753,0.4360862946066023,0.15398419886489173,0.26865092807314506,0.1672024058577336,0.0872989142807482,0.04054973474550294,0.03313662717884504,0.04054973474550294,0.022267316695284103,0.04273894078616183,-0.39249669942584503,-0.32268825134568496,-0.15809791312179858,-0.41474124123831224,-5.622596716678944,0.012076780982842539,-1.6670539718534456,-0.9822311857842034,0.0023109544999487357,-1.6670539718534456,0.38280736357659434,-1.102988819955314,0.6528599605522682,0.05941814595660749,wpv40-20260731-e60bb703,e60bb703becc859f189f,c081a525fd6c767f2c27,v40-1430-p0.54-e0.00-s0.35-f0.95-r0.95-x0.50-obs5,False,0,0,0.0,0.0,False,True,runtime_contract_missing,1.670146137787054,0.018390465410512008,5.622596716678944,3042,0.9185671042778676,0.13577738776472387,2.940265893067273,0.5144641683103222,0.2511505588428665,0.09467455621301775,0.05719921104536489,0.12037126368161173,0.10387764620057702,-0.36866527528860166,,-2.5887132420649213,-0.8804350817960842,0.12590401051939515,0.8251150558842867,0.5239973701512163,0.6528599605522682,0.7564102564102564,0.26865092807314506,0.03919872058502785,-0.41474124123831224,-1.102988819955314,0.37209302325581395,0.0016402500461147134,0.9983597499538853,0.4883720930232558,True,False,False,True,False,False,True,,1.8945236057711357,True,False,False,False,False,False,False,True,False,False,False,True,True,REJECTED,,,,
600487.SH,50.24,121198092.0,2026-08-04 14:30:00,0.0,7,-0.0397930760047682,0.0597490539733236,-0.8486283797118577,-0.0397930760047682,0.1792471619199265,0.0795861520095586,0.0597490539733236,0.3791658351626426,0.6842105263158111,-0.7114624505928813,1.2574850299401197,0.2222222222222247,-0.3548605566132123,0.2492183664319576,0.1699369237133985,0.4285714285714285,0.4285714285714285,-0.60022725553986,-0.1600514923025258,0.7718239247565313,-0.907835010854552,0.0597490539733236,1096255895.0,0.1105563879316699,0.2206099005743545,0.6506503786867187,48.5,47.37,11.0337,52.11,42.63,-0.5881117412308345,0.0845129938727984,0.4792626728110591,2.3734509556815846,2.1003990758244067,-0.5040957781978661,0.3601694915253972,-4.783919597989961,-14.725472547254723,-16.248231966053762,-44.00709219858157,0.2,0.4,0.3,5.441163196802583,3.798559910398298,-41.43899122264805,7.631816075699018,0.5728449820288127,0.6914994319721431,12698188321.8,6.253,0.86,36.1841,3.605,116833003250.99998,116229225231.0,0.7584533035111065,亨通光电,通信,主板,20030822,,L,main_board,20260804,20260805,8383,False,14:30,50.24,6.0586869326578086,3.5876288659793865,2.385476039687573,3.722133757961776,17.851278442411456,True,0.1357773877647239,0.5144641683103222,0.2511505588428665,0.0946745562130177,2.940265893067273,0.2403860044494443,-0.2293285806112432,0.1101249178172255,0.3541847083767099,4.718850742904934,3.0378023959180265,121,0,3.0195381882770933,0.8823529411764706,-0.3541076487252104,0.0784313725490196,10,18.61293689715227,20.81516647997144,23.2647251684872,25.47883015776204,25.484011429516432,4.804021044733257,0.0,0.0095445183933781,0.0863316771824819,5.922909544893084,3.0391487443807157,-0.6192997991006144,-0.4945207309866473,29.281619651326842,-2.706309664798866,-0.6051677547896612,-0.4253065581887338,14.12914468444968,-0.3801119242819396,1.758750502802527,4.242711763299785,0.0741470158050916,0.0399119559370886,-0.3493013972055857,8.558202699085324,-3.4051598678765633,2.0144129001592876,-2.8837608005123685,0.9276791584483892,0.8915187376725838,0.0223537146614069,0.118671926364234,0.0601577909270217,0.5309007232084155,0.4411571334648257,0.0335305719921104,0.1328073635765943,0.9122287968441816,0.9184746877054568,0.9697567389875082,0.0726495726495726,120.0,True,2026-08-04 14:30:00,0.32447491442296,0.33492160532976223,0.3702366786284304,0.39907989719776327,0.028843218569332862,0.999390262099139,0.899717571261793,0.899168979358524,0.8776505289853734,0.44383192298567814,0.39907989719776327,0.476848182388722,0.17739275918618275,0.4142094824587239,0.4425100113676719,0.4726656003236482,0.4726656003236482,0.01674021297995426,0.037559242733490816,-1.6388473865613578,-1.0421917690162146,-2.38816589293313,-0.2714145185792956,-5.622596716678944,0.7091934806287812,-5.893180844960186,-5.3403189346756825,0.10022128274061495,-10.0,0.08349769888231426,-1.1091200678353281,0.05358316896778435,0.003911900065746238,wpv40-20260731-e60bb703,e60bb703becc859f189f,c081a525fd6c767f2c27,v40-1430-p0.54-e0.00-s0.35-f0.95-r0.95-x0.50-obs5,False,0,0,0.0,0.0,False,True,runtime_contract_missing,6.0586869326578086,0.00966203121591247,5.622596716678944,3042,0.9185671042778676,0.13577738776472387,2.940265893067273,0.5144641683103222,0.2511505588428665,0.09467455621301775,0.05719921104536489,0.12037126368161173,0.10387764620057702,-0.36866527528860166,,5.140119828379941,1.7481819724194363,0.9276791584483892,0.9464168310322156,0.020381328073635765,0.05358316896778435,0.00953320184089415,0.476848182388722,0.4983940278230811,-0.2714145185792956,-1.1091200678353281,0.3488372093023256,0.0016402500461147134,0.9983597499538853,0.4883720930232558,True,False,False,False,False,False,True,,1.1564726257259557,True,False,False,False,False,False,False,False,False,False,False,True,True,REJECTED,,,,
000617.SZ,7.15,12287010.0,2026-08-04 14:30:00,0.0,7,0.0,0.0,-0.1396648044692749,-0.1396648044692749,0.1398601398601373,0.0,0.0,0.1398601398601373,0.0,-0.1396648044692749,0.2797202797202747,0.0,-0.1271563679050236,0.0528252319404729,0.019966060951971,0.0,0.1428571428571428,-1.0,-0.0299490914279507,0.7500000006116991,-0.1396648044692749,0.0,59295240.0,0.207217476478719,0.2778365008725827,1.259357153377523,7.2,7.21,8.0304,7.93,6.49,-0.97222222222223,1.1220196353436185,0.8181818181818145,0.2777777777777842,0.1388888888888859,0.1388888888888884,0.557880055788007,2.269503546099294,4.644412191582004,4.644412191582004,6.029411764705883,0.8,0.7,0.6,2.173912285844112,1.3335163077887278,0.0,2.733326969786732,0.6881059912437107,0.9189893896063182,625333088.8055,0.4735,0.7,19.8457,0.8565,91149390311.0,91149390311.0,0.6608928683587942,中油资本,非银金融,主板,19961022,,L,main_board,20260804,20260805,10878,False,14:30,7.15,-0.832177531206657,-0.694444444444442,-0.1386962552011095,10.90909090909089,10.169491525423725,True,0.1357773877647239,0.5144641683103222,0.2511505588428665,0.0946745562130177,2.940265893067273,0.2403860044494443,-0.2293285806112432,0.1101249178172255,0.3541847083767099,4.718850742904934,3.0378023959180265,121,0,-0.2606821351591126,0.3157894736842105,-0.1962375202838429,0.0526315789473684,10,16.324053246104455,17.898039607796417,20.253795009425424,25.235765649206147,25.235765649206147,4.804021044733257,0.0,0.01964874435714,0.0948218494454926,-0.967954918971381,-0.5714953960475444,0.0896637761419683,0.0565727158145679,-1.3849995731238796,2.136430352698714,-0.8241675401608255,-0.11383803455499406,-0.7395993836671657,-0.3801119242819396,-0.8435241637283992,0.7437619106768766,0.022461818589282857,0.0,-0.13986013986013734,0.09631684388965904,-2.643903288993767,-0.3292065936123942,0.39645952292383657,0.2937212360289283,0.3754109138724523,0.6392176199868508,0.0304076265614727,0.39612097304405,0.883629191321499,0.5233399079552926,0.4921104536489152,0.2488494411571334,0.0382971729125575,0.2333990795529257,0.9566074950690336,0.7021696252465484,120.0,True,2026-08-04 14:30:00,0.2556805149022655,0.3910201008999912,0.31011229469491364,0.2425120882457036,-0.06760020644921003,0.5531680152453888,0.9934774236490725,0.5495599346310598,0.5023046298383493,0.4412841493048635,0.2425120882457036,0.4095328408652686,0.16061906976639267,0.14132486002870906,0.08333376027967529,0.08127456145345008,0.08333376027967529,0.027235165260710972,0.06004759443017088,-0.4352029207774796,-0.361042192035834,-0.2604712926009576,-0.41474124123831224,-5.622596716678944,0.10783532898893983,-2.255966456986756,-1.365458958271563,0.0036080806143290517,-2.255966456986756,0.2787639710716634,-1.1238617648255027,0.5604865220249836,0.05529257067718604,wpv40-20260731-e60bb703,e60bb703becc859f189f,c081a525fd6c767f2c27,v40-1430-p0.54-e0.00-s0.35-f0.95-r0.95-x0.50-obs5,False,0,0,0.0,0.0,False,True,runtime_contract_missing,0.832177531206657,0.021456917007128457,5.622596716678944,3042,0.9185671042778676,0.13577738776472387,2.940265893067273,0.5144641683103222,0.2511505588428665,0.09467455621301775,0.05719921104536489,0.12037126368161173,0.10387764620057702,-0.36866527528860166,,-1.7507446354845246,-0.5954375213522458,0.29372123602892836,0.8777120315581854,0.336620644312952,0.5604865220249836,0.4079552925706772,0.4095328408652686,0.2314592597253007,-0.41474124123831224,-1.1238617648255027,0.32558139534883723,0.0034360144540011204,0.9965639855459989,0.9069767441860465,True,False,False,True,False,False,False,,2.0242991193719035,True,False,False,False,False,False,False,False,False,False,False,True,True,REJECTED,,,,
000786.SZ,18.83,10089029.0,2026-08-04 14:30:00,0.0,7,0.0,0.0,-0.1590668080593937,0.0,0.1062134891131272,0.1062134891131272,0.0,0.1062134891131272,0.0,-0.1061007957559811,0.4782146652497321,0.1111111111110891,-0.1152934535688099,0.2068580076286159,0.1363030756130294,0.2857142857142857,0.4285714285714285,-0.1112616362139393,-0.0416564070583402,0.2996530566177878,-0.4759386567953494,0.0531349628055233,71663552.42,0.1407832665183973,0.235854760603284,1.0920892295710949,19.41,19.46,12.3261,21.41,17.51,-0.2074688796680601,1.1434511434511574,0.7173913043478288,0.6742738589211567,0.5705394190871339,0.9336099585062207,-4.654581087702104,-4.420432220039283,0.309278350515485,2.045097011012076,4.343163538874006,0.8,0.7,0.65,2.829624980940033,1.856067083484493,-4.654581087702104,3.823764696366055,0.8942179474229801,1.0693468732071094,453373834.565,1.2329,0.88,11.5501,1.1857,33125512560.0,32877821788.0,0.853489692220361,北新建材,建筑材料,主板,19970606,,L,main_board,20260804,20260805,10651,False,14:30,18.83,-3.2374100719424592,-2.988150437918613,-0.2569373072970227,13.701540095592147,7.538549400342642,True,0.1357773877647239,0.5144641683103222,0.2511505588428665,0.0946745562130177,2.940265893067273,0.2403860044494443,-0.2293285806112432,0.1101249178172255,0.3541847083767099,4.718850742904934,3.0378023959180265,121,0,0.0326370757180116,0.5,-0.2143644885580442,0.0862068965517241,10,16.12695925292163,18.08749285582909,19.932227587193488,24.216064157646755,24.223569594672707,4.804021044733257,0.0,0.0222532229052877,0.1580672437542834,-3.373187459707183,-3.270047147660471,0.0702617725518495,0.0552976804986504,-4.033885188358521,0.10930012019216034,-0.911279629452826,-0.11741726374100164,-6.162990695249505,-0.3801119242819396,-0.38885845579242045,3.321216950327025,0.0013888200031184925,-0.053078526307603895,-0.1859723698193508,0.7677673273172276,-0.7689661612954114,-1.1472389172899897,0.10314031204671226,0.0118343195266272,0.0190664036817883,0.608809993425378,0.5982905982905983,0.4224194608809993,0.9138724523339908,0.8888888888888888,0.1995397764628534,0.5072320841551611,0.3274161735700197,0.4457593688362919,0.8763971071663379,0.9884944115713348,120.0,True,2026-08-04 14:30:00,0.2738312200182257,0.35509276564158804,0.32889644124369394,0.2855418747805456,-0.043354566463148336,0.6481661253083583,0.9930500102347908,0.6436613773713099,0.5947283245036609,0.44362126549629005,0.2855418747805456,0.476848182388722,0.156960985809474,0.3023089383514117,0.22335140776762066,0.19908933558797645,0.22335140776762066,0.027800862882069316,0.06173725123693352,-0.40016937961337695,-0.4000638327674946,-0.29914773442902176,-0.4700274517438429,-5.622596716678944,0.008158225785065532,-2.7707760289829233,-2.04178554346475,0.004504747937048406,-2.7707760289829233,0.08925049309664694,-1.1700404004825409,0.5325443786982249,0.015655818540433908,wpv40-20260731-e60bb703,e60bb703becc859f189f,c081a525fd6c767f2c27,v40-1430-p0.54-e0.00-s0.35-f0.95-r0.95-x0.50-obs5,False,0,0,0.0,0.0,False,True,runtime_contract_missing,3.2374100719424592,0.022326677246620297,5.622596716678944,3042,0.9185671042778676,0.13577738776472387,2.940265893067273,0.5144641683103222,0.2511505588428665,0.09467455621301775,0.05719921104536489,0.12037126368161173,0.10387764620057702,-0.36866527528860166,,-4.155977176220327,-1.4134698450298415,0.011834319526627219,0.8905325443786982,0.2984878369493754,0.5325443786982249,0.1564760026298488,0.476848182388722,0.31229155931762065,-0.4700274517438429,-1.1700404004825409,0.3023255813953488,0.0016402500461147134,0.9983597499538853,0.4883720930232558,True,False,False,True,False,False,True,,1.5361253634561112,True,False,False,False,False,False,False,True,False,False,False,True,True,REJECTED,,,,
000066.SZ,14.29,19649398.0,2026-08-04 14:30:00,0.0,7,0.1401541695865482,0.4216444132115082,-0.2094972067039235,0.1401541695865482,0.2805049088359101,0.0699790062981264,0.0701262272089664,0.4213483146067398,0.8333333333333086,-0.2094972067039235,0.7730147575544688,0.5454545454545366,0.006968138848773,0.2388877443354831,0.1900803687742199,0.4285714285714285,0.5714285714285714,-0.1576152538790198,-0.0674720536184214,0.3775046499492199,-0.6978367062107416,0.4216444132115082,175156516.86,0.1121819407707534,0.2683583157660651,0.5776743917757267,13.95,13.83,11.008,15.21,12.45,-0.5094614264919972,1.1704462326261875,0.638888888888888,0.9461426491994234,0.5094614264919962,0.6550218340611202,5.171102661596949,-0.4319654427645814,-6.993947545393409,-3.9583333333333415,-26.51434643995749,0.4,0.5,0.35,4.034939898560222,2.869844901097048,-30.432595573440647,4.176268394910673,0.3439939454081812,0.5213500706353074,3239791252.5105,2.5045,0.65,2211.4157,4.0809,44612801553.0,44609353734.0,0.418242346766241,中国长城,计算机,主板,19970626,,L,main_board,20260804,20260805,10631,False,14:30,14.29,3.3261026753434564,2.437275985663079,0.867678958785234,6.438068579426193,14.779116465863453,True,0.1357773877647239,0.5144641683103222,0.2511505588428665,0.0946745562130177,2.940265893067273,0.2403860044494443,-0.2293285806112432,0.1101249178172255,0.3541847083767099,4.718850742904934,3.0378023959180265,121,0,1.705115346038122,0.8037383177570093,-0.2816901408450589,0.0560747663551401,10,16.793557310570076,18.981190519932795,21.898774736746223,24.521209398983217,24.52128668514584,4.804021044733257,0.0,0.0060650197708799,0.0540641366088855,3.1903252875787325,1.6209873293053343,0.0198313739073197,0.0721929341411353,19.52039889456408,-1.7333461516710675,-0.4672859340264219,-0.09552064080686128,8.34104788643726,-0.3801119242819396,0.93371642834256,2.274088139788676,0.0040146203354199635,0.4217916341223482,0.03513703443428723,2.1147730895123953,-0.8769692530133113,1.0850465242279834,-1.5693379582733982,0.8451676528599605,0.8362919132149902,0.5328731097961867,0.5539119000657462,0.7386587771203156,0.2560815253122945,0.1173570019723865,0.0821827744904667,0.009861932938856,0.6696252465483234,0.7284681130834977,0.908284023668639,0.1551610782380013,120.0,True,2026-08-04 14:30:00,0.3065846369670806,0.33606015246432475,0.35746089348963733,0.43404332918000216,0.07658243569036483,0.9971723855939983,0.9806958873083141,0.9779228574894546,0.9773390009269745,0.44384209434912675,0.43404332918000216,0.476848182388722,0.18414652338611107,0.43252416781417236,0.44318562678582557,0.4422247982266276,0.44318562678582557,0.00011376746077093602,0.0006754984783585716,-1.1858981429162625,-0.6519239998983799,-1.3522991838407519,-0.5191231753880016,-5.622596716678944,0.257417151423731,-3.7486916710821685,-3.365771379540222,0.019249528104543768,-3.7486916710821685,0.25312294543063774,-1.3069844886732334,0.10289283366206443,0.047255095332018424,wpv40-20260731-e60bb703,e60bb703becc859f189f,c081a525fd6c767f2c27,v40-1430-p0.54-e0.00-s0.35-f0.95-r0.95-x0.50-obs5,False,0,0,0.0,0.0,False,True,runtime_contract_missing,3.3261026753434564,0.0006422687387878656,5.622596716678944,3042,0.9185671042778676,0.13577738776472387,2.940265893067273,0.5144641683103222,0.2511505588428665,0.09467455621301775,0.05719921104536489,0.12037126368161173,0.10387764620057702,-0.36866527528860166,,2.407535571065589,0.8188155964881318,0.8451676528599605,0.9779750164365549,0.05654174884944116,0.10289283366206443,0.05193951347797501,0.476848182388722,0.4983940278230811,-0.5191231753880016,-1.3069844886732334,0.27906976744186046,0.0016402500461147134,0.9983597499538853,0.4883720930232558,True,False,False,False,True,False,True,,1.4015992533805002,True,True,True,True,False,False,False,False,False,False,False,True,True,REJECTED,,,,
600522.SH,29.99,61709139.0,2026-08-04 14:30:00,0.0,7,0.3681392235609149,0.401740877134249,-0.2992021276595702,0.3681392235609149,0.3681392235609149,0.0,0.0,0.4353650368385864,1.0,-0.2660458929165332,1.1070110701107083,0.5454545454545415,0.0437967209364842,0.2608890129601757,0.1811010687729057,0.5714285714285714,0.4285714285714285,-0.2101434501716669,-0.1130863695612841,0.5444442349496569,-0.7641196013289053,0.401740877134249,629548651.0,0.0980212393465997,0.2294809428477355,0.5341968752702781,28.89,28.39,9.0414,31.23,25.55,-1.297335203366068,0.852575488454721,0.4578313253012046,1.577840112201961,0.4908835904628227,-0.4558204768583485,2.490974729241868,-3.2379004771642905,-13.074096754439667,-11.88702669149596,-40.53000383356631,0.2,0.4,0.3,5.175246240731662,3.513713164833197,-39.57385411733001,6.472116835720162,0.5197609844317722,0.6797485812716055,8969657934.4,4.8105,0.78,30.3396,2.549,96893641983.0,96893641983.0,0.673783848516639,中天科技,通信,主板,20021024,,L,main_board,20260804,20260805,8685,False,14:30,29.99,5.635787249031332,3.807545863620621,1.7611835153223063,4.134711570523519,17.377690802348322,True,0.1357773877647239,0.5144641683103222,0.2511505588428665,0.0946745562130177,2.940265893067273,0.2403860044494443,-0.2293285806112432,0.1101249178172255,0.3541847083767099,4.718850742904934,3.0378023959180265,121,0,3.0195381882770933,0.8823529411764706,-0.3541076487252104,0.0784313725490196,10,17.937942614047167,20.26051369519772,22.9171133779979,25.29687973949022,25.29687973949022,4.804021044733257,0.0,0.0068797650313214,0.0701864726173765,5.500009861266609,2.616249060754239,-0.0698735470483269,0.0549055210656401,27.455907079126646,-2.526275300978005,-0.609562108654229,-0.12806061577209457,13.242979231824803,-0.3801119242819396,1.758750502802527,3.793335686922239,0.012938368726855193,0.401740877134249,0.05031868500502785,6.705787008842272,-1.1468559916137326,1.8705824783516505,-2.88376080051237,0.9181459566074952,0.901051939513478,0.3859303090072321,0.4740302432610125,0.8116370808678501,0.3251150558842866,0.2679158448389218,0.0433925049309664,0.0877712031558185,0.868836291913215,0.8879026955950032,0.9608809993425378,0.0818540433925049,120.0,True,2026-08-04 14:30:00,0.3141694628283743,0.34324199778169084,0.3631164609825094,0.41283927589634933,0.04972281491383995,0.9993039663617835,0.9307912918870593,0.930143429837747,0.9157202655918305,0.4438447476518374,0.41283927589634933,0.476848182388722,0.1928829348503791,0.4178760673279888,0.4492833581519585,0.4578452150356014,0.4578452150356014,0.009891158320630644,0.0222983981732231,-1.316014229508131,-0.7289253927957761,-1.8762778818582706,-0.5438408725860726,-5.622596716678944,0.6019559400010024,-4.847920974555121,-4.872677437089703,0.06916053652403656,-4.847920974555121,0.20710059171597633,-1.3625115535388765,0.10092044707429323,0.020093688362919138,wpv40-20260731-e60bb703,e60bb703becc859f189f,c081a525fd6c767f2c27,v40-1430-p0.54-e0.00-s0.35-f0.95-r0.95-x0.50-obs5,False,0,0,0.0,0.0,False,True,runtime_contract_missing,5.635787249031332,0.006397857422696274,5.622596716678944,3042,0.9185671042778676,0.13577738776472387,2.940265893067273,0.5144641683103222,0.2511505588428665,0.09467455621301775,0.05719921104536489,0.12037126368161173,0.10387764620057702,-0.36866527528860166,,4.7172201447534645,1.6043515506117987,0.9181459566074951,0.9552925706771861,0.03550295857988166,0.10092044707429323,0.02465483234714004,0.476848182388722,0.4983940278230811,-0.5438408725860726,-1.3625115535388765,0.2558139534883721,0.0016402500461147134,0.9983597499538853,0.4883720930232558,True,False,False,False,False,False,True,,1.4838524989402289,True,False,False,False,False,False,False,False,False,False,False,True,True,REJECTED,,,,
601058.SH,13.62,13179886.0,2026-08-04 14:30:00,0.0,7,0.0734753857457803,-0.0733675715333892,0.0,0.0734753857457803,0.2941176470588225,0.1468428781204123,0.0735294117647056,0.3676470588235281,0.3999999999999858,-0.2197802197802301,0.3676470588235281,0.3999999999999858,-0.0386825051851835,0.0933905489598762,0.0733868428533704,0.2857142857142857,0.4285714285714285,-0.4283019415733408,-0.018346707895576,0.32233818965382927,-0.2199413489736179,0.0734753857457803,55479878.0,0.2375615533977922,0.2375615533977922,1.9001544309327056,14.02,14.02,5.6699,15.42,12.62,-0.1412429378531032,-0.8486562942008558,0.2647058823529408,0.9180790960451908,0.635593220338982,-0.9887005649717672,-2.163293789253329,1.2274368231046884,2.7859237536656645,5.413533834586448,8.262548262548265,0.4,0.5,0.45,2.565288136391024,1.3260351032292867,-2.163293789253329,3.2763794845837912,0.7012151117812647,0.9680850728325304,636640506.6,0.9638,0.69,13.0212,2.0566,46099166206.0,46099166206.0,0.6661528944612822,赛轮轮胎,汽车,主板,20110630,,L,main_board,20260804,20260805,5514,False,14:30,13.62,-2.853067047075608,-2.853067047075608,0.0,13.215859030837018,7.923930269413626,True,0.1357773877647239,0.5144641683103222,0.2511505588428665,0.0946745562130177,2.940265893067273,0.2403860044494443,-0.2293285806112432,0.1101249178172255,0.3541847083767099,4.718850742904934,3.0378023959180265,121,0,-0.178607879159004,0.4504950495049505,-0.2584982878142461,0.094059405940594,10,16.394202513405524,17.831530972442412,20.271715701953458,24.5540607001694,24.5540607001694,4.804021044733257,0.0,0.020702242259745,0.0871447503337356,-2.988844434840332,-2.674459167916604,0.2293285806112432,0.2584982878142461,-5.4766245088826,1.0860081228867497,-0.8809403224987948,0.0,-5.291928761423392,-0.3801119242819396,-0.5932714343409917,2.8272853411417898,0.00253291112826951,0.0001619193900735949,-0.03676470588235803,-0.0,0.0,-1.0165218192979077,0.31438526692372815,0.0230111768573307,0.0243261012491781,0.8154174884944115,0.2396449704142011,0.6025641025641025,0.8990795529257067,0.4506903353057199,0.3280736357659434,0.2636423405654174,0.2120315581854043,0.3648915187376725,0.9112426035502958,0.9779750164365548,120.0,True,2026-08-04 14:30:00,0.2040719086206882,0.3631982808636813,0.2453117924785605,0.15177444678904856,-0.09353734568951194,0.3449264760014948,0.9925806096608043,0.3423673318377165,0.2999080277022674,0.44330878759481135,0.15177444678904856,0.2945579824709053,0.16577323397416407,0.2033885391532671,0.08613447294133775,0.0721927356400533,0.08613447294133775,0.024037283186270894,0.05418331872206533,-0.5083194264966704,-0.3437769469770344,-0.18975156179810793,-0.41474124123831224,-5.622596716678944,0.033163216004181414,-2.429603329986855,-1.4800678879031675,0.002559144163778307,-2.429603329986855,0.3247863247863248,-1.368778638886498,0.6923076923076923,0.056788297172912616,wpv40-20260731-e60bb703,e60bb703becc859f189f,c081a525fd6c767f2c27,v40-1430-p0.54-e0.00-s0.35-f0.95-r0.95-x0.50-obs5,False,0,0,0.0,0.0,False,True,runtime_contract_missing,2.853067047075608,0.01883410405414579,5.622596716678944,3042,0.9185671042778676,0.13577738776472387,2.940265893067273,0.5144641683103222,0.2511505588428665,0.09467455621301775,0.05719921104536489,0.12037126368161173,0.10387764620057702,-0.36866527528860166,,-3.7716341513534757,-1.2827527470377595,0.023011176857330704,0.8234714003944773,0.44148586456278766,0.6923076923076923,0.39414858645627876,0.2945579824709053,0.2314592597253007,-0.41474124123831224,-1.368778638886498,0.23255813953488372,0.0016402500461147134,0.9983597499538853,0.4883720930232558,True,False,False,True,False,False,True,,2.027717091530256,True,False,False,False,False,False,False,True,False,False,False,True,True,REJECTED,,,,
600580.SH,35.52,111792536.0,2026-08-04 14:30:00,0.0,7,-0.6711409395973034,2.186421173762953,1.8640665328362616,-0.5877413937867115,0.9316770186335256,0.055975370836836,0.2823263692828925,3.538550057537404,0.6178861788617908,1.9517795637198576,3.6876980697205353,0.6328125000000012,0.570563442127936,1.1573430861137812,0.5752080428902177,0.2857142857142857,0.7142857142857143,0.4800689414797759,0.3768701552745921,0.5091379614412886,-0.6711409395973034,2.186421173762953,585256107.0,0.1910147278480256,0.5228049521232933,0.8716876571710801,34.0,34.51,9.1046,37.96,31.06,2.4928999684442843,6.25,0.9920948616600778,0.0631113916061947,1.514673398548428,8.898706216472064,19.78479694550504,16.46979412757339,16.46979412757339,23.47048300536672,-8.968609865470857,0.6,0.6,0.45,4.963436214532456,2.7314109521304464,-4.351441241685161,4.230727909800264,2.555500173023623,1.1686161355805895,1404611958.9,6.8496,2.99,47.5369,4.83,53908674925.0,53753897575.0,2.424242424242424,卧龙电驱,电力设备,主板,20020606,,L,main_board,20260804,20260805,8825,False,14:30,35.52,2.9266879165459336,4.470588235294137,-1.4778325123152691,6.869369369369371,14.359304571796528,True,0.1357773877647239,0.5144641683103222,0.2511505588428665,0.0946745562130177,2.940265893067273,0.2403860044494443,-0.2293285806112432,0.1101249178172255,0.3541847083767099,4.718850742904934,3.0378023959180265,121,0,0.9445100354191328,0.6949152542372882,-0.2308580223162715,0.135593220338983,10,18.53215536332659,20.187560100846405,21.06302691646143,24.7076820143671,24.710557246734883,4.804021044733257,0.0,0.0795896228076746,0.4166674669766689,2.7909105287812097,1.982177881126801,2.093395113447505,2.094924555152533,25.438403993044247,3.3182241930200376,-0.7519486686039206,1.1684724241933622,7.489935202427157,-0.3801119242819396,0.43466220604837036,2.3520376524099307,0.09211510165607448,2.4127721722090096,0.4897723998847631,-6.60678064329182,1.6106429935962832,0.9492034497158158,-0.8087326476544088,0.8205128205128205,0.9191321499013808,0.9986850756081526,0.9786324786324786,0.99474030243261,0.9967126890203812,0.99474030243261,0.9829059829059827,0.9868507560815252,0.9266929651545036,0.8681788297172912,0.92077580539119,0.1791584483892176,120.0,True,2026-08-04 14:30:00,0.3211077417321115,0.3367331569441909,0.3679811339916817,0.4191746217900847,0.05119348779840299,0.9977426977185422,0.9465494057632677,0.9444127576301258,0.9382828641221921,0.4438468438757074,0.4191746217900847,0.476848182388722,0.18554936120126106,0.3977941810326978,0.4531025086806454,0.429011839566724,0.4531025086806454,0.003615947620688925,0.008286510940665792,-2.066194498866727,-1.6956418308855807,-2.4847452384709343,-0.5950652903729281,-5.622596716678944,0.4046371428202753,-6.068941892582803,-6.006906486979215,0.05332994008841641,-6.068941892582803,0.27284681130834976,-1.402454672060551,0.062458908612754764,0.023216633793556873,wpv40-20260731-e60bb703,e60bb703becc859f189f,c081a525fd6c767f2c27,v40-1430-p0.54-e0.00-s0.35-f0.95-r0.95-x0.50-obs5,False,0,0,0.0,0.0,False,True,runtime_contract_missing,2.9266879165459336,0.002769553023246052,5.622596716678945,3042,0.9185671042778676,0.13577738776472387,2.940265893067273,0.5144641683103222,0.2511505588428665,0.09467455621301775,0.05719921104536489,0.12037126368161173,0.10387764620057702,-0.36866527528860166,,2.008120812268066,0.6829725219759641,0.8205128205128205,0.9612097304404996,0.01643655489809336,0.062458908612754764,0.03714661406969099,0.476848182388722,0.4983940278230811,-0.5950652903729281,-1.402454672060551,0.20930232558139536,0.027929350367262518,0.9720706496327375,0.9767441860465116,True,False,False,False,False,False,False,,2.035770132150211,True,False,False,False,False,False,False,False,False,False,False,True,True,REJECTED,,,,
603308.SH,45.49,26459571.0,2026-08-04 14:30:00,0.0,7,0.3529671299360437,0.6193320061933294,0.0219876868953416,0.4194260485651302,0.4415011037527616,0.0219828533743582,0.0,0.8421985815602939,0.9736842105263211,0.7084348018596476,0.9540714444197906,0.9767441860465162,0.4013464514408316,0.3509067214707685,0.2709729581006153,0.7142857142857143,0.1428571428571428,0.3721706067162384,0.0606663442681565,0.21489800827927183,-0.593667546174137,0.6638636866563408,121304454.0,0.2181253047806472,0.2181253047806472,1.4254630217080817,43.85,43.22,1.4915,47.54,38.9,0.9101516919486574,-0.0462534690101823,0.4329896907216485,1.2368728121353585,0.9801633605600972,0.8634772462077,4.169679440829111,-1.5489749430523836,-8.081667375584855,-1.5489749430523836,-30.875652334415527,0.6,0.6,0.35,5.241198909274343,3.346415674436715,-23.56219640083227,5.661678904441371,0.551132635926805,0.7649308121164828,1047023403.05,1.9642,0.67,77.8965,5.7727,29348571254.0,29348571254.0,0.6183992834351039,应流股份,机械设备,主板,20140122,,L,main_board,20260804,20260805,4577,False,14:30,45.49,5.252198056455359,3.740022805017107,1.457658491439151,4.506484941745437,16.940874035989715,True,0.1357773877647239,0.5144641683103222,0.2511505588428665,0.0946745562130177,2.940265893067273,0.2403860044494443,-0.2293285806112432,0.1101249178172255,0.3541847083767099,4.718850742904934,3.0378023959180265,121,0,0.4975034730907879,0.576271186440678,-0.2444590665522494,0.0932203389830508,10,17.09112854116123,18.61381410036269,20.76921712202337,24.10250970247856,24.10250970247856,4.804021044733257,0.0,0.0252712316868207,0.1158564876836923,5.116420668690635,4.754694583364572,0.251316267506585,0.2664467534475911,22.79398495883067,-1.5419501368826665,-0.6490743244327906,0.019481584057834136,12.434389094244278,-0.3801119242819396,-0.027057635850273765,4.9322426582273815,0.004852016690465883,0.6418808332819825,0.45484801420013715,5.451675999909258,0.06265963445551508,1.7401217627135097,-0.36172608532606265,0.9122287968441816,0.8980933596318211,0.891190006574622,0.9618671926364234,0.9842209072978304,0.9365548980933596,0.6936226166995397,0.0723208415516107,0.1094674556213017,0.5634451019066403,0.8941485864562788,0.8612754766600921,0.0880999342537804,120.0,True,2026-08-04 14:30:00,0.3037198094023328,0.3384228077619593,0.35523217011662056,0.41920372845256065,0.06397155833594009,0.9851517989160499,0.9586966516867308,0.9444617310239766,0.9436096150566509,0.44385464723707113,0.41920372845256065,0.476848182388722,0.21253734390857923,0.43288625054305474,0.45424173959508035,0.4495345654164456,0.45424173959508035,0.000366735067461349,0.0009984071915304371,-1.1751286604200402,-0.45852363883008784,-1.515809806757897,-0.6013103170442865,-5.622596716678944,0.413882622265504,-4.722387517437978,-4.6043515825369425,0.04069006789207335,-4.722387517437978,0.38527284681130836,-1.4060363232646802,0.126232741617357,0.027309335963182135,wpv40-20260731-e60bb703,e60bb703becc859f189f,c081a525fd6c767f2c27,v40-1430-p0.54-e0.00-s0.35-f0.95-r0.95-x0.50-obs5,False,0,0,0.0,0.0,False,True,runtime_contract_missing,5.252198056455359,0.000851831402704506,5.622596716678944,3042,0.9185671042778676,0.13577738776472387,2.940265893067273,0.5144641683103222,0.2511505588428665,0.09467455621301775,0.05719921104536489,0.12037126368161173,0.10387764620057702,-0.36866527528860166,,4.333630952177492,1.4738908349736581,0.9122287968441815,0.9615384615384616,0.04799474030243261,0.126232741617357,0.03418803418803419,0.476848182388722,0.4983940278230811,-0.6013103170442865,-1.4060363232646802,0.18604651162790697,0.0034360144540011204,0.9965639855459989,0.9069767441860465,True,False,False,False,False,False,False,,1.9901767799801342,True,False,False,False,False,False,False,False,False,False,False,True,True,REJECTED,,,,
000400.SZ,23.85,15371928.8,2026-08-04 14:30:00,0.0,7,0.2522068095838659,0.336558687421129,0.0,0.2522068095838659,0.3362757461118137,0.0838574423480009,0.0,0.547598989048037,0.8461538461538525,0.1679966400672139,0.547598989048037,0.8461538461538525,0.160118717909885,0.1549480920640469,0.1199775537153502,0.5714285714285714,0.2857142857142857,0.1998655800426257,-0.0030169452860294,0.0027050530629268983,-0.3354297693920371,0.336558687421129,49062946.8,0.3133103452318522,0.3133103452318522,2.296390080580679,23.64,23.64,8.1795,26.0,21.28,0.2631578947368318,3.4120734908136496,0.8936170212765977,0.4385964912280607,0.2631578947368365,3.6842105263157783,2.961672473867605,4.463102076889092,6.008968609865484,7.650273224043724,11.984841307437245,0.6,0.5,0.5,2.866072163243346,1.2083314757418606,0.0,3.3874587686114124,1.5492387823351104,1.113187608082822,495864319.051,3.2389,1.51,22.4907,1.9621,24080231172.000004,23916618732.0,1.4340839002618977,许继电气,电力设备,主板,19970418,,L,main_board,20260804,20260805,10700,False,14:30,23.85,0.8883248730964466,0.8883248730964466,0.0,9.014675052410892,12.077067669172935,True,0.1357773877647239,0.5144641683103222,0.2511505588428665,0.0946745562130177,2.940265893067273,0.2403860044494443,-0.2293285806112432,0.1101249178172255,0.3541847083767099,4.718850742904934,3.0378023959180265,121,0,0.9445100354191328,0.6949152542372882,-0.2308580223162715,0.135593220338983,10,16.548053663911713,17.708614680599005,20.02181289898377,23.8978393987209,23.90465705754859,4.804021044733257,0.0,0.0310002720692209,0.0989442976939702,0.7525474853317227,-0.0561851623226861,0.2293285806112432,0.2308580223162715,-5.975872697571761,2.096586641093338,-1.0142433103888517,0.0,3.062392616762043,-0.3801119242819396,0.43466220604837036,-0.205625880226425,-1.6311024164507594e-06,0.2527012450731281,0.18955349620893935,0.0,0.0,0.2559453847715345,-0.8087326476544088,0.62853385930309,0.6844181459566075,0.8154174884944115,0.9000657462195923,0.92077580539119,0.9615384615384616,0.5687047994740303,0.6291913214990138,0.9214332675871136,0.759697567389875,0.4569362261669954,0.8307034845496384,0.3691650230111769,120.0,True,2026-08-04 14:30:00,0.15119469765951127,0.3856824761644685,0.16443290027465066,0.13390287022747926,-0.03053003004717139,0.3057367615296979,0.9913605394692311,0.30309536084565697,0.27927505294656985,0.44178462466030827,0.13390287022747926,0.26865092807314506,0.16688831545201527,0.34154535195488933,0.09385326839967442,0.10616221237996502,0.10616221237996502,0.013228358859447724,0.030116145017566764,-0.7918315197455263,-0.5473977395125804,-0.2585169926423634,-0.41474124123831224,-5.622596716678944,0.055440009930342427,-2.6810925934025907,-1.3230524066178602,0.0026414006840409336,-2.6810925934025907,0.2693951347797502,-1.411478944261547,0.3422090729783038,0.07281393819855358,wpv40-20260731-e60bb703,e60bb703becc859f189f,c081a525fd6c767f2c27,v40-1430-p0.54-e0.00-s0.35-f0.95-r0.95-x0.50-obs5,False,0,0,0.0,0.0,False,True,runtime_contract_missing,0.8883248730964466,0.010472069049329444,5.622596716678944,3042,0.9185671042778676,0.13577738776472387,2.940265893067273,0.5144641683103222,0.2511505588428665,0.09467455621301775,0.05719921104536489,0.12037126368161173,0.10387764620057702,-0.36866527528860166,,-0.030242231181420998,-0.010285542968317204,0.62853385930309,0.7991452991452992,0.33826429980276135,0.3422090729783038,0.3257725180802104,0.26865092807314506,0.2314592597253007,-0.41474124123831224,-1.411478944261547,0.16279069767441862,0.0016402500461147134,0.9983597499538853,0.4883720930232558,True,False,False,True,False,False,True,,2.1440245625441787,True,False,False,False,False,False,False,True,False,False,False,True,True,REJECTED,,,,
601696.SH,12.01,15994763.0,2026-08-04 14:30:00,0.0,7,0.0,0.0833333333333241,-0.3319502074688896,-0.0831946755407653,0.1666666666666705,0.0,0.0833333333333241,0.1666666666666705,0.5,-0.1662510390689875,0.5833333333333357,0.1428571428571392,-0.1068204592846622,0.1333654133419691,0.0950303771804566,0.4285714285714285,0.2857142857142857,-0.2501296268268351,-0.0504974978939896,0.5236660032302671,-0.4149377593361092,0.0833333333333241,45732473.0,0.34974629515443,0.34974629515443,3.1114943032581137,11.91,11.89,1.0207,13.08,10.7,-1.4370245139475937,1.9725557461406584,0.9069767441860483,0.3381234150464847,1.352493660185969,0.507185122569731,1.8851756640959616,1.6239316239316404,3.4812880765883403,2.677029360967187,-4.344328238133555,0.6,0.7,0.55,2.556737785889467,1.6142121398272835,-0.58528428093646,3.6382259224289415,0.7296803484309918,0.9502784586844848,532478661.15,1.1848,0.78,29.3227,1.7067,33030420000.0,33030420000.0,0.7218932027003971,中银证券,非银金融,主板,20200226,,L,main_board,20260804,20260805,2351,False,14:30,12.01,1.0092514718250456,0.8396305625524736,0.1682085786375076,8.90924229808494,12.24299065420562,True,0.1357773877647239,0.5144641683103222,0.2511505588428665,0.0946745562130177,2.940265893067273,0.2403860044494443,-0.2293285806112432,0.1101249178172255,0.3541847083767099,4.718850742904934,3.0378023959180265,121,0,-0.2606821351591126,0.3157894736842105,-0.1962375202838429,0.0526315789473684,10,16.58777197664609,17.638319194323948,20.093053383665172,24.22069479201153,24.22069479201153,4.804021044733257,0.0,0.0300383173392449,0.0858860201106107,0.8734740840603217,1.2699336069841582,-0.1026216268576463,-0.1357126871850467,7.825616314721895,1.361613261947091,-0.8643924385738742,-0.4693067352248929,3.3337483561206795,-0.3801119242819396,-0.8435241637283992,1.053211324558328,0.006614383552669895,0.1666666666666482,-0.20833333333333628,0.14123306350756248,-2.4890276957918545,0.29707316134906325,0.39645952292383657,0.6433267587113741,0.678172255095332,0.3422090729783038,0.4372123602892833,0.4375410913872452,0.9589086127547666,0.4372123602892833,0.383629191321499,0.2978303747534517,0.3070348454963839,0.361275476660092,0.8770545693622617,0.3573307034845496,120.0,True,2026-08-04 14:30:00,0.15526600181665712,0.399764750400807,0.1709916749712554,0.12189274241592805,-0.04909893255532734,0.27898223016139956,0.9922057711411617,0.2768077788119725,0.26503279698909943,0.4403515787709357,0.12189274241592805,0.26865092807314506,0.16184092360607003,0.2740481151418929,0.04837130326870065,0.07803310138946211,0.07803310138946211,0.007215743444648828,0.014798811401825956,-0.5639537237934851,-0.3376753150841761,-0.1732358087586596,-0.41474124123831224,-5.622596716678944,0.07492503956327332,-2.8161120267678683,-1.0886832594452303,0.002174451349427047,-2.8161120267678683,0.08727810650887574,-1.4186000722402823,0.551939513477975,0.08121301775147927,wpv40-20260731-e60bb703,e60bb703becc859f189f,c081a525fd6c767f2c27,v40-1430-p0.54-e0.00-s0.35-f0.95-r0.95-x0.50-obs5,False,0,0,0.0,0.0,False,True,runtime_contract_missing,1.0092514718250456,0.00583117679618958,5.622596716678944,3042,0.9185671042778676,0.13577738776472387,2.940265893067273,0.5144641683103222,0.2511505588428665,0.09467455621301775,0.05719921104536489,0.12037126368161173,0.10387764620057702,-0.36866527528860166,,0.09068436754717801,0.0308422336092116,0.6433267587113741,0.7794214332675871,0.4779750164365549,0.551939513477975,0.4342537804076266,0.26865092807314506,0.2314592597253007,-0.41474124123831224,-1.4186000722402823,0.13953488372093023,0.0016402500461147134,0.9983597499538853,0.4883720930232558,True,False,False,True,False,False,True,,2.1815226324551373,True,False,False,False,False,False,False,True,False,False,False,True,True,REJECTED,,,,
600315.SH,17.85,14719623.0,2026-08-04 14:30:00,0.0,7,-0.5016722408026753,-0.6677796327211882,-0.7782101167315036,-0.5016722408026753,0.6730229949523325,0.0557413600891676,0.112170499158748,0.8412787436904212,0.1333333333333523,-0.9983361064891838,1.1777902411665764,0.0952380952381097,-0.5302652496235405,0.1929766099219975,0.159222383250181,0.1428571428571428,0.7142857142857143,-0.9002259952190306,-0.0976294801646139,0.5880206138125335,-0.7782101167315036,0.0,43668564.0,0.3370759569744496,0.3370759569744496,3.310593337845032,18.45,18.44,5.771,20.28,16.6,-0.7065217391304279,0.9304871373837064,0.7142857142857195,0.7608695652173751,0.978260869565216,0.2173913043478359,-1.0729613733905463,1.2074643249176953,4.535147392290262,4.204886887469539,4.379825141897276,0.8,0.5,0.55,2.160874087463543,1.100612370046376,-1.0729613733905463,2.9960571698950687,0.9913066142565148,1.1527352325013205,112967528.3,0.9069,0.82,45.4758,1.753,12395847440.0,12395847440.0,0.9665249224669884,上海家化,美容护理,主板,20010315,,L,main_board,20260804,20260805,9273,False,14:30,17.85,-3.199566160520606,-3.252032520325188,0.0542299349240771,13.613445378151257,7.530120481927716,True,0.1357773877647239,0.5144641683103222,0.2511505588428665,0.0946745562130177,2.940265893067273,0.2403860044494443,-0.2293285806112432,0.1101249178172255,0.3541847083767099,4.718850742904934,3.0378023959180265,121,0,-0.9811943546883196,0.2142857142857142,-0.2212065635182281,0.0,10,16.504692127460505,17.59213906483482,18.54261098405588,23.240627369680983,23.240627369680983,4.804021044733257,0.0,0.1302995933566867,0.386558550560055,-3.33534354828533,-2.2183718058322865,-0.5488815361202604,-0.5570035532132755,0.1553222503929863,2.098755970373853,-0.7661766819412654,-1.1370237821275475,-6.083324896223541,-0.3801119242819396,-1.442771277233207,2.7201161905846583,0.05168030613405743,0.05642913906958039,-0.47672462142454963,-0.1763575119482174,-4.032665497886307,-1.1343680026182643,1.1169717424530434,0.0131492439184746,0.0105193951347797,0.0315581854043392,0.0522682445759368,0.0141354372123602,0.9983563445101906,0.9944115713346484,0.480276134122288,0.6170282708744247,0.1901709401709401,0.2307692307692307,0.6949375410913873,0.9868507560815252,120.0,True,2026-08-04 14:30:00,0.12576429321399157,0.3702124316984682,0.12323937052348172,0.12265415679227464,-0.0005852137312070821,0.280585800115545,0.9869057290105158,0.2769117336130308,0.2640528093324274,0.4429359319373487,0.12265415679227464,0.26865092807314506,0.1713265960254254,0.24923761900358837,0.04277723128943056,0.07269088766238194,0.07269088766238194,0.007510313663239926,0.016161253072916798,-0.7063137604088504,-0.40179986813139856,-0.22900645665766645,-0.41474124123831224,-5.622596716678944,0.04338601663615922,-2.5981809555953737,-0.6548052520469434,0.0036740665025142036,-2.5981809555953737,0.19017094017094016,-1.4190900660686183,0.4750164365548981,0.021318211702827106,wpv40-20260731-e60bb703,e60bb703becc859f189f,c081a525fd6c767f2c27,v40-1430-p0.54-e0.00-s0.35-f0.95-r0.95-x0.50-obs5,False,0,0,0.0,0.0,False,True,runtime_contract_missing,3.199566160520606,0.006081294279433019,5.622596716678944,3042,0.9185671042778676,0.13577738776472387,2.940265893067273,0.5144641683103222,0.2511505588428665,0.09467455621301775,0.05719921104536489,0.12037126368161173,0.10387764620057702,-0.36866527528860166,,-4.118133264798473,-1.400598930358116,0.013149243918474688,0.7817225509533202,0.37343852728468113,0.4750164365548981,0.4651545036160421,0.26865092807314506,0.2314592597253007,-0.41474124123831224,-1.4190900660686183,0.11627906976744186,0.0016402500461147134,0.9983597499538853,0.4883720930232558,True,False,False,True,False,False,True,,2.205758434065298,True,False,False,False,False,False,False,True,False,False,False,True,True,REJECTED,,,,
002491.SZ,14.62,17032719.04,2026-08-04 14:30:00,0.0,7,0.136986301369868,0.3431708991077586,-0.8141112618724633,0.136986301369868,0.3429355281207247,0.0683994528043907,0.137174211248281,0.5498281786941561,0.8749999999999806,-0.8141112618724633,1.719394773039884,0.3200000000000003,-0.2850149429109438,0.3427855985041935,0.2728291376970476,0.5714285714285714,0.4285714285714285,-0.4280246870445107,-0.1947475754269415,0.7279826638662151,-1.2203389830508504,0.3431708991077586,207817758.77,0.0819598822584299,0.2371952481912525,0.4280999812513344,14.17,13.86,4.203,15.25,12.47,-2.148997134670494,1.4641288433382194,0.7058823529411756,1.074498567335246,1.1461318051575942,-0.7163323782235165,0.4347826086956496,-6.540795684423473,-16.35485817742911,-17.842323651452286,-42.561127227517616,0.2,0.4,0.3,4.497449639589219,3.296761227690981,-40.51502145922748,8.28914286319421,0.5526200778702155,0.8098886965729919,2553325135.6665,8.7101,0.65,,6.7641,17047723770.0,16305858954.0,0.7233326066872204,通鼎互联,通信,主板,20101021,,L,main_board,20260804,20260805,5766,False,14:30,14.62,5.48340548340549,3.1757233592095924,2.236652236652237,4.309165526675796,17.24137931034482,True,0.1357773877647239,0.5144641683103222,0.2511505588428665,0.0946745562130177,2.940265893067273,0.2403860044494443,-0.2293285806112432,0.1101249178172255,0.3541847083767099,4.718850742904934,3.0378023959180265,121,0,3.0195381882770933,0.8823529411764706,-0.3541076487252104,0.0784313725490196,10,16.65064676037816,19.152172098665577,21.660662321842818,23.51479032526624,23.55928252859644,4.804021044733257,0.0,0.0066707991090033,0.0813910284542563,5.347628095640767,2.463867295128397,-0.58478268126122,-0.4600036131472529,26.206269050088505,-3.6364738881040375,-0.7284976681187356,-0.2901043769457438,12.932213783669022,-0.3801119242819396,1.758750502802527,3.629854814088166,0.06068228349393291,0.4119456575516489,-0.3094910591471786,7.1029887543648895,-2.3749867713958346,1.8187566329459215,-2.88376080051237,0.9168310322156475,0.8773833004602235,0.0269559500328731,0.2426035502958579,0.1134122287968441,0.3070348454963839,0.3898750821827745,0.0259697567389875,0.1117685733070348,0.960552268244576,0.8014464168310322,0.7564102564102564,0.0834976988823142,120.0,True,2026-08-04 14:30:00,0.31474962561926334,0.33630943748313974,0.3635344881918864,0.39010040457132533,0.026565916379438947,0.9980549818998057,0.8806262296792673,0.8789133957230353,0.8612206185583234,0.44384396286326994,0.39010040457132533,0.476848182388722,0.19232890311239872,0.3791329901054462,0.42821322190336825,0.4523666499409761,0.4523666499409761,0.012734486285237129,0.02863890956793308,-1.7633174860690024,-1.2481565155707528,-2.6875848714616737,-0.6762316011222673,-5.622596716678944,0.5643661440712322,-6.413586146613856,-6.659904939735633,0.11914158617677044,-10.0,0.18704799474030243,-1.5221521055918246,0.06344510190664036,0.005950032873109801,wpv40-20260731-e60bb703,e60bb703becc859f189f,c081a525fd6c767f2c27,v40-1430-p0.54-e0.00-s0.35-f0.95-r0.95-x0.50-obs5,False,0,0,0.0,0.0,False,True,runtime_contract_missing,5.48340548340549,0.007883171175872006,5.622596716678945,3042,0.9185671042778676,0.13577738776472387,2.940265893067273,0.5144641683103222,0.2511505588428665,0.09467455621301775,0.05719921104536489,0.12037126368161173,0.10387764620057702,-0.36866527528860166,,4.564838379127623,1.5525257052060697,0.9168310322156475,0.9391847468770546,0.011176857330703484,0.06344510190664036,0.038461538461538464,0.476848182388722,0.4983940278230811,-0.6762316011222673,-1.5221521055918246,0.09302325581395349,0.0016402500461147134,0.9983597499538853,0.4883720930232558,True,False,False,False,False,False,True,,1.8335335721843493,True,False,False,False,False,False,False,False,False,False,False,True,True,REJECTED,,,,
603127.SH,44.61,11355803.0,2026-08-04 14:30:00,0.0,7,-0.1119570085087229,-0.3128491620111751,-1.196013289036546,-0.0895856662933902,0.1793319883434119,0.0895856662934013,0.0,0.381080475229778,0.0,0.768014456742705,2.1026452633958748,0.4086021505376372,-0.5620402749872744,0.6024843768769018,0.4530751977395116,0.4285714285714285,0.5714285714285714,0.2412340768878706,-0.0266916034776762,0.011684875607196516,-1.196013289036546,0.4503490204908811,338631756.0,0.0335343711828373,0.414175491562581,0.4316383173050767,42.35,41.05,7.8486,45.16,36.95,-1.0592200288878084,-0.1216545012165504,0.2202797202797187,5.247953779489648,1.516610495907548,-1.179585941261441,2.4968789013732677,-6.5771506599908935,-17.404426559356146,-12.659574468085111,-0.4607177497575221,0.2,0.4,0.45,6.364971719873823,3.3834485364089133,-22.91079812206573,9.029844778573588,0.5217303603921243,0.8357888931555238,2751389125.45,5.5279,0.57,62.1331,3.5949,30760743610.0,25767770535.0,0.5838360666818754,昭衍新药,医药生物,主板,20170825,,L,main_board,20260804,20260805,3266,False,14:30,44.61,8.67235079171742,5.336481700118068,3.166869671132777,1.232907419861018,20.73071718538564,True,0.1357773877647239,0.5144641683103222,0.2511505588428665,0.0946745562130177,2.940265893067273,0.2403860044494443,-0.2293285806112432,0.1101249178172255,0.3541847083767099,4.718850742904934,3.0378023959180265,121,0,0.53475935828875,0.624390243902439,-0.1529051987767538,0.1317073170731707,10,16.2452395368276,19.640423812397103,21.73537175797711,23.97239034393721,24.149505155901537,4.804021044733257,0.0,0.0041272980600818,0.1230766498521417,8.536573403952696,8.137591433428671,-0.9666847084253029,-1.0431080902597922,-16.943708809598625,-2.7344075237621266,-0.7127122433033821,-0.42915284841231044,19.49780976552462,-0.3801119242819396,0.13567616126780985,8.334695351531481,-7.523802978872094e-05,0.3607633541974798,-0.1921772552566063,16.89994204665899,-1.9851357727088625,2.9033338189177775,-0.39898197052402473,0.9562787639710716,0.9421433267587114,0.0036160420775805,0.9217619986850756,0.0108481262327416,0.1094674556213017,0.744904667981591,0.0230111768573307,0.0897435897435897,0.8951347797501643,0.9720578566732412,0.8435239973701513,0.0440499671268902,120.0,True,2026-08-04 14:30:00,0.29944352344554154,0.3450342053565815,0.35181024632773233,0.36803903498285734,0.016228788655125004,0.9379013339275928,0.8841400024735578,0.8292360876986951,0.8237437900456903,0.4438290137664453,0.36803903498285734,0.476848182388722,0.21911728704281744,0.418205677414911,0.4582691904938316,0.45545648602182104,0.4582691904938316,0.0033876058810711762,0.00785103216687788,-1.5937947397543142,-1.2795113091923134,-2.3984923869822676,-0.6736336782265586,-5.622596716678944,0.4157621291295479,-6.866111249898947,-6.838515424555045,0.1086652462288977,-10.0,0.12754766600920447,-1.5382925969524326,0.05325443786982249,0.018178829717291234,wpv40-20260731-e60bb703,e60bb703becc859f189f,c081a525fd6c767f2c27,v40-1430-p0.54-e0.00-s0.35-f0.95-r0.95-x0.50-obs5,False,0,0,0.0,0.0,False,True,runtime_contract_missing,8.67235079171742,0.0024629808090242955,5.6225967166789435,3042,0.9185671042778676,0.13577738776472387,2.940265893067273,0.5144641683103222,0.2511505588428665,0.09467455621301775,0.05719921104536489,0.12037126368161173,0.10387764620057702,-0.36866527528860166,,7.753783687439553,2.637102891177926,0.9562787639710717,0.9178172255095332,0.01972386587771203,0.05325443786982249,0.020052596975673898,0.476848182388722,0.4983940278230811,-0.6736336782265586,-1.5382925969524326,0.06976744186046512,0.027929350367262518,0.9720706496327375,0.9767441860465116,True,False,False,False,False,False,False,,2.368412477801274,True,False,False,False,False,False,False,False,False,False,False,True,True,REJECTED,,,,
002805.SZ,17.38,10362143.0,2026-08-04 14:30:00,0.0,7,0.2885170225043421,0.3464203233256357,-0.3440366972477182,0.3464203233256357,0.8087810514153748,0.4027617951668505,0.0577700751011045,0.9253903990746216,0.5624999999999987,-0.2868617326448719,1.0410641989589298,0.5,-0.022858612694987,0.241194422990695,0.1889793551378679,0.4285714285714285,0.5714285714285714,-0.2171620199758904,-0.1231532032536553,0.6562524857947899,-0.8018327605956554,0.3464203233256357,35781260.0,0.2895969286716007,0.2895969286716007,1.91251846832062,16.8,16.78,2.122,18.46,15.1,-0.4739336492890933,-0.1190476190476186,0.5409836065573805,1.5402843601895615,1.954976303317547,-0.5924170616113611,-0.1784651992861152,-3.2295271049596286,-3.729202524383235,3.134603564843297,-38.87067395264116,0.4,0.5,0.25,4.036892979769095,2.771960093850959,-36.27041397645271,5.712938253928796,0.5491987084538745,0.7541014394047857,388039506.848,4.5556,0.66,,5.0254,4699448750.0,4678520734.0,0.6410216722622621,丰元股份,电力设备,主板,20160707,,L,main_board,20260804,20260805,3680,False,14:30,17.38,3.5756853396901045,3.45238095238094,0.1191895113229923,6.214039125431548,15.099337748344375,True,0.1357773877647239,0.5144641683103222,0.2511505588428665,0.0946745562130177,2.940265893067273,0.2403860044494443,-0.2293285806112432,0.1101249178172255,0.3541847083767099,4.718850742904934,3.0378023959180265,121,0,0.9445100354191328,0.6949152542372882,-0.2308580223162715,0.135593220338983,10,16.153669723191403,17.392934878576423,19.77661771675432,22.26624781464648,22.27071105176249,4.804021044733257,0.0,0.0267038350918711,0.0922103532463666,3.439907951925381,2.631175304270972,-0.1147081166364749,-0.1131786749314467,35.14147142825793,-0.9237803783930235,-0.6618910861584191,-0.3677814770387757,8.885298622912828,-0.3801119242819396,0.43466220604837036,3.008488133942263,0.01755094667078803,0.0014286032598896936,0.0,0.411487598615091,-1.4263874470306086,1.1699309100024566,-0.8087326476544092,0.8566732412886259,0.8892176199868508,0.3221564760026298,0.4714003944773176,0.6420118343195266,0.9444444444444444,0.4980276134122288,0.1140696909927679,0.1068376068376068,0.8576594345825115,0.7291255752794215,0.368836291913215,0.1436554898093359,120.0,True,2026-08-04 14:30:00,0.0594234406972032,0.29882395540672474,0.03030639848156821,0.046619243155377285,0.016312844673809074,0.11106922911080667,0.9494930528719855,0.10545946142855783,0.09914180152200325,0.44205842248643473,0.046619243155377285,0.17115673084324837,0.170446966284946,0.4236780122806851,0.13473118720536756,0.0502906226764918,0.13473118720536756,0.003427480444623921,0.007959120422364518,-1.5851721622644468,-0.6747832976114669,-0.22503684459101247,-0.41474124123831224,-5.622596716678944,0.06766929657550086,-4.5341432772834835,-2.306997111357431,0.005609767682248843,-4.5341432772834835,0.050953320184089414,-1.6774175870236354,0.14497041420118342,0.005300788954635094,wpv40-20260731-e60bb703,e60bb703becc859f189f,c081a525fd6c767f2c27,v40-1430-p0.54-e0.00-s0.35-f0.95-r0.95-x0.50-obs5,False,0,0,0.0,0.0,False,True,runtime_contract_missing,3.5756853396901045,0.0027380454446688934,5.622596716678944,3042,0.9185671042778676,0.13577738776472387,2.940265893067273,0.5144641683103222,0.2511505588428665,0.09467455621301775,0.05719921104536489,0.12037126368161173,0.10387764620057702,-0.36866527528860166,,2.657118235412237,0.903699982262605,0.8566732412886259,0.03517422748191979,0.3819855358316897,0.14497041420118342,0.2616699539776463,0.17115673084324837,0.2674621067335902,-0.41474124123831224,-1.6774175870236354,0.046511627906976744,0.0016402500461147134,0.9983597499538853,0.4883720930232558,True,False,False,True,False,False,True,,2.537931080966084,True,False,False,False,False,False,False,True,False,False,False,True,True,REJECTED,,,,
600829.SH,9.48,10603586.0,2026-08-04 14:30:00,0.0,7,-1.147028154327423,-1.2499999999999956,0.6369426751592355,-1.043841336116902,1.0548523206751037,0.0,0.0,2.1097046413502074,0.0,0.8510638297872353,2.9787234042553123,0.2857142857142866,-0.7329193715069904,0.941122038736281,0.541153305266085,0.4285714285714285,0.5714285714285714,0.2237186739744734,0.2709698697057313,0.4281828760738395,-1.2499999999999956,0.7438894792773709,67557423.0,0.1569566382068777,0.5371481236044188,0.6176960517347049,9.5,9.31,9.9093,10.24,8.38,-0.6493506493506551,1.4161220043573008,0.9500000000000012,0.1082251082251059,0.6493506493506547,0.7575757575757569,0.0,2.872928176795564,-0.640341515474907,6.400000000000006,11.764705882352944,0.4,0.5,0.55,5.331491388647476,2.8047044078912595,-10.480769230769226,4.363720862896882,0.7555318977855614,1.1063592049789013,198116822.65,2.793,0.71,39.5621,1.7623,5398762866.0,5398762866.0,0.7531682008232806,人民同泰,医药生物,主板,19940224,,L,main_board,20260804,20260805,11849,False,14:30,9.48,1.8259935553168736,-0.2105263157894721,2.0408163265306145,8.016877637130793,13.12649164677804,True,0.1357773877647239,0.5144641683103222,0.2511505588428665,0.0946745562130177,2.940265893067273,0.2403860044494443,-0.2293285806112432,0.1101249178172255,0.3541847083767099,4.718850742904934,3.0378023959180265,121,0,0.53475935828875,0.624390243902439,-0.1529051987767538,0.1317073170731707,10,16.17670289806562,18.028488520106485,19.104367433100716,22.40943566556582,22.40943566556582,4.804021044733257,0.0,0.0535218860173861,0.3409979127282354,1.69021616755215,1.2912341970281238,0.8662712557704788,0.7898478739359893,-12.40504739782785,-0.12010551434790044,-0.7653612922506658,0.30637130362075815,5.109614009647247,-0.3801119242819396,0.13567616126780985,1.47731679605735,0.025956882667412,0.7438894792773709,-0.6382978723404215,-0.42964554242749453,0.6767907337655261,0.574851468888388,-0.3989819705240263,0.7333990795529257,0.4845496383957922,0.9868507560815252,0.9178172255095332,0.004930966469428,0.9891518737672584,0.9921104536489151,0.1702827087442472,0.3320184089414859,0.7120315581854043,0.9020381328073636,0.4247205785667324,0.2656147271531887,120.0,True,2026-08-04 14:30:00,0.17006826026355082,0.3708590926370417,0.19450744743669718,0.06959887524966483,-0.12490857218703234,0.16185622316143475,0.9708904994510951,0.1571446693444733,0.15690976915089677,0.44289682583568074,0.06959887524966483,0.17115673084324837,0.21853171924500447,0.43303095068462205,0.28092582225226403,0.07276005937821932,0.28092582225226403,0.0001363809244816494,0.0002979191879057125,-1.532770573483933,-0.6108950672034854,-0.2880601227136295,-0.41474124123831224,-5.622596716678944,0.059297255931017645,-4.418129787134644,-3.219161267604115,0.004711553816961464,-4.418129787134644,0.727646285338593,-1.7157777820852345,0.30046022353714663,0.05412557527942147,wpv40-20260731-e60bb703,e60bb703becc859f189f,c081a525fd6c767f2c27,v40-1430-p0.54-e0.00-s0.35-f0.95-r0.95-x0.50-obs5,False,0,0,0.0,0.0,False,True,runtime_contract_missing,1.8259935553168736,0.00010760674124429825,5.622596716678944,3042,0.9185671042778676,0.13577738776472387,2.940265893067273,0.5144641683103222,0.2511505588428665,0.09467455621301775,0.05719921104536489,0.12037126368161173,0.10387764620057702,-0.36866527528860166,,0.907426451039006,0.3086205411485362,0.7333990795529257,0.3527284681130835,0.3086785009861933,0.30046022353714663,0.12261669953977647,0.17115673084324837,0.31229155931762065,-0.41474124123831224,-1.7157777820852345,0.023255813953488372,0.027929350367262518,0.9720706496327375,0.9767441860465116,True,False,False,True,False,False,False,,2.9801631133371904,True,False,False,False,False,False,False,False,False,False,False,True,True,REJECTED,,,,
