ts_code,trade_date,update_time,name,price,open,high,low,pre_close,pct_chg,vol,amount
000001.SZ,20260727,20260727 10:35:54,平安银行,11.09,11.11,11.16,11.04,11.1,-0.09009009009008917,44469110,493498136.12
000002.SZ,20260727,20260727 10:35:54,万 科Ａ,3.12,3.06,3.14,3.05,3.07,1.6286644951140072,44342421,137859350.01
000006.SZ,20260727,20260727 10:35:54,深振业Ａ,6.39,6.0,6.45,5.97,6.05,5.61983471074381,14702500,92569728.0
000007.SZ,20260727,20260727 10:35:51,全新好,9.26,9.2,9.36,9.1,9.34,-0.8565310492505307,1839400,16990288.0
000008.SZ,20260727,20260727 10:35:51,神州高铁,2.31,2.28,2.31,2.27,2.28,1.3157894736842257,6280588,14389030.52
000009.SZ,20260727,20260727 10:35:54,中国宝安,6.27,6.15,6.28,6.08,6.08,3.125,17367390,107362460.66
000010.SZ,20260727,20260727 10:35:45,*ST美丽,1.46,1.42,1.47,1.42,1.44,1.388888888888884,5892800,8550135.0
000011.SZ,20260727,20260727 10:35:54,深物业A,9.09,8.39,9.09,8.39,8.26,10.04842615012107,26621917,238610221.37
000012.SZ,20260727,20260727 10:35:54,南 玻Ａ,3.8,3.74,3.81,3.71,3.74,1.6042780748662944,9623619,36366167.3
000014.SZ,20260727,20260727 10:35:51,沙河股份,9.26,8.71,9.32,8.71,8.79,5.346985210466437,4394940,40188038.6
000016.SZ,20260727,20260727 10:35:54,*ST康佳A,2.49,2.43,2.5,2.4,2.46,1.2195121951219523,6733200,16559270.0
000017.SZ,20260727,20260727 10:35:54,深中华A,5.81,5.95,5.95,5.68,5.8,0.17241379310344307,6467000,37521268.0
000019.SZ,20260727,20260727 10:35:54,深粮控股,5.94,5.85,5.96,5.83,5.87,1.192504258943794,1985213,11750442.92
000020.SZ,20260727,20260727 10:35:54,深华发Ａ,10.08,9.63,10.09,9.63,9.74,3.490759753593431,1433100,14228174.0
000021.SZ,20260727,20260727 10:35:54,深科技,41.9,41.16,43.1,38.95,41.99,-0.2143367468444901,132805169,5522969202.64
000025.SZ,20260727,20260727 10:35:54,特 力Ａ,14.03,13.96,14.12,13.75,14.14,-0.7779349363507881,2426000,33927295.0
000026.SZ,20260727,20260727 10:35:54,飞亚达,16.66,15.87,16.71,15.81,15.93,4.582548650345264,2664500,43251847.0
000027.SZ,20260727,20260727 10:35:51,深圳能源,6.36,6.3,6.43,6.28,6.33,0.4739336492890933,10066080,64042601.6
000028.SZ,20260727,20260727 10:35:54,国药一致,20.5,20.09,20.59,20.05,20.16,1.6865079365079305,1463690,29931313.92
000029.SZ,20260727,20260727 10:35:54,深深房Ａ,19.45,19.03,19.65,19.0,19.24,1.0914760914761068,2797600,53973411.0
000030.SZ,20260727,20260727 10:35:51,富奥股份,4.17,4.14,4.19,4.13,4.13,0.9685230024213176,3459040,14436283.8
000031.SZ,20260727,20260727 10:35:54,大悦城,2.12,2.07,2.13,2.06,2.06,2.9126213592232997,19506400,41159689.0
000032.SZ,20260727,20260727 10:35:54,深桑达Ａ,14.52,14.12,14.94,13.8,14.15,2.614840989399281,21862964,313780271.61
000034.SZ,20260727,20260727 10:35:54,神州数码,26.38,26.48,27.17,25.6,26.67,-1.0873640794900719,26097504,691665410.31
000035.SZ,20260727,20260727 10:35:54,中国天楹,4.66,4.55,4.66,4.5,4.57,1.969365426695835,24346023,111700327.69
000036.SZ,20260727,20260727 10:35:54,华联控股,4.09,3.93,4.1,3.9,3.94,3.8071065989847774,10147278,40833905.64
000037.SZ,20260727,20260727 10:35:54,深南电A,9.01,8.75,9.05,8.61,8.97,0.4459308807134743,14644100,130105510.57
000039.SZ,20260727,20260727 10:35:54,中集集团,8.18,8.25,8.3,8.04,8.09,1.1124845488257096,13486527,110031686.57
000042.SZ,20260727,20260727 10:35:54,中洲控股,7.88,7.72,7.94,7.67,7.74,1.8087855297157507,2096034,16413830.58
000045.SZ,20260727,20260727 10:35:54,深纺织Ａ,8.99,8.68,9.03,8.66,8.74,2.8604118993134975,2163400,19215507.0
000048.SZ,20260727,20260727 10:35:51,京基智农,18.3,17.83,18.5,17.58,18.04,1.4412416851441234,5758800,104190774.0
000049.SZ,20260727,20260727 10:35:54,德赛电池,24.72,23.95,24.78,23.91,23.63,4.612780363944147,7382120,180891252.26
000050.SZ,20260727,20260727 10:35:54,深天马Ａ,6.24,6.15,6.26,6.12,6.15,1.4634146341463428,9525112,59074006.1
000055.SZ,20260727,20260727 10:35:54,方大集团,3.28,3.23,3.31,3.21,3.21,2.180685358255441,3849400,12607216.0
000056.SZ,20260727,20260727 10:35:45,*ST皇庭,1.86,1.87,1.92,1.84,1.88,-1.0638297872340274,7665000,14378299.0
000058.SZ,20260727,20260727 10:35:54,深 赛 格,6.17,5.99,6.19,5.95,6.0,2.833333333333332,4235900,25907650.72
000059.SZ,20260727,20260727 10:35:54,华锦股份,4.51,4.45,4.53,4.37,4.5,0.22222222222221255,11558876,51644338.98
000060.SZ,20260727,20260727 10:35:54,中金岭南,6.21,6.16,6.23,6.13,6.11,1.6366612111292866,28750400,177935994.0
000061.SZ,20260727,20260727 10:35:54,农 产 品,5.61,5.54,5.62,5.49,5.54,1.2635379061371799,6737394,37557421.55
000062.SZ,20260727,20260727 10:35:54,深圳华强,21.9,21.5,22.06,21.21,21.61,1.3419713095788932,10635141,231506662.64
000063.SZ,20260727,20260727 10:35:54,中兴通讯,34.68,34.72,35.16,34.15,35.0,-0.9142857142857119,64435006,2237656524.03
000065.SZ,20260727,20260727 10:35:54,北方国际,9.17,8.98,9.29,8.98,8.89,3.149606299212593,7966134,73080709.07
000066.SZ,20260727,20260727 10:35:54,中国长城,14.66,14.49,14.8,14.12,14.49,1.1732229123533555,45970349,667498643.01
000068.SZ,20260727,20260727 10:35:51,华控赛格,2.69,2.62,2.7,2.59,2.62,2.6717557251908275,4409800,11744622.0
000069.SZ,20260727,20260727 10:35:54,华侨城Ａ,1.67,1.64,1.67,1.63,1.64,1.8292682926829285,15802504,26130181.56
000070.SZ,20260727,20260727 10:35:54,特发信息,13.4,12.9,13.59,12.89,13.0,3.076923076923088,22613100,300658199.2
000078.SZ,20260727,20260727 10:35:54,ST海王,1.59,1.53,1.62,1.52,1.53,3.9215686274509887,50614605,80326635.89
000088.SZ,20260727,20260727 10:35:54,盐 田 港,4.34,4.32,4.37,4.31,4.33,0.2309468822170757,7754300,33738437.0
000089.SZ,20260727,20260727 10:35:54,深圳机场,6.51,6.54,6.61,6.48,6.54,-0.4587155963302836,8193800,53441785.08
000090.SZ,20260727,20260727 10:35:54,天健集团,3.27,3.23,3.3,3.2,3.24,0.92592592592593,5102400,16654997.0
000096.SZ,20260727,20260727 10:35:51,广聚能源,7.46,7.37,7.47,7.21,7.44,0.26881720430107503,3780100,27854713.0
000099.SZ,20260727,20260727 10:35:51,中信海直,13.79,13.56,13.86,13.5,13.56,1.6961651917404064,3224000,44443974.0
000100.SZ,20260727,20260727 10:35:54,TCL科技,5.02,5.05,5.05,4.91,5.04,-0.3968253968254065,226266477,1128948863.25
000151.SZ,20260727,20260727 10:35:54,中成股份,9.17,8.98,9.18,8.98,9.0,1.8888888888888955,1961200,17869523.0
000153.SZ,20260727,20260727 10:35:51,丰原药业,5.36,5.2,5.37,5.18,5.2,3.076923076923088,3618320,19236257.4
000155.SZ,20260727,20260727 10:35:54,川能动力,11.9,11.6,11.93,11.41,11.66,2.0583190394511064,30417561,355661617.5
000156.SZ,20260727,20260727 10:35:54,华数传媒,6.61,6.49,6.63,6.45,6.48,2.0061728395061706,4122601,27105950.58
000157.SZ,20260727,20260727 10:35:54,中联重科,7.47,7.4,7.48,7.36,7.39,1.0825439783491264,17115389,127102940.22
000158.SZ,20260727,20260727 10:35:54,常山北明,12.48,12.1,12.52,11.96,12.14,2.8006589785831926,12159821,149914235.26
000159.SZ,20260727,20260727 10:35:51,国际实业,5.14,4.98,5.14,4.96,5.03,2.1868787276341894,3219000,16288304.0
000166.SZ,20260727,20260727 10:35:54,申万宏源,4.63,4.63,4.66,4.6,4.64,-0.21551724137930384,26349455,122258502.1
000301.SZ,20260727,20260727 10:35:54,东方盛虹,11.64,11.4,11.66,11.35,11.6,0.34482758620690834,10634000,122650470.0
000333.SZ,20260727,20260727 10:35:54,美的集团,83.98,84.03,84.48,83.2,84.5,-0.6153846153846065,11240068,943645724.94
000338.SZ,20260727,20260727 10:35:54,潍柴动力,28.15,27.73,28.29,27.41,27.62,1.9188993482983197,36543807,1016858749.24
000400.SZ,20260727,20260727 10:35:54,许继电气,22.35,22.11,22.72,22.0,22.19,0.7210455159982088,10438278,232789592.36
000401.SZ,20260727,20260727 10:35:54,金隅冀东,3.56,3.52,3.57,3.51,3.52,1.1363636363636465,3111486,11040571.3
000402.SZ,20260727,20260727 10:35:54,金 融 街,2.39,2.36,2.4,2.35,2.36,1.271186440677985,12944589,30837487.71
000403.SZ,20260727,20260727 10:35:54,派林生物,9.73,9.41,9.86,9.37,9.44,3.0720338983051043,7680790,74212538.1
000404.SZ,20260727,20260727 10:35:54,长虹华意,7.46,7.23,7.48,7.21,7.23,3.181189488243419,5135976,37941183.62
000407.SZ,20260727,20260727 10:35:54,胜利股份,3.84,3.74,3.85,3.7,3.78,1.5873015873015817,6087300,23048258.0
000408.SZ,20260727,20260727 10:35:54,藏格矿业,79.37,78.19,80.0,78.13,77.27,2.717742979163984,5557079,439911710.31
000409.SZ,20260727,20260727 10:35:51,云鼎科技,8.34,8.26,8.39,8.22,8.29,0.6031363088057962,1914800,15972879.0
000410.SZ,20260727,20260727 10:35:54,沈阳机床,4.7,4.61,4.7,4.55,4.6,2.1739130434782705,5540600,25674039.0
000411.SZ,20260727,20260727 10:35:54,英特集团,9.3,9.1,9.33,9.02,9.08,2.422907488986792,1693000,15671985.0
000415.SZ,20260727,20260727 10:35:54,渤海租赁,4.28,4.11,4.31,4.11,4.12,3.8834951456310662,29833020,126273386.2
000417.SZ,20260727,20260727 10:35:54,合百集团,5.88,6.25,6.25,5.72,6.36,-7.547169811320764,44780055,264227683.55
000419.SZ,20260727,20260727 10:35:54,通程控股,4.63,4.55,4.66,4.53,4.54,1.982378854625555,2882800,13299801.0
000420.SZ,20260727,20260727 10:35:54,吉林化纤,3.66,3.56,3.66,3.56,3.58,2.2346368715083775,18905408,68589232.18
000421.SZ,20260727,20260727 10:35:54,南京公用,5.25,5.11,5.26,5.1,5.16,1.744186046511631,2665500,13842083.0
000422.SZ,20260727,20260727 10:35:54,湖北宜化,13.05,12.73,13.13,12.57,12.86,1.477449455676516,11574715,148802759.23
000423.SZ,20260727,20260727 10:35:54,东阿阿胶,51.46,50.65,51.82,50.24,50.88,1.139937106918243,2684139,137915704.65
000425.SZ,20260727,20260727 10:35:54,徐工机械,8.9,8.89,8.97,8.8,8.89,0.11248593925758943,26032200,231070051.0
000426.SZ,20260727,20260727 10:35:54,兴业银锡,32.26,32.49,32.67,31.8,31.37,2.8371055148230795,27278228,882178233.2
000428.SZ,20260727,20260727 10:35:54,华天酒店,3.22,3.25,3.34,3.16,3.04,5.92105263157896,25410857,83458720.85
000429.SZ,20260727,20260727 10:35:54,粤高速Ａ,14.8,14.38,14.87,14.27,14.38,2.9207232267037586,4324200,63067630.51
000430.SZ,20260727,20260727 10:35:54,张家界,6.0,5.87,6.02,5.86,5.85,2.564102564102577,3142495,18768842.26
000488.SZ,20260727,20260727 10:35:54,ST晨鸣,1.91,1.9,1.92,1.88,1.9,0.5263157894736858,2404800,4579334.0
000498.SZ,20260727,20260727 10:35:48,山东路桥,4.95,4.92,4.99,4.91,4.93,0.40567951318459805,3882399,19257929.08
000501.SZ,20260727,20260727 10:35:54,武商集团,6.84,6.7,6.85,6.65,6.71,1.9374068554396384,2668101,18139383.78
000503.SZ,20260727,20260727 10:35:54,国新健康,6.47,6.18,6.5,6.12,6.2,4.354838709677411,12471080,79675471.82
000504.SZ,20260727,20260727 10:35:54,南华生物,7.57,7.37,7.63,7.31,7.39,2.435723951285529,3064300,23073331.0
000505.SZ,20260727,20260727 10:35:54,京粮控股,5.39,5.23,5.39,5.22,5.25,2.6666666666666616,2588116,13813222.52
000506.SZ,20260727,20260727 10:35:54,招金黄金,12.43,12.6,12.98,12.36,12.04,3.239202657807305,40831040,516667457.0
000507.SZ,20260727,20260727 10:35:48,珠海港,4.88,4.8,4.89,4.8,4.83,1.0351966873705987,3970105,19274419.35
000509.SZ,20260727,20260727 10:35:54,华塑控股,2.88,2.71,2.94,2.7,2.75,4.727272727272713,18228100,51869399.0
000510.SZ,20260727,20260727 10:35:54,新金路,14.73,14.5,15.08,14.19,14.5,1.586206896551734,17441366,255673035.38
000513.SZ,20260727,20260727 10:35:54,丽珠集团,30.23,29.88,30.49,29.73,29.96,0.9012016021361813,2246110,67906765.72
000514.SZ,20260727,20260727 10:35:54,渝 开 发,3.69,3.58,3.7,3.55,3.59,2.785515320334264,4547600,16650398.0
000516.SZ,20260727,20260727 10:35:54,国际医学,4.17,4.03,4.21,4.02,4.05,2.9629629629629672,15317300,63567985.0
000517.SZ,20260727,20260727 10:35:54,荣安地产,1.67,1.64,1.68,1.63,1.65,1.21212121212122,9136937,15194117.91
000518.SZ,20260727,20260727 10:35:54,四环生物,3.62,3.43,3.79,3.4,3.47,4.322766570605174,38886191,141597137.94
000519.SZ,20260727,20260727 10:35:54,中兵红箭,14.14,13.78,14.2,13.51,14.17,-0.21171489061396764,36572963,509484203.87
000520.SZ,20260727,20260727 10:35:54,凤凰航运,3.78,3.77,3.82,3.7,3.8,-0.5263157894736858,11446514,42998208.78
000521.SZ,20260727,20260727 10:35:51,长虹美菱,4.84,4.78,4.86,4.75,4.76,1.680672268907557,2879194,13838703.14
000523.SZ,20260727,20260727 10:35:45,红棉股份,2.72,2.64,2.72,2.63,2.65,2.6415094339622858,8601940,23123219.2
000524.SZ,20260727,20260727 10:35:54,岭南控股,8.38,8.14,8.42,8.13,8.09,3.584672435105074,5976700,49749377.0
000525.SZ,20260727,20260727 10:35:54,红太阳,4.41,4.35,4.41,4.3,4.36,1.1467889908256756,8053094,35112098.6
000526.SZ,20260727,20260727 10:35:54,学大教育,32.6,32.43,32.95,31.9,32.48,0.3694581280788256,1910300,61861030.0
000528.SZ,20260727,20260727 10:35:54,柳 工,8.57,8.45,8.61,8.39,8.49,0.9422850412249772,16614682,141640892.9
000529.SZ,20260727,20260727 10:35:36,广弘控股,4.55,4.45,4.57,4.41,4.46,2.0179372197309364,1645500,7447541.0
000530.SZ,20260727,20260727 10:35:54,冰山冷热,4.73,4.62,4.75,4.6,4.62,2.3809523809523947,4462327,20991206.16
000531.SZ,20260727,20260727 10:35:54,穗恒运Ａ,5.81,5.71,5.83,5.65,5.72,1.5734265734265618,3771700,21770442.0
000532.SZ,20260727,20260727 10:35:54,华金资本,10.09,9.8,10.09,9.72,9.79,3.06435137895813,2060699,20574199.11
000533.SZ,20260727,20260727 10:35:54,顺钠股份,10.51,10.09,10.51,10.08,9.55,10.052356020942387,63154812,654461959.37
000534.SZ,20260727,20260727 10:35:54,万泽股份,26.28,24.86,26.43,24.64,24.98,5.204163330664535,6985744,178198795.91
000536.SZ,20260727,20260727 10:35:54,华映科技,3.07,2.98,3.08,2.95,2.97,3.3670033670033517,23289400,70899827.0
000537.SZ,20260727,20260727 10:35:54,绿发电力,7.57,7.37,7.59,7.34,7.4,2.297297297297307,10241428,76792251.92
000538.SZ,20260727,20260727 10:35:54,云南白药,51.02,50.96,51.53,50.66,51.0,0.039215686274518546,4498820,230134993.58
000539.SZ,20260727,20260727 10:35:54,粤电力Ａ,5.61,5.59,5.75,5.45,5.66,-0.8833922261484051,49474949,276878529.65
000541.SZ,20260727,20260727 10:35:54,佛山照明,4.86,4.81,4.86,4.79,4.8,1.2500000000000178,1640900,7946376.0
000543.SZ,20260727,20260727 10:35:54,皖能电力,7.77,7.67,7.83,7.66,7.71,0.7782101167315147,11784400,91503340.0
000544.SZ,20260727,20260727 10:35:51,中原环保,7.21,7.14,7.22,7.12,7.15,0.8391608391608241,1952601,14014326.94
000545.SZ,20260727,20260727 10:35:54,金浦钛业,2.41,2.36,2.41,2.33,2.38,1.26050420168069,11384100,27030625.0
000546.SZ,20260727,20260727 10:35:54,金圆股份,4.19,4.07,4.2,4.05,4.02,4.2288557213930655,8842800,36576538.0
000547.SZ,20260727,20260727 10:35:54,航天发展,14.14,13.83,14.2,13.54,13.83,2.2415039768618916,29639335,415157572.01
000548.SZ,20260727,20260727 10:35:54,湖南投资,4.14,4.05,4.15,4.04,4.05,2.2222222222222143,3041200,12507339.99
000550.SZ,20260727,20260727 10:35:54,江铃汽车,16.36,16.17,16.44,16.17,16.2,0.9876543209876631,1264500,20661091.0
000551.SZ,20260727,20260727 10:35:54,创元科技,12.76,12.48,12.85,12.35,12.53,1.8355945730247347,6772979,85453921.19
000552.SZ,20260727,20260727 10:35:54,甘肃能化,2.53,2.51,2.56,2.47,2.55,-0.7843137254901933,34466300,87144441.0
000553.SZ,20260727,20260727 10:35:54,安道麦A,5.13,5.07,5.15,5.05,5.09,0.7858546168958647,2365000,12110216.0
000554.SZ,20260727,20260727 10:35:54,泰山石油,6.11,6.06,6.14,5.86,6.46,-5.417956656346745,26131052,156468591.77
000555.SZ,20260727,20260727 10:35:54,神州信息,10.35,10.12,10.38,10.0,10.13,2.1717670286278246,9830319,100681225.45
000557.SZ,20260727,20260727 10:35:51,西部创业,3.55,3.5,3.57,3.48,3.52,0.8522727272727293,2952900,10474825.0
000558.SZ,20260727,20260727 10:35:54,天府文旅,3.24,3.15,3.25,3.14,3.14,3.1847133757961776,14425800,46421815.72
000559.SZ,20260727,20260727 10:35:54,万向钱潮,10.58,10.31,10.6,10.31,10.32,2.519379844961245,11006446,115761919.14
000560.SZ,20260727,20260727 10:35:54,我爱我家,2.13,2.08,2.15,2.07,2.09,1.9138755980861344,31956054,67899365.48
000561.SZ,20260727,20260727 10:35:54,烽火电子,7.16,6.93,7.17,6.87,6.96,2.8735632183908066,5077268,35858891.44
000563.SZ,20260727,20260727 10:35:54,陕国投Ａ,2.99,2.98,3.01,2.96,2.98,0.3355704697986628,16280387,48657816.26
000564.SZ,20260727,20260727 10:35:54,供销大集,1.34,1.31,1.34,1.31,1.31,2.2900763358778553,35947100,47720119.94
000565.SZ,20260727,20260727 10:35:54,渝三峡Ａ,5.43,5.29,5.45,5.24,5.25,3.4285714285714253,4415500,23718430.0
000566.SZ,20260727,20260727 10:35:54,海南海药,5.3,4.87,5.3,4.7,4.82,9.958506224066376,77386540,401224903.0
000567.SZ,20260727,20260727 10:35:54,海德股份,5.57,5.41,5.6,5.38,5.43,2.5782688766114337,8772983,48341069.5
000568.SZ,20260727,20260727 10:35:54,泸州老窖,83.46,83.56,84.65,82.91,83.01,0.5421033610408355,4167580,349062186.0
000570.SZ,20260727,20260727 10:35:51,苏常柴Ａ,4.83,4.73,4.84,4.72,4.74,1.8987341772151778,4390300,21088286.0
000571.SZ,20260727,20260727 10:35:54,新大洲A,5.97,5.9,6.04,5.79,5.96,0.1677852348993314,10610600,62930510.0
000572.SZ,20260727,20260727 10:35:54,海马汽车,3.53,3.4,3.55,3.38,3.4,3.8235294117646923,22584200,78797411.0
000573.SZ,20260727,20260727 10:35:54,粤宏远Ａ,3.59,3.4,3.66,3.39,3.41,5.278592375366564,12313900,43640628.0
000576.SZ,20260727,20260727 10:35:54,甘化科工,6.64,6.3,6.66,6.2,6.39,3.9123630672926346,10682000,69343367.0
000581.SZ,20260727,20260727 10:35:54,威孚高科,17.03,16.89,17.06,16.81,16.88,0.8886255924170694,2654500,45090608.0
000582.SZ,20260727,20260727 10:35:54,北部湾港,12.3,11.79,12.35,11.79,11.72,4.948805460750849,26307211,320638222.63
000586.SZ,20260727,20260727 10:35:54,汇源通信,10.61,10.09,10.64,10.09,10.22,3.8160469667318786,2002800,20945542.0
000589.SZ,20260727,20260727 10:35:54,贵州轮胎,4.29,4.24,4.3,4.23,4.23,1.4184397163120366,6565500,28076356.6
000590.SZ,20260727,20260727 10:35:54,古汉医药,7.98,7.77,8.0,7.66,7.71,3.5019455252918386,1891700,14948838.0
000591.SZ,20260727,20260727 10:35:54,太阳能,4.45,4.38,4.47,4.35,4.39,1.3667425968109548,20075360,88943046.0
000592.SZ,20260727,20260727 10:35:54,平潭发展,5.76,5.48,5.78,5.32,5.52,4.347826086956519,104587914,586856877.86
000593.SZ,20260727,20260727 10:35:54,德龙汇能,16.84,16.71,17.17,15.92,17.6,-4.3181818181818326,13781545,228206309.55
000595.SZ,20260727,20260727 10:35:54,新能股份,5.81,5.46,6.21,5.46,6.07,-4.283360790774315,62437605,361894840.1
000596.SZ,20260727,20260727 10:35:54,古井贡酒,87.36,87.05,88.78,86.5,87.52,-0.1828153564899404,3031197,265324625.61
000597.SZ,20260727,20260727 10:35:54,东北制药,4.59,4.5,4.61,4.47,4.5,2.0000000000000018,5406620,24695260.0
000598.SZ,20260727,20260727 10:35:54,兴蓉环境,7.24,7.21,7.29,7.2,7.26,-0.2754820936639035,10031100,72595413.0
000599.SZ,20260727,20260727 10:35:54,青岛双星,4.46,4.32,4.48,4.31,4.32,3.240740740740744,7208300,31970528.0
000600.SZ,20260727,20260727 10:35:54,建投能源,8.68,8.48,8.7,8.43,8.57,1.2835472578763163,14336539,123414985.84
000601.SZ,20260727,20260727 10:35:54,韶能股份,6.36,6.19,6.39,6.11,6.24,1.9230769230769162,31614874,198586290.99
000603.SZ,20260727,20260727 10:35:54,盛达资源,24.08,25.14,25.78,23.19,24.8,-2.903225806451626,45361204,1106636105.13
000605.SZ,20260727,20260727 10:35:54,渤海股份,5.35,5.15,5.36,5.13,5.17,3.4816247582204918,3070900,16236131.0
000607.SZ,20260727,20260727 10:35:54,华媒控股,3.29,3.18,3.3,3.16,3.19,3.1347962382445083,6372300,20702696.0
000608.SZ,20260727,20260727 10:35:54,阳光股份,6.44,6.44,6.58,6.33,6.52,-1.2269938650306678,14933338,96028098.29
000609.SZ,20260727,20260727 10:35:54,*ST中迪,9.08,9.05,9.12,8.67,9.1,-0.219780219780219,2756300,24666428.0
000610.SZ,20260727,20260727 10:35:48,*ST西旅,5.21,5.06,5.22,5.06,5.07,2.7613412228796763,1079800,5588364.0
000612.SZ,20260727,20260727 10:35:54,焦作万方,10.55,10.46,10.61,10.41,10.41,1.344860710854956,9896493,104203984.08
000615.SZ,20260727,20260727 10:35:42,*ST美谷,2.99,2.95,2.99,2.93,2.95,1.3559322033898313,1233100,3654224.0
000617.SZ,20260727,20260727 10:35:54,中油资本,6.86,6.71,6.86,6.66,6.83,0.43923865300146137,39708284,268994696.8
000619.SZ,20260727,20260727 10:35:48,海螺新材,4.3,4.19,4.32,4.18,4.18,2.8708133971291794,3820800,16339127.0
000620.SZ,20260727,20260727 10:35:54,盈新发展,2.7,2.68,2.73,2.64,2.69,0.3717472118959231,69190395,186192833.55
000623.SZ,20260727,20260727 10:35:54,吉林敖东,17.95,17.69,18.03,17.61,17.67,1.5846066779852785,6046070,107965264.9
000625.SZ,20260727,20260727 10:35:54,长安汽车,7.25,7.16,7.33,7.16,7.2,0.694444444444442,26484682,191735282.72
000626.SZ,20260727,20260727 10:35:54,远大控股,6.75,6.5,6.79,6.44,6.43,4.976671850699854,7308222,48677055.42
000628.SZ,20260727,20260727 10:35:54,高新发展,35.89,35.17,36.16,34.58,35.76,0.3635346756152291,4761173,169031635.89
000629.SZ,20260727,20260727 10:35:54,钒钛股份,3.05,3.02,3.06,3.01,3.02,0.9933774834437026,33006565,100172414.6
000630.SZ,20260727,20260727 10:35:54,铜陵有色,6.08,6.09,6.11,6.02,6.01,1.1647254575707144,71423831,434021994.48
000631.SZ,20260727,20260727 10:35:51,顺发恒能,2.88,2.8,2.89,2.8,2.82,2.127659574468077,5228892,14964989.2
000632.SZ,20260727,20260727 10:35:42,ST三木,2.95,2.93,2.97,2.88,2.88,2.430555555555558,2261300,6616347.0
000633.SZ,20260727,20260727 10:35:54,合金投资,4.81,4.69,4.82,4.65,4.69,2.5586353944562656,3184900,15132658.0
000635.SZ,20260727,20260727 10:35:45,英 力 特,6.03,5.81,6.04,5.81,5.87,2.7257240204429323,2037500,12139191.0
000636.SZ,20260727,20260727 10:35:54,风华高科,43.49,40.94,44.24,40.01,40.22,8.130283441074093,66510951,2845683484.78
000637.SZ,20260727,20260727 10:35:54,茂化实华,3.54,3.42,3.57,3.37,3.44,2.9069767441860517,6966700,24203378.0
000639.SZ,20260727,20260727 10:35:54,ST西王,1.37,1.35,1.39,1.33,1.35,1.4814814814814836,17072400,23425945.0
000650.SZ,20260727,20260727 10:35:54,仁和药业,5.4,5.27,5.42,5.25,5.26,2.6615969581749166,10040500,53905488.0
000651.SZ,20260727,20260727 10:35:54,格力电器,40.33,40.43,40.68,40.22,40.46,-0.32130499258528067,14335368,579586398.73
000652.SZ,20260727,20260727 10:35:54,泰达股份,3.51,3.47,3.52,3.44,3.45,1.7391304347825987,3619800,12631431.0
000655.SZ,20260727,20260727 10:35:42,金岭矿业,6.5,6.38,6.53,6.38,6.38,1.8808777429467183,2054300,13310320.0
000656.SZ,20260727,20260727 10:35:54,金科股份,1.25,1.24,1.26,1.23,1.24,0.8064516129032251,61392257,76579771.25
000657.SZ,20260727,20260727 10:35:54,中钨高新,56.84,56.34,57.8,54.43,55.51,2.395964691046659,23689426,1335414216.08
000659.SZ,20260727,20260727 10:35:54,珠海中富,2.53,2.37,2.53,2.36,2.39,5.8577405857740406,19649800,48848471.0
000661.SZ,20260727,20260727 10:35:54,长春高新,78.21,76.29,80.4,76.01,75.41,3.7130354064447646,6184738,485930773.44
000663.SZ,20260727,20260727 10:35:54,永安林业,4.92,4.74,4.92,4.69,4.72,4.237288135593231,2812700,13603862.0
000665.SZ,20260727,20260727 10:35:54,湖北广电,3.68,3.61,3.69,3.56,3.6,2.2222222222222143,4034086,14716694.79
000668.SZ,20260727,20260727 10:35:54,荣丰控股,18.36,17.67,19.44,17.11,17.67,3.904923599320864,7343500,137082347.0
000669.SZ,20260727,20260727 10:35:45,ST金鸿,3.4,3.33,3.42,3.3,3.35,1.4925373134328401,1268200,4275452.0
000670.SZ,20260727,20260727 10:35:54,盈方微,6.86,6.45,6.97,6.4,6.34,8.201892744479512,72034300,480492344.0
000672.SZ,20260727,20260727 10:35:54,上峰材料,14.16,14.82,14.82,14.02,15.58,-9.114249037227218,23766400,340080005.52
000676.SZ,20260727,20260727 10:35:54,智度股份,6.59,6.43,6.77,6.17,6.47,1.8547140649149974,81354780,524820564.91
000677.SZ,20260727,20260727 10:35:54,ST海龙,1.52,1.5,1.54,1.49,1.5,1.333333333333342,16199800,24722276.0
000678.SZ,20260727,20260727 10:35:54,襄阳轴承,7.96,7.61,7.96,7.59,7.66,3.9164490861618884,4044992,31758333.74
000679.SZ,20260727,20260727 10:35:54,大连友谊,5.41,5.17,5.5,5.11,5.14,5.252918287937747,4790600,25640668.0
000680.SZ,20260727,20260727 10:35:51,山推股份,10.59,10.46,10.66,10.43,10.47,1.1461318051575908,5985900,63341119.0
000681.SZ,20260727,20260727 10:35:54,视觉中国,15.87,15.46,15.91,15.3,15.5,2.3870967741935534,8923129,140315499.49
000682.SZ,20260727,20260727 10:35:54,东方电子,11.81,11.57,11.84,11.51,11.66,1.2864493996569415,7259361,85385254.68
000683.SZ,20260727,20260727 10:35:54,博源化工,6.12,6.08,6.13,5.99,6.04,1.324503311258285,26558608,161085645.42
000685.SZ,20260727,20260727 10:35:51,中山公用,10.82,10.89,10.89,10.68,10.92,-0.9157509157509125,9040600,97378467.0
000686.SZ,20260727,20260727 10:35:54,东北证券,7.97,7.92,7.99,7.86,7.91,0.7585335018963191,7057716,56000933.48
000688.SZ,20260727,20260727 10:35:54,国城矿业,28.21,27.82,28.49,27.46,27.74,1.6943042537851616,11204300,314068797.36
000690.SZ,20260727,20260727 10:35:54,宝新能源,4.9,4.76,4.95,4.73,4.79,2.2964509394572064,33012028,160657884.87
000691.SZ,20260727,20260727 10:35:51,亚太实业,9.51,9.34,9.65,9.19,9.4,1.1702127659574346,2722700,25839849.0
000692.SZ,20260727,20260727 10:35:51,惠天热电,3.7,3.63,3.72,3.6,3.62,2.20994475138121,4753300,17526880.0
000695.SZ,20260727,20260727 10:35:45,滨海能源,13.31,12.77,13.38,12.77,12.91,3.098373353989148,2996700,39285057.0
000697.SZ,20260727,20260727 10:35:42,炼石航空,8.27,8.0,8.33,7.96,8.02,3.117206982543652,5481400,44915069.0
000698.SZ,20260727,20260727 10:35:39,ST沈化,3.21,3.17,3.21,3.15,3.17,1.2618296529968376,1475000,4695317.0
000700.SZ,20260727,20260727 10:35:54,模塑科技,10.91,10.62,11.27,10.47,10.53,3.6087369420702897,22550378,246411371.68
000701.SZ,20260727,20260727 10:35:48,厦门信达,4.6,4.41,4.6,4.39,4.41,4.308390022675734,6183001,27955694.53
000702.SZ,20260727,20260727 10:35:54,正虹科技,4.8,4.65,4.81,4.62,4.65,3.2258064516129004,3480300,16531961.0
000703.SZ,20260727,20260727 10:35:54,恒逸石化,15.6,14.51,15.67,14.38,15.05,3.6544850498338777,50181049,751941417.42
000705.SZ,20260727,20260727 10:35:54,浙江震元,6.29,6.1,6.32,6.09,6.12,2.777777777777768,2723800,17011814.0
000707.SZ,20260727,20260727 10:35:54,双环科技,4.24,4.16,4.24,4.09,4.14,2.4154589371980784,3872501,16208235.16
000708.SZ,20260727,20260727 10:35:54,中信特钢,14.31,14.25,14.37,14.12,14.26,0.3506311360448766,6857300,97715997.0
000709.SZ,20260727,20260727 10:35:54,河钢股份,2.06,2.05,2.08,2.05,2.06,0.0,21670346,44801436.51
000710.SZ,20260727,20260727 10:35:51,贝瑞基因,7.85,7.57,7.9,7.48,7.58,3.562005277044844,4840800,37606086.0
000711.SZ,20260727,20260727 10:35:54,ST京蓝,5.09,5.02,5.15,4.8,5.07,0.39447731755424265,41517840,206277877.12
000712.SZ,20260727,20260727 10:35:54,锦龙股份,8.5,8.31,8.53,8.29,8.38,1.4319809069212264,6672122,56159733.82
000713.SZ,20260727,20260727 10:35:30,国投丰乐,5.58,5.52,5.6,5.51,5.54,0.7220216606498298,1410800,7863358.42
000715.SZ,20260727,20260727 10:35:54,中兴商业,4.55,4.42,4.56,4.42,4.45,2.2471910112359383,2008300,9071505.0
000716.SZ,20260727,20260727 10:35:54,黑芝麻,4.35,4.28,4.36,4.24,4.28,1.635514018691575,4925900,21328318.0
000717.SZ,20260727,20260727 10:35:54,中南股份,2.15,2.14,2.16,2.11,2.14,0.4672897196261516,5362200,11491949.0
000718.SZ,20260727,20260727 10:35:54,苏宁环球,1.82,1.78,1.83,1.77,1.78,2.2471910112359605,8592592,15549767.44
000719.SZ,20260727,20260727 10:35:54,中原传媒,12.25,12.26,12.45,12.17,12.27,-0.16299918500407573,2191000,26991878.0
000720.SZ,20260727,20260727 10:35:54,新能泰山,3.35,3.22,3.45,3.18,3.23,3.7151702786377694,22723200,75573011.0
000721.SZ,20260727,20260727 10:35:51,西安饮食,5.75,5.55,5.78,5.55,5.56,3.4172661870503607,4690200,26796362.0
000722.SZ,20260727,20260727 10:35:54,湖南发展,12.78,12.3,12.84,12.1,12.77,0.0783085356303781,20629856,258618128.34
000723.SZ,20260727,20260727 10:35:54,美锦能源,3.5,3.47,3.53,3.44,3.49,0.2865329512893977,17364500,60627149.0
000725.SZ,20260727,20260727 10:35:54,京东方Ａ,5.84,5.76,5.9,5.61,5.79,0.8635578583765069,764259994,4416713311.21
000726.SZ,20260727,20260727 10:35:54,鲁 泰Ａ,5.83,5.75,5.85,5.75,5.76,1.2152777777777901,1923400,11192127.0
000727.SZ,20260727,20260727 10:35:54,冠捷科技,2.19,2.14,2.2,2.14,2.14,2.3364485981308247,29692973,64574198.41
000728.SZ,20260727,20260727 10:35:54,国元证券,7.22,7.19,7.24,7.13,7.19,0.4172461752433909,11893089,85426614.62
000729.SZ,20260727,20260727 10:35:54,燕京啤酒,12.36,12.38,12.44,12.22,12.42,-0.48309178743961567,8331200,102902551.0
000731.SZ,20260727,20260727 10:35:54,四川美丰,5.74,5.7,5.74,5.63,5.71,0.5253940455341555,2131400,12140074.0
000733.SZ,20260727,20260727 10:35:54,振华科技,39.55,38.68,39.85,38.68,38.84,1.8280123583933827,5487514,215914022.3
000735.SZ,20260727,20260727 10:35:54,罗 牛 山,4.93,4.86,4.95,4.81,4.85,1.6494845360824684,7403909,36360371.37
000736.SZ,20260727,20260727 10:35:54,中交发展,3.94,3.82,3.96,3.79,3.83,2.872062663185382,2955300,11553655.0
000737.SZ,20260727,20260727 10:35:54,北方铜业,12.92,12.93,12.96,12.68,12.73,1.4925373134328401,14153652,182150474.99
000738.SZ,20260727,20260727 10:35:54,航发控制,18.1,17.6,18.13,17.59,17.69,2.317693612210281,6611600,118632761.0
000739.SZ,20260727,20260727 10:35:54,普洛药业,19.8,19.59,20.19,19.5,19.68,0.6097560975609762,8849099,175630373.19
000750.SZ,20260727,20260727 10:35:54,国海证券,3.79,3.75,3.8,3.73,3.76,0.7978723404255428,14726244,55507773.74
000751.SZ,20260727,20260727 10:35:54,锌业股份,4.35,4.31,4.36,4.27,4.26,2.1126760563380254,14322190,61942508.3
000752.SZ,20260727,20260727 10:35:21,*ST西发,8.07,8.05,8.08,7.97,8.02,0.6234413965087393,400200,3221854.0
000753.SZ,20260727,20260727 10:35:54,漳州发展,4.5,4.36,4.52,4.3,4.41,2.0408163265306145,14046631,62339190.02
000755.SZ,20260727,20260727 10:35:54,山西高速,4.56,4.51,4.58,4.5,4.54,0.4405286343612147,2027700,9211463.0
000756.SZ,20260727,20260727 10:35:54,新华制药,13.58,12.88,13.74,12.82,12.9,5.271317829457356,10306984,138247797.32
000757.SZ,20260727,20260727 10:35:54,浩物股份,3.52,3.4,3.53,3.37,3.4,3.529411764705892,6369700,22055347.0
000758.SZ,20260727,20260727 10:35:54,中色股份,5.7,5.65,5.72,5.64,5.62,1.4234875444839812,10316990,58730897.9
000759.SZ,20260727,20260727 10:35:54,中百集团,6.64,6.47,6.69,6.22,6.56,1.2195121951219523,37257300,243538512.99
000761.SZ,20260727,20260727 10:35:54,本钢板材,2.24,2.21,2.25,2.18,2.2,1.81818181818183,6430100,14260799.0
000762.SZ,20260727,20260727 10:35:54,西藏矿业,21.63,21.6,21.67,21.1,21.21,1.980198019801982,7340480,157362813.26
000766.SZ,20260727,20260727 10:35:54,通化金马,15.97,15.08,16.02,14.97,15.05,6.11295681063122,13534881,211912958.79
000767.SZ,20260727,20260727 10:35:54,晋控电力,3.69,3.56,3.7,3.52,3.65,1.0958904109588996,101983758,370323410.96
000768.SZ,20260727,20260727 10:35:54,中航西飞,20.62,20.2,20.62,20.01,20.31,1.5263417035942917,9474691,193647395.92
000776.SZ,20260727,20260727 10:35:54,广发证券,21.73,21.75,21.85,21.22,21.7,0.13824884792628112,28625119,616060171.16
000777.SZ,20260727,20260727 10:35:54,中核科技,16.82,16.3,16.88,16.14,16.63,1.1425135297654876,4658392,76999465.32
000778.SZ,20260727,20260727 10:35:54,新兴铸管,3.77,3.74,3.79,3.72,3.74,0.8021390374331583,17054476,64149255.76
000779.SZ,20260727,20260727 10:35:54,甘咨询,10.61,10.16,10.68,10.16,9.99,6.2062062062062,59054890,620234230.96
000782.SZ,20260727,20260727 10:35:54,恒申新材,6.19,6.02,6.22,5.98,6.04,2.4834437086092676,4486200,27545204.0
000783.SZ,20260727,20260727 10:35:54,长江证券,8.6,8.66,8.72,8.36,8.7,-1.1494252873563204,63034911,537062605.83
000785.SZ,20260727,20260727 10:35:54,居然智家,2.16,2.08,2.16,2.08,2.09,3.349282296650724,19681597,41898527.64
000786.SZ,20260727,20260727 10:35:54,北新建材,19.41,18.86,19.46,18.86,19.0,2.157894736842114,8763366,169179552.14
000788.SZ,20260727,20260727 10:35:54,北大医药,5.14,4.91,5.17,4.9,4.97,3.420523138832987,12254000,62396309.0
000789.SZ,20260727,20260727 10:35:54,万年青,3.89,3.82,3.91,3.81,3.83,1.5665796344647598,1748365,6774988.2
000790.SZ,20260727,20260727 10:35:54,华神科技,3.69,3.58,3.72,3.58,3.59,2.785515320334264,6437800,23612188.0
000791.SZ,20260727,20260727 10:35:54,甘肃能源,7.7,7.41,7.72,7.41,7.48,2.941176470588225,14487364,110400331.69
000792.SZ,20260727,20260727 10:35:54,盐湖股份,27.23,26.94,27.4,26.88,26.85,1.4152700186219613,25741700,699938058.97
000793.SZ,20260727,20260727 10:35:51,*ST华闻,2.22,2.19,2.23,2.14,2.19,1.3698630136986356,7328308,16090257.28
000795.SZ,20260727,20260727 10:35:54,英洛华,8.21,8.13,8.23,8.08,8.12,1.1083743842364768,4071268,33292046.88
000796.SZ,20260727,20260727 10:35:51,凯撒旅业,3.57,3.45,3.58,3.45,3.45,3.4782608695651973,19709314,69815929.7
000797.SZ,20260727,20260727 10:35:51,中国武夷,2.28,2.23,2.3,2.21,2.23,2.2421524663676973,11129050,25283561.74
000798.SZ,20260727,20260727 10:35:54,中水渔业,7.62,7.43,7.65,7.38,7.42,2.695417789757415,2626100,19862246.0
000799.SZ,20260727,20260727 10:35:54,酒鬼酒,38.15,37.8,38.4,37.69,38.04,0.28916929547844195,2042855,77825852.22
000800.SZ,20260727,20260727 10:35:54,一汽解放,6.26,6.24,6.31,6.23,6.26,0.0,4826000,30270056.0
000801.SZ,20260727,20260727 10:35:54,四川九洲,10.95,10.72,11.03,10.67,10.67,2.6241799437675573,6962200,76093872.0
000802.SZ,20260727,20260727 10:35:54,北京文化,3.84,3.81,3.93,3.72,3.72,3.2258064516129004,32679000,124803323.0
000803.SZ,20260727,20260727 10:35:51,山高环能,6.65,6.56,6.67,6.42,6.6,0.7575757575757791,6819882,44596370.58
000807.SZ,20260727,20260727 10:35:54,云铝股份,25.46,25.47,25.77,25.11,25.4,0.23622047244096223,32885505,837578706.27
000809.SZ,20260727,20260727 10:35:54,和展能源,2.99,2.9,3.01,2.88,2.91,2.749140893470803,5558900,16513081.0
000810.SZ,20260727,20260727 10:35:54,创维数字,9.21,8.99,9.25,8.96,9.09,1.320132013201336,8179972,74731414.1
000811.SZ,20260727,20260727 10:35:54,冰轮环境,42.14,41.66,43.28,39.48,43.25,-2.5664739884392995,30875949,1289192148.12
000812.SZ,20260727,20260727 10:35:51,陕西金叶,3.26,3.2,3.26,3.18,3.2,1.8749999999999822,3574099,11545474.76
000813.SZ,20260727,20260727 10:35:45,德展健康,3.28,3.19,3.31,3.15,3.19,2.8213166144200663,17918521,58481797.2
000815.SZ,20260727,20260727 10:35:54,美利云,15.89,16.21,16.55,15.6,16.19,-1.8529956763434274,64879237,1040665628.73
000816.SZ,20260727,20260727 10:35:51,智慧农业,2.52,2.47,2.52,2.45,2.47,2.0242914979756943,9497320,23657276.0
000818.SZ,20260727,20260727 10:35:54,航锦科技,12.29,12.02,12.36,11.77,12.02,2.2462562396006636,10278660,124583378.55
000819.SZ,20260727,20260727 10:35:42,岳阳兴长,11.33,11.0,11.34,10.96,11.12,1.8884892086330929,2145400,23939638.0
000820.SZ,20260727,20260727 10:35:48,*ST节能,2.89,2.93,2.94,2.87,2.87,0.6968641114982521,476800,1378527.0
000821.SZ,20260727,20260727 10:35:54,ST京机,6.94,6.83,6.96,6.8,6.83,1.6105417276720324,2605400,17943094.0
000822.SZ,20260727,20260727 10:35:54,山东海化,4.14,4.0,4.16,3.98,4.02,2.9850746268656803,8093000,32901638.0
000823.SZ,20260727,20260727 10:35:54,超声电子,13.28,13.06,13.45,12.72,13.04,1.8404907975460238,17400665,229339952.1
000825.SZ,20260727,20260727 10:35:54,太钢不锈,3.51,3.5,3.53,3.48,3.49,0.5730659025787732,12439180,43608996.5
000826.SZ,20260727,20260727 10:35:36,*ST启环,1.4,1.37,1.4,1.36,1.38,1.449275362318847,5624400,7787067.0
000828.SZ,20260727,20260727 10:35:54,东莞控股,9.86,9.78,9.87,9.77,9.81,0.5096839959225274,2553075,25078169.25
000829.SZ,20260727,20260727 10:35:54,天音控股,8.36,8.27,8.38,8.16,8.23,1.5795868772782384,8606100,71200063.62
000830.SZ,20260727,20260727 10:35:54,鲁西化工,12.51,12.26,12.52,12.1,12.39,0.9685230024212954,10794700,133075316.0
000831.SZ,20260727,20260727 10:35:54,中国稀土,47.86,47.35,48.09,47.32,47.6,0.546218487394956,7126336,340684102.78
000833.SZ,20260727,20260727 10:35:54,粤桂股份,19.46,19.29,19.52,18.82,19.78,-1.6177957532861442,12307326,236534212.24
000837.SZ,20260727,20260727 10:35:54,秦川机床,8.85,8.55,8.87,8.55,8.58,3.1468531468531458,7600644,66546024.84
000838.SZ,20260727,20260727 10:35:54,*ST发展,2.38,2.38,2.43,2.3,2.41,-1.2448132780083054,13788900,32704423.0
000839.SZ,20260727,20260727 10:35:54,国安股份,2.54,2.47,2.57,2.45,2.47,2.8340080971659853,38706403,97346090.59
000848.SZ,20260727,20260727 10:35:54,承德露露,8.1,7.99,8.16,7.96,8.02,0.9975062344139696,5396307,43668052.56
000850.SZ,20260727,20260727 10:35:51,华茂股份,3.94,3.87,3.95,3.85,3.87,1.8087855297157507,3454800,13563846.0
000852.SZ,20260727,20260727 10:35:54,石化机械,5.14,4.97,5.14,4.95,5.06,1.5810276679841806,7770000,39113967.0
000856.SZ,20260727,20260727 10:35:54,冀东装备,7.12,6.86,7.14,6.8,6.91,3.039073806078152,1838200,12933533.0
000858.SZ,20260727,20260727 10:35:54,五 粮 液,73.69,73.66,74.46,73.51,73.57,0.1631099633002675,10210842,754648063.46
000859.SZ,20260727,20260727 10:35:54,国风新材,7.56,7.27,7.62,7.19,7.27,3.988995873452539,17270139,128828623.37
000860.SZ,20260727,20260727 10:35:54,顺鑫农业,10.53,10.38,10.58,10.33,10.36,1.640926640926632,3433708,36000989.74
000862.SZ,20260727,20260727 10:35:54,银星能源,5.96,5.4,6.12,5.37,5.56,7.194244604316546,58746123,338636518.04
000863.SZ,20260727,20260727 10:35:48,三湘印象,3.69,3.53,3.7,3.48,3.5,5.428571428571427,10388172,37710338.52
000868.SZ,20260727,20260727 10:35:51,安凯客车,3.4,3.35,3.42,3.34,3.34,1.7964071856287456,5466600,18562534.0
000869.SZ,20260727,20260727 10:35:51,张 裕Ａ,16.68,16.61,16.82,16.55,16.65,0.18018018018017834,462000,7718467.0
000875.SZ,20260727,20260727 10:35:54,电投绿能,5.12,5.02,5.13,5.02,5.06,1.1857707509881577,14482739,73851313.33
000876.SZ,20260727,20260727 10:35:54,新 希 望,6.84,6.7,6.88,6.68,6.72,1.7857142857142794,13161963,89722301.26
000877.SZ,20260727,20260727 10:35:51,天山股份,3.6,3.55,3.62,3.54,3.56,1.1235955056179803,5631900,20228514.0
000878.SZ,20260727,20260727 10:35:54,云南铜业,15.27,15.2,15.33,15.06,15.03,1.5968063872255467,13095600,199116743.0
000880.SZ,20260727,20260727 10:35:54,潍柴重机,21.53,21.15,21.67,20.98,21.15,1.7966903073286078,3140800,67284886.88
000881.SZ,20260727,20260727 10:35:45,中广核技,6.35,6.19,6.38,6.18,6.19,2.5848142164781818,3884652,24450757.1
000882.SZ,20260727,20260727 10:35:54,华联股份,1.36,1.33,1.36,1.33,1.34,1.4925373134328401,13918800,18742383.0
000883.SZ,20260727,20260727 10:35:54,湖北能源,4.67,4.66,4.71,4.63,4.64,0.6465517241379448,13685262,64015946.92
000885.SZ,20260727,20260727 10:35:51,城发环境,12.59,12.55,12.62,12.48,12.52,0.5591054313099031,1719100,21599452.0
000886.SZ,20260727,20260727 10:35:48,海南高速,4.46,4.38,4.47,4.35,4.39,1.5945330296127658,5061500,22411462.0
000887.SZ,20260727,20260727 10:35:54,中鼎股份,16.38,16.13,16.46,16.13,16.2,1.1111111111111072,10178954,166213035.96
000888.SZ,20260727,20260727 10:35:54,峨眉山Ａ,9.26,9.11,9.3,9.11,9.15,1.2021857923497192,2949600,27283195.0
000889.SZ,20260727,20260727 10:35:54,中嘉博创,3.63,3.55,3.66,3.49,3.58,1.3966480446927276,38899965,139340034.47
000890.SZ,20260727,20260727 10:35:51,法尔胜,6.63,6.3,6.68,6.28,6.4,3.5937499999999956,6327100,41342902.0
000892.SZ,20260727,20260727 10:35:54,欢瑞世纪,3.09,2.95,3.1,2.92,2.99,3.3444816053511683,28229100,85867872.0
000893.SZ,20260727,20260727 10:35:54,亚钾国际,48.22,46.13,48.45,45.71,46.37,3.9896484796204446,9286000,442695878.0
000895.SZ,20260727,20260727 10:35:54,双汇发展,25.22,24.88,25.3,24.85,24.93,1.1632571199358122,5806606,145851521.16
000897.SZ,20260727,20260727 10:35:42,津滨发展,1.71,1.68,1.72,1.67,1.68,1.7857142857142794,13124200,22318013.0
000898.SZ,20260727,20260727 10:35:54,鞍钢股份,1.99,1.98,2.01,1.97,1.98,0.5050505050504972,17688037,35141848.63
000899.SZ,20260727,20260727 10:35:54,赣能股份,10.51,10.12,10.58,10.07,10.32,1.8410852713178327,11094768,115507915.9
000900.SZ,20260727,20260727 10:35:54,现代投资,3.69,3.66,3.69,3.65,3.67,0.5449591280654031,3710844,13610996.92
000901.SZ,20260727,20260727 10:35:54,航天科技,13.91,13.46,13.95,13.36,13.47,3.26651818856718,6952026,95194729.9
000902.SZ,20260727,20260727 10:35:54,新洋丰,13.36,13.16,13.41,13.1,13.23,0.9826152683295453,3839200,51098480.81
000903.SZ,20260727,20260727 10:35:51,ST云动,1.74,1.69,1.77,1.68,1.71,1.7543859649122862,11453000,19954513.0
000905.SZ,20260727,20260727 10:35:54,厦门港务,8.48,8.23,8.53,8.15,8.29,2.291917973462021,6751196,56750806.62
000906.SZ,20260727,20260727 10:35:45,浙商中拓,5.27,5.2,5.29,5.18,5.19,1.541425818882458,2432963,12764095.6
000908.SZ,20260727,20260727 10:35:54,石药景峰,6.34,6.1,6.37,6.1,6.1,3.934426229508192,11262700,70574050.0
000909.SZ,20260727,20260727 10:35:48,*ST数源,3.77,3.68,3.77,3.6,3.67,2.7247956403269713,1194111,4416480.92
000910.SZ,20260727,20260727 10:35:42,大亚圣象,4.9,4.82,4.91,4.77,4.82,1.6597510373443924,2786500,13572574.0
000911.SZ,20260727,20260727 10:35:18,*ST广糖,4.03,3.94,4.04,3.94,3.95,2.0253164556962133,756300,3027544.0
000912.SZ,20260727,20260727 10:35:51,泸天化,3.52,3.43,3.54,3.38,3.48,1.1494252873563315,10228500,35449373.0
000913.SZ,20260727,20260727 10:35:54,钱江摩托,10.85,10.65,10.92,10.52,10.56,2.7462121212121104,2242010,24229279.7
000915.SZ,20260727,20260727 10:35:39,华特达因,25.09,24.7,25.21,24.7,24.73,1.455721795390219,789600,19788305.0
000917.SZ,20260727,20260727 10:35:54,电广传媒,6.47,6.27,6.48,6.23,6.26,3.3546325878594185,10801117,69272856.8
000919.SZ,20260727,20260727 10:35:51,金陵药业,6.15,5.98,6.17,5.97,6.01,2.329450915141451,6836100,41772705.0
000920.SZ,20260727,20260727 10:35:54,沃顿科技,11.69,11.58,11.81,11.2,11.63,0.5159071367153878,7648684,88059692.17
000921.SZ,20260727,20260727 10:35:54,海信家电,25.13,24.3,25.36,23.95,24.44,2.8232405891980283,7229800,178842970.0
000922.SZ,20260727,20260727 10:35:48,佳电股份,10.55,10.35,10.56,10.27,10.37,1.7357762777242103,3494483,36476547.99
000923.SZ,20260727,20260727 10:35:54,河钢资源,13.91,13.79,14.07,13.71,13.69,1.6070124178232392,5895800,82057500.0
000925.SZ,20260727,20260727 10:35:54,众合科技,6.88,6.68,6.93,6.66,6.66,3.3033033033033066,10258700,70099334.0
000926.SZ,20260727,20260727 10:35:51,福星股份,2.08,1.96,2.12,1.94,1.96,6.1224489795918435,31101480,64123613.8
000927.SZ,20260727,20260727 10:35:54,中国铁物,2.44,2.43,2.46,2.41,2.42,0.8264462809917328,15245500,37218475.0
000928.SZ,20260727,20260727 10:35:54,中钢国际,5.03,4.95,5.08,4.95,4.94,1.8218623481781382,7087715,35614497.14
000929.SZ,20260727,20260727 10:35:54,兰州黄河,7.84,7.65,7.89,7.51,7.59,3.293807641633739,1156900,8991943.0
000930.SZ,20260727,20260727 10:35:54,中粮科技,4.53,4.47,4.54,4.45,4.48,1.116071428571419,6489600,29232229.0
000931.SZ,20260727,20260727 10:35:54,中 关 村,4.14,4.02,4.16,4.01,4.05,2.2222222222222143,3535956,14557753.44
000932.SZ,20260727,20260727 10:35:54,华菱钢铁,3.72,3.72,3.75,3.7,3.72,0.0,37498216,139603203.36
000933.SZ,20260727,20260727 10:35:54,神火股份,25.28,25.2,25.65,24.7,24.98,1.2009607686148893,27742633,700757446.52
000935.SZ,20260727,20260727 10:35:54,四川双马,22.81,22.32,23.1,21.9,22.3,2.286995515695067,2985300,67096222.0
000936.SZ,20260727,20260727 10:35:51,华西股份,4.86,4.7,4.86,4.68,4.7,3.404255319148941,6779900,32594973.0
000937.SZ,20260727,20260727 10:35:54,冀中能源,4.75,4.76,4.8,4.71,4.8,-1.041666666666663,10901596,51873275.38
000938.SZ,20260727,20260727 10:35:54,紫光股份,39.94,41.03,42.68,39.28,41.45,-3.6429433051869853,182531988,7480628918.91
000948.SZ,20260727,20260727 10:35:51,南天信息,12.73,12.55,12.8,12.27,12.7,0.23622047244096223,6011730,75224521.7
000949.SZ,20260727,20260727 10:35:54,新乡化纤,5.79,5.57,5.82,5.56,5.57,3.949730700179521,24158465,138149980.5
000950.SZ,20260727,20260727 10:35:54,重药控股,5.33,5.15,5.34,5.11,5.17,3.0947775628626717,14863043,78469548.83
000951.SZ,20260727,20260727 10:35:54,中国重汽,22.09,22.15,22.57,21.99,22.1,-0.045248868778291484,3609759,80083846.31
000952.SZ,20260727,20260727 10:35:51,广济药业,5.43,5.14,5.49,5.13,5.17,5.029013539651839,6252300,33570410.0
000953.SZ,20260727,20260727 10:35:51,中哲精化,5.28,5.1,5.3,5.06,5.09,3.7328094302554016,4434400,23128728.0
000955.SZ,20260727,20260727 10:35:54,欣龙控股,3.76,3.59,3.77,3.57,3.59,4.73537604456824,6016100,22254249.0
000957.SZ,20260727,20260727 10:35:54,中通客车,9.96,9.73,9.96,9.72,9.76,2.0491803278688714,3041635,30135391.8
000958.SZ,20260727,20260727 10:35:54,电投产融,5.31,5.26,5.32,5.25,5.3,0.18867924528300772,4186600,22175921.0
000959.SZ,20260727,20260727 10:35:54,首钢股份,3.8,3.76,3.84,3.74,3.76,1.0638297872340496,13099728,49594095.4
000960.SZ,20260727,20260727 10:35:54,锡业股份,32.09,31.5,32.55,31.08,30.89,3.8847523470378897,22404716,714033354.17
000962.SZ,20260727,20260727 10:35:54,东方钽业,49.88,48.36,50.6,46.92,48.38,3.100454733360891,9319770,457381606.5
000963.SZ,20260727,20260727 10:35:54,华东医药,28.71,28.45,29.15,28.42,28.58,0.4548635409377333,9165586,264751969.23
000965.SZ,20260727,20260727 10:35:54,天保基建,3.07,3.0,3.08,3.0,3.01,1.9933554817275656,5099400,15602092.0
000966.SZ,20260727,20260727 10:35:54,长源电力,4.33,4.13,4.44,4.12,4.15,4.337349397590362,54230626,233575329.71
000967.SZ,20260727,20260727 10:35:54,盈峰环境,7.15,6.81,7.21,6.8,6.84,4.532163742690076,40246248,282491345.4
000968.SZ,20260727,20260727 10:35:54,蓝焰控股,6.62,6.5,6.67,6.29,6.89,-3.9187227866473107,34011457,219660191.23
000969.SZ,20260727,20260727 10:35:54,安泰科技,15.8,15.54,15.85,15.43,15.51,1.8697614442295452,9185077,143791146.06
000970.SZ,20260727,20260727 10:35:54,中科三环,13.01,12.9,13.12,12.77,12.93,0.6187161639597871,18014500,233294329.2
000972.SZ,20260727,20260727 10:35:39,中基健康,3.4,3.36,3.45,3.27,3.36,1.1904761904761862,4380465,14762063.4
000973.SZ,20260727,20260727 10:35:54,佛塑科技,12.33,12.08,12.55,12.05,11.97,3.007518796992481,21619419,265954174.35
000975.SZ,20260727,20260727 10:35:54,山金国际,21.97,22.54,22.59,21.92,21.8,0.7798165137614665,35886942,796201038.12
000977.SZ,20260727,20260727 10:35:54,浪潮信息,83.25,86.0,87.43,81.37,85.31,-2.414722775759004,42979969,3625265791.91
000978.SZ,20260727,20260727 10:35:54,桂林旅游,5.61,5.5,5.62,5.49,5.51,1.814882032667886,3109000,17369394.0
000980.SZ,20260727,20260727 10:35:54,众泰汽车,1.58,1.51,1.58,1.5,1.51,4.635761589403975,52428801,80919315.54
000981.SZ,20260727,20260727 10:35:54,山子高科,2.49,2.43,2.5,2.42,2.44,2.0491803278688714,44216009,109398174.01
000983.SZ,20260727,20260727 10:35:54,山西焦煤,6.28,6.23,6.35,6.19,6.29,-0.15898251192368873,24373460,153348902.2
000985.SZ,20260727,20260727 10:35:54,大庆华科,14.13,13.75,14.17,13.62,13.85,2.021660649819501,732400,10222386.0
000987.SZ,20260727,20260727 10:35:54,越秀资本,7.55,7.51,7.6,7.47,7.54,0.13262599469496816,14094688,106085853.44
000988.SZ,20260727,20260727 10:35:54,华工科技,109.58,107.52,111.85,105.86,108.19,1.2847767815879374,20920857,2290760750.01
000989.SZ,20260727,20260727 10:35:54,九芝堂,9.05,8.61,9.16,8.6,8.75,3.4285714285714475,20941880,188067766.2
000990.SZ,20260727,20260727 10:35:54,诚志股份,8.61,8.53,8.62,8.08,8.9,-3.2584269662921495,26723868,224958382.04
000993.SZ,20260727,20260727 10:35:54,闽东电力,10.02,9.78,10.04,9.7,9.84,1.8292682926829285,4801700,47631142.0
000995.SZ,20260727,20260727 10:35:54,皇台酒业,9.42,9.15,9.44,9.07,9.22,2.1691973969631073,3282800,30642906.0
000997.SZ,20260727,20260727 10:35:54,新 大 陆,16.52,16.1,16.54,16.02,16.21,1.912399753238736,6927230,113219304.56
000998.SZ,20260727,20260727 10:35:54,隆平高科,8.13,8.08,8.19,8.04,8.1,0.37037037037037646,5182800,42182780.0
000999.SZ,20260727,20260727 10:35:54,华润三九,24.86,24.58,25.06,24.53,24.7,0.6477732793522373,5129367,127620290.65
001201.SZ,20260727,20260727 10:35:39,东瑞股份,11.15,10.89,11.18,10.87,10.98,1.5482695810564717,841740,9320956.0
001202.SZ,20260727,20260727 10:35:54,炬申股份,12.73,12.41,12.99,12.41,13.79,-7.686729514140678,6344907,79434039.86
001203.SZ,20260727,20260727 10:35:54,大中矿业,26.68,26.31,26.86,25.8,26.31,1.4063093880653854,6602630,174672170.66
001205.SZ,20260727,20260727 10:35:54,盛航股份,12.4,12.27,12.41,12.19,12.29,0.8950366151342593,958700,11820164.0
001206.SZ,20260727,20260727 10:35:54,依依股份,16.19,16.53,16.72,15.66,17.4,-6.954022988505737,7572612,121449545.24
001207.SZ,20260727,20260727 10:35:51,联科科技,14.53,14.21,14.54,14.12,14.19,2.3960535588442466,1151700,16543246.0
001208.SZ,20260727,20260727 10:35:54,华菱线缆,13.57,13.39,13.73,13.1,13.46,0.8172362555720625,16256000,219675250.0
001209.SZ,20260727,20260727 10:35:54,洪兴股份,15.16,14.63,15.22,14.58,14.64,3.5519125683060038,721821,10815940.99
001210.SZ,20260727,20260727 10:35:54,金房能源,18.03,17.37,18.19,17.27,17.54,2.793614595210947,1948792,34724968.92
001211.SZ,20260727,20260727 10:35:48,双枪科技,18.98,18.48,19.05,18.34,18.44,2.9284164859002093,1729563,32447998.07
001212.SZ,20260727,20260727 10:35:54,中旗新材,33.89,32.92,34.65,32.68,32.9,3.009118541033451,2495240,84140268.2
001213.SZ,20260727,20260727 10:35:54,中铁特货,3.5,3.48,3.51,3.46,3.47,0.8645533141210304,2776100,9693819.0
001215.SZ,20260727,20260727 10:35:54,千味央厨,31.2,30.3,31.28,30.13,30.4,2.6315789473684292,786499,24224197.18
001216.SZ,20260727,20260727 10:35:51,华瓷股份,13.41,13.01,13.44,12.95,13.09,2.444614209320095,1205000,16026991.0
001217.SZ,20260727,20260727 10:35:51,华尔泰,8.9,8.67,8.92,8.58,8.61,3.368176538908263,2047900,18067376.0
001218.SZ,20260727,20260727 10:35:51,丽臣实业,21.52,20.9,21.6,20.73,20.75,3.710843373493966,849700,18020516.6
001219.SZ,20260727,20260727 10:35:39,青岛食品,11.84,11.61,11.87,11.61,11.69,1.283147989734812,744000,8769935.0
001221.SZ,20260727,20260727 10:35:54,悍高集团,37.34,36.51,37.7,36.22,36.7,1.7438692098092679,662546,24642409.16
001222.SZ,20260727,20260727 10:35:54,源飞宠物,13.16,12.81,13.31,12.71,12.82,2.6521060842433775,1863000,24381338.0
001223.SZ,20260727,20260727 10:35:54,欧克科技,28.87,27.88,29.23,27.51,27.82,3.7742631200575083,871000,24854789.0
001225.SZ,20260727,20260727 10:35:54,和泰机电,39.75,37.88,41.6,37.55,38.08,4.385504201680668,816400,31899973.0
001226.SZ,20260727,20260727 10:35:51,拓山重工,38.63,38.02,38.95,37.67,38.03,1.5777018143570798,312267,12017535.56
001227.SZ,20260727,20260727 10:35:54,兰州银行,2.13,2.12,2.13,2.1,2.12,0.4716981132075304,31846500,67449358.0
001228.SZ,20260727,20260727 10:35:54,永泰运,26.88,26.39,27.14,26.23,26.33,2.0888720091150725,522600,13994772.0
001229.SZ,20260727,20260727 10:35:54,魅视科技,37.72,39.0,39.48,35.26,39.18,-3.726391015824404,6907700,256514287.0
001230.SZ,20260727,20260727 10:35:54,劲旅环境,17.69,16.41,17.88,16.18,16.57,6.759203379601697,4544500,77900693.4
001231.SZ,20260727,20260727 10:35:51,农心科技,17.67,17.13,17.7,17.03,16.86,4.804270462633475,748800,13027949.0
001233.SZ,20260727,20260727 10:35:45,海安集团,42.66,42.35,42.9,42.09,42.35,0.731995277449804,254762,10868472.99
001234.SZ,20260727,20260727 10:35:54,泰慕士,18.64,18.0,18.68,18.0,18.18,2.5302530253025424,403700,7456711.0
001236.SZ,20260727,20260727 10:35:54,弘业期货,7.16,6.98,7.18,6.9,6.95,3.021582733812944,5665400,40085208.0
001238.SZ,20260727,20260727 10:35:48,浙江正特,23.47,22.76,23.47,22.66,22.81,2.8934677772906703,186360,4299952.4
001239.SZ,20260727,20260727 10:35:54,永达股份,11.07,10.83,11.08,10.73,10.87,1.839926402943881,1416500,15478445.0
001255.SZ,20260727,20260727 10:35:51,博菲电气,22.63,21.73,22.79,21.62,21.7,4.285714285714293,612195,13665633.7
001256.SZ,20260727,20260727 10:35:54,炜冈科技,22.68,22.17,22.87,22.17,22.52,0.7104795737122638,698100,15783451.0
001258.SZ,20260727,20260727 10:35:54,立新能源,14.33,13.02,14.33,13.0,13.03,9.976976208749043,81175386,1121142795.38
001259.SZ,20260727,20260727 10:35:54,利仁科技,44.51,43.15,45.14,43.15,44.3,0.47404063205418456,642100,28374983.0
001260.SZ,20260727,20260727 10:35:54,坤泰股份,15.11,14.49,15.15,14.49,14.56,3.777472527472514,338100,5033009.0
001266.SZ,20260727,20260727 10:35:42,宏英智能,31.15,30.49,31.35,30.15,30.63,1.6976820111002322,1027800,31799870.0
001267.SZ,20260727,20260727 10:35:54,汇绿生态,34.1,31.0,34.1,30.9,31.0,10.000000000000009,20129500,667986389.0
001268.SZ,20260727,20260727 10:35:54,联合精密,18.38,18.05,18.49,17.88,18.11,1.4908890115957973,771140,14065741.0
001269.SZ,20260727,20260727 10:35:54,欧晶科技,17.48,16.92,17.5,16.8,16.9,3.4319526627219155,1085080,18736698.6
001270.SZ,20260727,20260727 10:35:54,铖昌科技,100.97,96.5,101.88,96.48,96.67,4.44812247853521,5183356,515159333.8
001277.SZ,20260727,20260727 10:35:54,速达股份,26.01,25.41,26.03,25.21,25.4,2.40157480314962,496500,12737531.0
001278.SZ,20260727,20260727 10:35:54,一彬科技,14.0,13.55,14.0,13.44,13.55,3.3210332103321027,1033100,14208454.0
001279.SZ,20260727,20260727 10:35:45,强邦新材,23.46,22.99,23.46,22.62,23.02,1.9113814074717794,302200,7022163.0
001280.SZ,20260727,20260727 10:35:54,中国铀业,60.88,61.29,61.57,60.45,61.18,-0.49035632559659703,2090093,127500801.57
001282.SZ,20260727,20260727 10:35:51,三联锻造,14.72,14.16,14.76,14.16,14.19,3.735024665257236,1139752,16596184.68
001283.SZ,20260727,20260727 10:35:54,豪鹏科技,42.27,41.4,42.47,40.83,40.57,4.190288390436292,1102190,45877943.1
001285.SZ,20260727,20260727 10:35:36,瑞立科密,39.71,39.12,39.82,39.12,39.33,0.9661835748792313,197212,7818469.96
001286.SZ,20260727,20260727 10:35:54,陕西能源,10.37,10.36,10.53,10.3,10.43,-0.5752636625119933,8880212,92255784.08
001287.SZ,20260727,20260727 10:35:54,中电港,22.24,22.12,22.5,21.3,22.23,0.04498425551056062,12286039,271544549.9
001288.SZ,20260727,20260727 10:35:51,运机集团,25.27,25.12,25.78,24.9,25.0,1.079999999999992,1343800,34052755.0
001289.SZ,20260727,20260727 10:35:54,龙源电力,16.38,15.95,16.53,15.9,16.02,2.2471910112359605,3398369,55468380.6
001296.SZ,20260727,20260727 10:35:54,长江材料,16.76,16.0,17.02,15.83,15.81,6.008855154965209,1987827,32866991.35
001298.SZ,20260727,20260727 10:35:54,好上好,16.12,15.8,16.18,15.63,15.89,1.4474512271869022,3300096,52844480.29
001299.SZ,20260727,20260727 10:35:54,美能能源,9.44,9.19,9.46,9.06,9.19,2.7203482045701888,1338436,12456545.07
001300.SZ,20260727,20260727 10:35:51,三柏硕,9.97,9.65,9.98,9.52,9.6,3.8541666666666696,1608700,15762120.0
001301.SZ,20260727,20260727 10:35:54,尚太科技,56.33,55.5,56.49,55.22,55.7,1.1310592459604862,2057020,115212926.9
001306.SZ,20260727,20260727 10:35:54,夏厦精密,46.47,45.0,46.58,45.0,45.09,3.0605455755156274,328700,15151398.0
001308.SZ,20260727,20260727 10:35:54,康冠科技,16.9,16.61,16.93,16.58,16.63,1.6235718580877911,771700,12957291.55
001309.SZ,20260727,20260727 10:35:54,德明利,395.21,399.89,405.58,378.0,399.89,-1.1703218385055947,10940353,4296906364.9
001311.SZ,20260727,20260727 10:35:54,多利科技,14.68,14.22,14.72,14.19,14.23,3.162333099086423,1739350,25181659.8
001313.SZ,20260727,20260727 10:35:54,粤海饲料,6.99,6.96,7.04,6.9,6.95,0.575539568345329,3224000,22533706.0
001314.SZ,20260727,20260727 10:35:54,亿道信息,49.27,47.94,49.79,46.93,48.01,2.624453238908564,3323400,161585818.0
001316.SZ,20260727,20260727 10:35:54,润贝航科,25.15,24.09,25.33,24.09,24.53,2.527517325723583,960740,23982617.3
001317.SZ,20260727,20260727 10:35:54,三羊马,51.81,47.97,51.81,47.28,47.1,10.000000000000009,5140905,255950736.17
001318.SZ,20260727,20260727 10:35:54,阳光乳业,9.79,9.56,9.83,9.5,9.56,2.4058577405857706,1879900,18303000.0
001319.SZ,20260727,20260727 10:35:48,铭科精技,17.55,16.7,17.63,16.61,16.65,5.405405405405417,1340600,23169914.0
001322.SZ,20260727,20260727 10:35:48,箭牌家居,5.95,5.85,5.99,5.82,5.87,1.3628620102214661,1810000,10735824.0
001323.SZ,20260727,20260727 10:35:54,慕思股份,15.49,15.3,15.57,14.81,15.39,0.6497725795971299,1245180,19125403.0
001324.SZ,20260727,20260727 10:35:54,长青科技,18.09,17.85,18.3,17.49,17.82,1.5151515151515138,871900,15617129.0
001325.SZ,20260727,20260727 10:35:54,元创股份,34.27,33.63,34.31,33.53,33.52,2.237470167064437,191100,6508535.0
001326.SZ,20260727,20260727 10:35:54,联域股份,46.95,45.29,47.63,45.0,45.13,4.032794150232655,703300,32762201.0
001328.SZ,20260727,20260727 10:35:54,登康口腔,30.18,28.55,30.66,28.27,28.56,5.672268907563027,1480623,44153513.13
001330.SZ,20260727,20260727 10:35:54,博纳影业,4.67,4.48,4.69,4.48,4.47,4.4742729306487705,24491500,113035909.0
001331.SZ,20260727,20260727 10:35:54,胜通能源,44.94,41.83,46.01,41.53,41.83,7.4348553669615125,8673329,385686196.58
001332.SZ,20260727,20260727 10:35:54,锡装股份,29.41,28.54,29.42,28.54,28.8,2.1180555555555536,654555,19122636.91
001333.SZ,20260727,20260727 10:35:54,光华股份,17.74,17.12,17.74,17.07,17.17,3.3197437390797724,435500,7590251.0
001335.SZ,20260727,20260727 10:35:54,信凯科技,29.6,29.0,29.65,28.65,28.58,3.568929321203651,429400,12606471.0
001336.SZ,20260727,20260727 10:35:54,楚环科技,20.33,19.72,20.35,19.41,19.67,3.355363497712238,496900,9957528.5
001337.SZ,20260727,20260727 10:35:54,四川黄金,38.15,38.15,38.8,37.61,37.05,2.9689608636977116,11131352,425152950.66
001338.SZ,20260727,20260727 10:35:54,永顺泰,8.31,8.05,8.33,8.05,8.12,2.339901477832518,2008700,16558683.0
001339.SZ,20260727,20260727 10:35:54,智微智能,73.88,73.73,76.0,72.21,74.46,-0.7789417136717658,4512426,335818613.86
001356.SZ,20260727,20260727 10:35:54,富岭股份,8.28,8.15,8.3,8.12,8.16,1.4705882352941124,1284888,10594914.0
001358.SZ,20260727,20260727 10:35:51,兴欣新材,21.14,20.47,21.22,20.16,20.27,4.292057227429713,863000,18018313.0
001359.SZ,20260727,20260727 10:35:54,平安电工,85.72,84.48,87.87,81.83,82.87,3.439121515626886,1853640,158077375.48
001360.SZ,20260727,20260727 10:35:54,南矿集团,13.94,13.42,13.98,13.42,13.51,3.1828275351591495,1676128,23113607.8
001366.SZ,20260727,20260727 10:35:51,播恩集团,10.46,10.1,10.48,10.05,10.24,2.1484375,1565300,16175692.0
001367.SZ,20260727,20260727 10:35:51,海森药业,17.47,17.0,17.55,16.78,16.96,3.007075471698095,689200,11941395.0
001368.SZ,20260727,20260727 10:35:42,通达创智,19.52,18.83,19.59,18.78,18.96,2.9535864978902815,641500,12406747.0
001369.SZ,20260727,20260727 10:35:54,双欣材料,12.44,12.15,12.48,12.09,12.28,1.3029315960912058,5274394,64949854.9
001373.SZ,20260727,20260727 10:35:54,翔腾新材,24.51,23.45,24.7,23.45,23.86,2.7242246437552575,582900,14109986.0
001376.SZ,20260727,20260727 10:35:51,百通能源,10.06,9.66,10.07,9.6,9.77,2.9682702149437246,4139095,40981900.05
001378.SZ,20260727,20260727 10:35:54,德冠新材,16.2,15.65,16.24,15.55,15.75,2.857142857142847,1637440,26236352.8
001379.SZ,20260727,20260727 10:35:54,腾达科技,14.68,14.18,14.7,14.14,14.2,3.3802816901408406,1044000,15128039.0
001380.SZ,20260727,20260727 10:35:51,华纬科技,15.4,14.86,15.4,14.86,15.04,2.393617021276606,440410,6708661.6
001382.SZ,20260727,20260727 10:35:54,新亚电缆,17.18,16.37,17.36,16.14,16.9,1.6568047337278236,6509595,109576128.32
001386.SZ,20260727,20260727 10:35:54,马可波罗,14.66,14.33,14.68,14.21,14.5,1.1034482758620623,1570600,22806275.69
001387.SZ,20260727,20260727 10:35:51,雪祺电气,10.78,10.43,10.79,10.41,10.44,3.256704980842917,1241560,13208208.0
001388.SZ,20260727,20260727 10:35:54,信通电子,21.91,20.81,22.17,20.48,21.44,2.1921641791044832,6453435,138441830.37
001389.SZ,20260727,20260727 10:35:54,广合科技,163.16,160.25,167.74,158.21,160.5,1.6573208722741484,3630434,593523872.0
001390.SZ,20260727,20260727 10:35:54,古麒绒材,17.45,17.07,17.6,17.06,17.07,2.2261277094317355,402481,6983321.67
001391.SZ,20260727,20260727 10:35:54,国货航,4.26,4.18,4.27,4.16,4.18,1.9138755980861344,8412300,35640636.0
001395.SZ,20260727,20260727 10:35:54,亚联机械,27.44,26.91,27.79,26.3,27.08,1.3293943870014813,1998430,54108137.7
001396.SZ,20260727,20260727 10:35:54,誉帆科技,31.33,30.39,31.33,30.39,30.75,1.8861788617886122,218502,6790787.24
001400.SZ,20260727,20260727 10:35:54,江顺科技,68.89,67.14,69.29,66.45,67.1,2.6676602086438184,671000,45667065.4
001696.SZ,20260727,20260727 10:35:54,宗申动力,14.65,14.35,14.72,14.35,14.46,1.3139695712309774,8632135,126028335.35
001872.SZ,20260727,20260727 10:35:54,招商港口,21.12,20.96,21.19,20.86,20.99,0.6193425440686129,1223500,25730923.8
001896.SZ,20260727,20260727 10:35:54,豫能控股,13.95,13.71,14.43,13.58,14.39,-3.0576789437109175,51515791,718029967.5
001914.SZ,20260727,20260727 10:35:54,招商积余,8.75,8.61,8.84,8.59,8.6,1.744186046511631,4566900,39927948.0
001965.SZ,20260727,20260727 10:35:54,招商公路,10.33,10.12,10.34,10.11,10.17,1.5732546705998107,5889535,60398017.91
001979.SZ,20260727,20260727 10:35:54,招商蛇口,6.88,6.76,6.95,6.74,6.76,1.775147928994092,20726440,142258948.44
002001.SZ,20260727,20260727 10:35:54,新 和 成,29.97,29.41,29.98,29.03,29.75,0.739495798319334,8750294,258636735.96
002003.SZ,20260727,20260727 10:35:54,伟星股份,10.17,9.96,10.2,9.92,10.0,1.6999999999999904,6438519,64839397.58
002004.SZ,20260727,20260727 10:35:54,华邦健康,4.25,4.22,4.27,4.17,4.2,1.1904761904761862,11561285,49020414.15
002005.SZ,20260727,20260727 10:35:54,德豪润达,2.29,2.26,2.33,2.24,2.27,0.8810572687224738,8149600,18683832.0
002006.SZ,20260727,20260727 10:35:54,精工科技,12.89,12.61,12.91,12.61,12.67,1.7363851617995252,3046300,39141915.0
002007.SZ,20260727,20260727 10:35:54,华兰生物,12.96,12.71,13.02,12.65,12.75,1.6470588235294237,5640670,72822639.3
002008.SZ,20260727,20260727 10:35:54,大族激光,100.0,101.77,103.77,98.0,101.76,-1.7295597484276781,19576970,1980194960.91
002009.SZ,20260727,20260727 10:35:54,天奇股份,16.05,15.51,16.09,15.44,15.52,3.4149484536082575,4942300,78521548.0
002010.SZ,20260727,20260727 10:35:54,传化智联,4.56,4.48,4.57,4.45,4.45,2.4719101123595433,11625181,52729164.42
002011.SZ,20260727,20260727 10:35:54,盾安环境,10.28,10.18,10.32,10.14,10.21,0.685602350636616,3831000,39281959.0
002012.SZ,20260727,20260727 10:35:54,凯恩股份,5.62,5.9,6.02,5.46,5.73,-1.919720767888311,20560674,115638805.18
002014.SZ,20260727,20260727 10:35:54,永新股份,10.78,10.68,10.8,10.63,10.68,0.9363295880149725,583400,6265500.0
002015.SZ,20260727,20260727 10:35:54,协鑫能科,14.52,14.2,14.65,13.89,14.5,0.13793103448276334,40305861,575308332.38
002016.SZ,20260727,20260727 10:35:54,世荣兆业,4.13,4.03,4.16,4.01,4.03,2.481389578163773,4496800,18491497.0
002017.SZ,20260727,20260727 10:35:54,东信和平,12.82,12.31,12.96,12.21,12.3,4.227642276422761,6334483,79914025.46
002019.SZ,20260727,20260727 10:35:54,亿帆医药,10.05,9.79,10.09,9.63,9.8,2.5510204081632626,6117700,61227915.0
002020.SZ,20260727,20260727 10:35:54,京新药业,13.82,13.4,13.95,13.31,13.46,2.6745913818722045,8032300,110382336.0
002021.SZ,20260727,20260727 10:35:54,中捷资源,2.35,2.28,2.39,2.23,2.22,5.8558558558558405,25737329,60186286.22
002022.SZ,20260727,20260727 10:35:54,科华生物,4.93,4.8,4.94,4.74,4.76,3.571428571428581,4230000,20583134.0
002023.SZ,20260727,20260727 10:35:54,海特高新,9.03,8.83,9.07,8.76,8.69,3.9125431530494748,12686051,113387555.43
002024.SZ,20260727,20260727 10:35:45,ST易购,1.19,1.17,1.19,1.17,1.17,1.7094017094017033,7154751,8431920.67
002025.SZ,20260727,20260727 10:35:54,航天电器,65.16,65.9,66.75,63.89,65.9,-1.1229135053110961,6377259,416419502.55
002026.SZ,20260727,20260727 10:35:51,山东威达,9.56,9.35,9.56,9.3,9.35,2.2459893048128343,1350000,12786367.0
002027.SZ,20260727,20260727 10:35:54,分众传媒,5.13,5.06,5.14,5.03,5.07,1.1834319526627057,52111957,266111430.77
002028.SZ,20260727,20260727 10:35:54,思源电气,166.43,162.68,167.88,160.99,162.68,2.305138923039096,5929187,978985833.52
002029.SZ,20260727,20260727 10:35:54,七 匹 狼,7.72,7.23,7.84,7.23,7.27,6.1898211829436,15263200,115859992.0
002030.SZ,20260727,20260727 10:35:54,达安基因,5.35,5.23,5.41,5.21,5.2,2.8846153846153744,13134844,70239689.06
002031.SZ,20260727,20260727 10:35:54,巨轮智能,4.62,4.5,4.62,4.46,4.5,2.6666666666666616,20332400,92981490.0
002032.SZ,20260727,20260727 10:35:54,苏 泊 尔,42.94,42.84,43.35,42.62,42.93,0.023293733985552123,1382325,59369040.25
002033.SZ,20260727,20260727 10:35:54,丽江股份,8.33,8.24,8.37,8.23,8.24,1.0922330097087318,4704988,39179981.04
002034.SZ,20260727,20260727 10:35:48,旺能环境,14.0,13.77,14.04,13.72,13.76,1.744186046511631,2527671,35224316.03
002035.SZ,20260727,20260727 10:35:54,华帝股份,4.7,4.56,4.7,4.56,4.58,2.6200873362445476,4138400,19202682.0
002036.SZ,20260727,20260727 10:34:57,联创电子,0.0,0.0,0.0,0.0,7.23,-100.0,0,0.0
002037.SZ,20260727,20260727 10:35:51,保利联合,5.99,5.84,6.01,5.79,5.84,2.5684931506849473,3274110,19392963.9
002038.SZ,20260727,20260727 10:35:54,双鹭药业,5.56,5.27,5.7,5.22,5.29,5.10396975425329,25044569,138380298.41
002039.SZ,20260727,20260727 10:35:54,黔源电力,19.54,19.48,19.73,19.4,19.53,0.05120327700971483,2409077,47121042.48
002040.SZ,20260727,20260727 10:35:54,南 京 港,8.07,7.97,8.1,7.9,7.99,1.001251564455563,3160530,25393996.1
002041.SZ,20260727,20260727 10:35:54,登海种业,8.39,8.25,8.41,8.22,8.31,0.9626955475330989,5133300,42897918.0
002042.SZ,20260727,20260727 10:35:54,华孚时尚,3.58,3.52,3.59,3.48,3.49,2.5787965616045794,9811800,34782194.0
002043.SZ,20260727,20260727 10:35:54,兔 宝 宝,12.19,12.09,12.49,12.02,12.09,0.8271298593879317,4527600,55603176.0
002044.SZ,20260727,20260727 10:35:54,美年健康,4.4,4.28,4.42,4.25,4.32,1.85185185185186,32742800,143129856.0
002045.SZ,20260727,20260727 10:35:54,国光电器,7.5,7.3,7.51,7.2,7.26,3.3057851239669533,10866360,80289007.5
002046.SZ,20260727,20260727 10:35:54,国机精工,48.17,47.48,48.94,46.44,47.7,0.9853249475890946,6132312,293658948.32
002047.SZ,20260727,20260727 10:35:54,宝鹰股份,3.26,3.11,3.26,3.11,3.13,4.153354632587858,14075280,45223406.6
002048.SZ,20260727,20260727 10:35:54,宁波华翔,18.39,17.81,18.55,17.69,17.5,5.085714285714293,11055609,201661963.64
002049.SZ,20260727,20260727 10:35:54,紫光国微,65.8,64.02,66.18,62.68,64.5,2.0155038759689825,12995724,842500005.18
002050.SZ,20260727,20260727 10:35:54,三花智控,35.68,35.0,35.9,34.91,35.05,1.797432239657648,24086714,855364349.42
002051.SZ,20260727,20260727 10:35:54,中工国际,9.05,8.7,9.05,8.62,8.23,9.963547995139743,22749353,202569976.62
002052.SZ,20260727,20260727 10:35:54,同洲电子,8.69,8.32,8.72,8.24,8.32,4.447115384615374,6169200,52595324.0
002053.SZ,20260727,20260727 10:35:54,云南能投,9.35,9.06,9.37,9.04,9.11,2.6344676180021898,4089085,37929464.2
002054.SZ,20260727,20260727 10:35:54,德美化工,6.59,6.41,6.59,6.4,6.44,2.329192546583836,5323100,34716862.0
002055.SZ,20260727,20260727 10:35:51,ST得润,5.35,5.22,5.4,5.21,5.2,2.8846153846153744,4868400,25877350.0
002056.SZ,20260727,20260727 10:35:54,横店东磁,21.18,21.18,21.38,20.86,21.18,0.0,10912953,230299756.48
002057.SZ,20260727,20260727 10:35:54,中钢天源,7.86,7.63,7.87,7.62,7.61,3.285151116951379,10878065,84339934.81
002058.SZ,20260727,20260727 10:35:54,威尔泰,15.52,14.91,15.55,14.91,15.0,3.4666666666666623,710300,10867509.0
002059.SZ,20260727,20260727 10:35:54,云南旅游,4.25,4.15,4.26,4.15,4.18,1.674641148325362,2596400,11000623.0
002060.SZ,20260727,20260727 10:35:54,广东建工,3.23,3.2,3.24,3.18,3.19,1.2539184952978122,6470700,20873463.0
002061.SZ,20260727,20260727 10:35:54,浙江交科,3.54,3.51,3.55,3.49,3.5,1.1428571428571344,6360440,22451989.6
002062.SZ,20260727,20260727 10:35:54,宏润建设,7.4,7.42,7.48,7.2,7.48,-1.0695187165775444,7125857,52287822.23
002063.SZ,20260727,20260727 10:35:54,远光软件,5.26,5.17,5.27,5.13,5.18,1.5444015444015413,9391725,49202652.0
002064.SZ,20260727,20260727 10:35:54,华峰化学,10.96,10.61,10.98,10.54,10.62,3.201506591337111,17301200,186334095.0
002065.SZ,20260727,20260727 10:35:54,东华软件,6.75,6.6,6.77,6.47,6.63,1.8099547511312153,15519700,103468264.0
002066.SZ,20260727,20260727 10:35:39,瑞泰科技,20.06,20.08,20.36,19.88,20.08,-0.09960159362549792,747900,14991817.0
002067.SZ,20260727,20260727 10:35:54,景兴纸业,4.28,4.16,4.39,4.16,4.14,3.3816425120773097,50233500,214761747.0
002068.SZ,20260727,20260727 10:35:54,黑猫股份,7.57,7.33,7.59,7.31,7.37,2.7137042062415295,8856000,66333698.0
002069.SZ,20260727,20260727 10:35:54,獐子岛,3.04,2.98,3.06,2.95,2.98,2.0134228187919545,5056700,15271893.0
002072.SZ,20260727,20260727 10:35:45,凯瑞德,6.81,6.74,6.86,6.67,6.75,0.8888888888888724,1787500,12107643.02
002073.SZ,20260727,20260727 10:35:48,软控股份,5.46,5.35,5.47,5.34,5.36,1.8656716417910335,5980689,32415371.85
002074.SZ,20260727,20260727 10:35:54,国轩高科,27.45,27.3,27.72,26.91,26.85,2.2346368715083775,14562632,397856730.31
002075.SZ,20260727,20260727 10:35:54,沙钢股份,3.46,3.39,3.46,3.38,3.4,1.764705882352935,10714481,36785223.35
002076.SZ,20260727,20260727 10:35:54,星光股份,1.85,1.79,1.86,1.78,1.79,3.3519553072625774,12655700,23166017.0
002077.SZ,20260727,20260727 10:35:54,大港股份,12.04,11.85,12.15,11.46,12.01,0.24979184013320666,17729409,210703023.12
002078.SZ,20260727,20260727 10:35:54,太阳纸业,14.28,14.2,14.44,14.14,14.28,0.0,5492100,78348422.0
002079.SZ,20260727,20260727 10:35:54,苏州固锝,9.02,8.68,9.03,8.65,8.53,5.744431418522855,30240979,268049295.12
002080.SZ,20260727,20260727 10:35:54,中材科技,48.56,47.56,50.0,47.21,47.22,2.8377806014400653,20455674,997244192.86
002081.SZ,20260727,20260727 10:35:54,金 螳 螂,3.63,3.56,3.64,3.53,3.55,2.2535211267605604,30589801,110426747.49
002082.SZ,20260727,20260727 10:35:54,ST万邦,9.0,8.73,9.06,8.53,9.05,-0.5524861878453136,7273015,64258010.95
002083.SZ,20260727,20260727 10:35:54,孚日股份,11.6,12.52,12.67,11.16,11.52,0.694444444444442,142012001,1716345992.31
002084.SZ,20260727,20260727 10:35:54,海鸥住工,3.32,3.24,3.35,3.2,3.26,1.8404907975460238,5259233,17274740.89
002085.SZ,20260727,20260727 10:35:54,万丰奥威,10.12,9.91,10.13,9.91,9.98,1.4028056112224352,6996546,70415343.14
002086.SZ,20260727,20260727 10:35:54,东方海洋,1.73,1.7,1.74,1.69,1.7,1.764705882352935,10430900,17925073.0
002088.SZ,20260727,20260727 10:35:54,鲁阳节能,7.03,6.89,7.03,6.82,6.98,0.7163323782234832,2383800,16557974.6
002090.SZ,20260727,20260727 10:35:54,金智科技,8.62,8.52,8.63,8.39,8.42,2.375296912114,2470440,21103231.2
002091.SZ,20260727,20260727 10:35:54,江苏国泰,7.56,7.47,7.59,7.46,7.47,1.2048192771084265,4751100,35847602.0
002092.SZ,20260727,20260727 10:35:54,中泰化学,4.4,4.34,4.42,4.25,4.39,0.2277904328018332,35374600,153587670.0
002093.SZ,20260727,20260727 10:35:54,国脉科技,6.47,6.22,6.48,6.2,6.24,3.685897435897423,8245991,52676865.22
002094.SZ,20260727,20260727 10:35:54,青岛金王,4.31,4.17,4.32,4.15,4.2,2.6190476190476097,10795960,46082165.4
002095.SZ,20260727,20260727 10:35:54,生 意 宝,13.17,13.01,13.18,12.81,12.9,2.0930232558139528,774700,10119731.0
002096.SZ,20260727,20260727 10:35:54,易普力,9.07,9.0,9.1,8.97,9.0,0.7777777777777883,2031616,18411429.28
002097.SZ,20260727,20260727 10:35:54,山河智能,6.92,6.8,6.94,6.77,6.8,1.764705882352935,7013200,48312253.0
002098.SZ,20260727,20260727 10:35:48,浔兴股份,6.33,6.15,6.36,6.15,6.18,2.4271844660194164,1215700,7627349.0
002099.SZ,20260727,20260727 10:35:51,海翔药业,5.21,5.0,5.26,5.0,5.03,3.5785288270377746,12220900,63220705.0
002100.SZ,20260727,20260727 10:35:51,天康生物,7.04,6.99,7.11,6.92,6.98,0.8595988538681931,8636053,60747473.26
002101.SZ,20260727,20260727 10:35:51,广东鸿图,8.46,8.29,8.53,8.28,8.35,1.3173652694610904,2351886,19924068.72
002102.SZ,20260727,20260727 10:35:39,ST能特,2.35,2.33,2.38,2.32,2.32,1.2931034482758674,3318700,7812832.0
002103.SZ,20260727,20260727 10:35:51,广博股份,6.06,5.87,6.06,5.87,5.91,2.538071065989844,3132900,18797721.0
002104.SZ,20260727,20260727 10:35:54,恒宝股份,9.55,9.03,9.59,8.88,9.04,5.641592920353999,18320703,171287145.74
002105.SZ,20260727,20260727 10:35:48,信隆健康,5.07,4.84,5.12,4.73,4.79,5.845511482254695,6428200,32033447.0
002106.SZ,20260727,20260727 10:35:54,莱宝高科,9.59,9.34,9.65,9.26,9.34,2.676659528907921,8266900,78644656.99
002107.SZ,20260727,20260727 10:35:54,沃华医药,5.99,5.72,6.01,5.71,5.8,3.2758620689655293,6190840,36658182.0
002108.SZ,20260727,20260727 10:35:54,沧州明珠,4.24,4.2,4.25,4.16,4.14,2.4154589371980784,9126780,38495757.2
002109.SZ,20260727,20260727 10:35:54,ST兴化,2.52,2.46,2.53,2.46,2.49,1.2048192771084265,1873250,4682944.0
002110.SZ,20260727,20260727 10:35:54,三钢闽光,3.0,2.97,3.03,2.96,2.98,0.6711409395973256,8665550,26022376.5
002111.SZ,20260727,20260727 10:35:54,威海广泰,9.35,9.08,9.38,8.99,9.16,2.0742358078602585,4687080,43125491.2
002112.SZ,20260727,20260727 10:35:54,三变科技,15.21,14.75,15.22,14.51,14.87,2.286482851378624,20812032,309627922.34
002114.SZ,20260727,20260727 10:35:48,罗平锌电,6.29,6.11,6.31,6.1,6.1,3.1147540983606614,3131100,19476355.0
002115.SZ,20260727,20260727 10:35:54,三维通信,10.49,10.21,10.59,9.97,10.33,1.5488867376573179,28029691,290271267.21
002116.SZ,20260727,20260727 10:35:54,中国海诚,6.9,6.82,6.92,6.72,6.75,2.2222222222222365,1603079,10996215.5
002117.SZ,20260727,20260727 10:35:54,东港股份,7.6,7.4,7.61,7.4,7.43,2.288021534320328,2838900,21445678.0
002119.SZ,20260727,20260727 10:35:54,康强电子,22.63,22.07,23.0,21.0,22.08,2.490942028985521,20858857,462890188.64
002120.SZ,20260727,20260727 10:35:54,韵达股份,6.66,6.55,6.68,6.54,6.58,1.2158054711246313,13488000,89468813.0
002121.SZ,20260727,20260727 10:35:54,科陆电子,4.81,4.66,4.81,4.65,4.69,2.5586353944562656,10241431,48596897.63
002122.SZ,20260727,20260727 10:35:54,ST汇洲,2.32,2.26,2.33,2.26,2.29,1.3100436681222627,5112200,11759049.0
002123.SZ,20260727,20260727 10:35:54,梦网科技,7.92,7.57,8.0,7.52,7.6,4.210526315789487,12726336,99812925.59
002124.SZ,20260727,20260727 10:35:54,天邦食品,2.16,2.12,2.17,2.1,2.13,1.4084507042253724,18750211,40219007.76
002125.SZ,20260727,20260727 10:35:54,湘潭电化,11.91,11.68,11.93,11.54,11.54,3.206239168110936,8239983,96830512.1
002126.SZ,20260727,20260727 10:35:54,银轮股份,41.6,41.33,42.39,40.75,40.9,1.7114914425427896,5926500,246397879.1
002127.SZ,20260727,20260727 10:35:54,南极电商,2.95,2.87,2.97,2.85,2.89,2.076124567474058,23374323,68584156.9
002128.SZ,20260727,20260727 10:35:54,电投能源,25.89,26.05,26.46,25.63,26.52,-2.37556561085972,7398676,192433589.77
002129.SZ,20260727,20260727 10:35:54,TCL中环,8.6,8.5,8.62,8.4,8.5,1.17647058823529,32498463,277115904.25
002130.SZ,20260727,20260727 10:35:54,沃尔核材,15.73,15.49,15.76,15.44,15.48,1.6149870801033694,7628914,119350000.98
002131.SZ,20260727,20260727 10:35:54,利欧股份,3.95,3.83,3.97,3.8,3.85,2.5974025974025983,105360548,412070330.76
002132.SZ,20260727,20260727 10:35:54,恒星科技,4.1,4.05,4.13,3.99,4.06,0.9852216748768461,18776185,76330609.0
002133.SZ,20260727,20260727 10:35:48,广宇集团,2.41,2.33,2.41,2.32,2.33,3.433476394849788,5369200,12762581.0
002134.SZ,20260727,20260727 10:35:54,天津普林,20.17,19.87,20.41,19.4,19.87,1.5098137896326191,3380800,67449809.0
002135.SZ,20260727,20260727 10:35:51,东南网架,5.81,5.66,5.87,5.6,5.67,2.4691358024691246,5108700,29459941.0
002136.SZ,20260727,20260727 10:35:51,安 纳 达,11.8,11.5,11.83,11.41,11.68,1.0273972602739878,3258700,37844043.0
002137.SZ,20260727,20260727 10:35:54,实益达,6.91,6.7,6.94,6.63,6.7,3.1343283582089487,14456699,98611240.13
002138.SZ,20260727,20260727 10:35:54,顺络电子,43.14,42.11,44.28,41.44,42.11,2.445974827831865,18270253,788747307.71
002139.SZ,20260727,20260727 10:35:54,拓邦股份,9.55,9.34,9.59,9.34,9.36,2.029914529914545,5859907,55818324.97
002140.SZ,20260727,20260727 10:35:48,东华科技,8.61,8.45,8.64,8.45,8.5,1.2941176470588234,2418196,20750086.72
002141.SZ,20260727,20260727 10:35:54,贤丰控股,5.73,5.3,5.73,4.87,5.21,9.98080614203456,178271800,979108553.0
002142.SZ,20260727,20260727 10:35:54,宁波银行,31.7,31.96,32.18,31.65,32.01,-0.968447360199931,10435863,332247438.49
002144.SZ,20260727,20260727 10:35:48,宏达高科,9.59,9.3,9.62,9.25,9.3,3.118279569892457,1778500,16864826.0
002145.SZ,20260727,20260727 10:35:54,钛能化学,4.46,4.37,4.49,4.37,4.41,1.1337868480725488,23080007,102660219.15
002146.SZ,20260727,20260727 10:35:54,荣盛发展,1.08,1.06,1.09,1.06,1.07,0.9345794392523477,29854724,32170447.92
002148.SZ,20260727,20260727 10:35:54,北纬科技,5.78,5.71,5.79,5.65,5.73,0.8726003490401313,7953000,45496079.0
002149.SZ,20260727,20260727 10:35:54,西部材料,32.79,32.27,33.08,31.6,32.13,2.0541549953314586,9845251,320151307.0
002150.SZ,20260727,20260727 10:35:54,正泰电源,21.88,21.9,22.14,21.65,21.99,-0.5002273760800313,1990300,43655722.0
002151.SZ,20260727,20260727 10:35:54,北斗星通,27.6,26.72,27.7,26.61,26.93,2.487931674712218,7610454,208362601.88
002152.SZ,20260727,20260727 10:35:54,广电运通,9.71,9.6,9.74,9.52,9.56,1.5690376569037712,10339210,99934548.95
002153.SZ,20260727,20260727 10:35:54,石基信息,7.47,7.31,7.48,7.23,7.3,2.328767123287667,8058567,59642552.73
002154.SZ,20260727,20260727 10:35:54,报 喜 鸟,3.65,3.58,3.68,3.58,3.6,1.388888888888884,12596300,45882316.0
002155.SZ,20260727,20260727 10:35:54,湖南黄金,22.53,22.75,22.89,22.35,22.18,1.5779981965734935,18817167,425729126.06
002156.SZ,20260727,20260727 10:35:54,通富微电,74.69,72.88,76.7,71.0,76.64,-2.544363256784976,123417494,9192172234.27
002157.SZ,20260727,20260727 10:35:54,正邦科技,2.88,2.82,2.88,2.8,2.82,2.127659574468077,41893800,119593584.0
002158.SZ,20260727,20260727 10:35:54,汉钟精机,26.09,24.6,26.35,24.45,24.86,4.947707160096537,5856174,148624493.04
002159.SZ,20260727,20260727 10:35:48,三特索道,12.44,12.14,12.45,12.14,12.25,1.5510204081632617,1181800,14614926.0
002160.SZ,20260727,20260727 10:35:54,常铝股份,3.67,3.57,3.68,3.56,3.56,3.08988764044944,8757282,31892129.66
002161.SZ,20260727,20260727 10:35:54,远 望 谷,4.99,4.77,5.03,4.73,4.78,4.3933054393305415,7186813,35250741.18
002162.SZ,20260727,20260727 10:35:51,悦心健康,3.87,3.67,3.92,3.66,3.67,5.449591280653965,15456601,59330322.67
002163.SZ,20260727,20260727 10:35:54,海南发展,7.56,7.26,7.68,7.2,7.26,4.132231404958686,12878500,96188867.0
002164.SZ,20260727,20260727 10:35:54,宁波东力,10.35,10.14,10.38,10.13,10.14,2.071005917159763,2127300,21875345.0
002165.SZ,20260727,20260727 10:35:54,红 宝 丽,6.35,6.23,6.4,5.91,6.37,-0.31397174254317317,52486983,328314943.14
002166.SZ,20260727,20260727 10:35:51,莱茵生物,6.42,6.25,6.44,6.22,6.25,2.719999999999989,6633835,42289288.0
002167.SZ,20260727,20260727 10:35:54,东方锆业,15.92,15.3,16.07,15.01,15.56,2.3136246786632286,55459920,863298791.09
002168.SZ,20260727,20260727 10:35:39,ST惠程,3.55,3.53,3.58,3.49,3.53,0.56657223796035,1606200,5662714.0
002169.SZ,20260727,20260727 10:35:54,智光电气,10.93,10.6,10.95,10.52,10.63,2.822201317027262,7613432,81783649.0
002170.SZ,20260727,20260727 10:35:54,芭田股份,11.27,10.95,11.29,10.91,10.9,3.394495412844023,9503001,106172082.92
002171.SZ,20260727,20260727 10:35:54,楚江新材,9.11,8.9,9.17,8.87,8.84,3.054298642533926,16167046,145811998.98
002172.SZ,20260727,20260727 10:35:54,澳洋健康,3.09,2.96,3.1,2.95,2.98,3.691275167785224,10044100,30696244.0
002173.SZ,20260727,20260727 10:35:54,创新医疗,20.69,19.53,20.69,19.22,18.81,9.994683678894223,40606025,826206245.07
002174.SZ,20260727,20260727 10:35:54,游族网络,11.1,10.31,11.15,10.14,10.31,7.662463627546057,20944497,225359352.93
002175.SZ,20260727,20260727 10:35:54,*ST东智,2.46,2.37,2.47,2.36,2.49,-1.2048192771084487,10768300,26064243.0
002176.SZ,20260727,20260727 10:35:54,江特电机,7.96,7.8,7.98,7.72,7.72,3.1088082901554515,24319868,191233002.52
002177.SZ,20260727,20260727 10:35:54,御银股份,5.36,5.15,5.38,5.13,5.14,4.280155642023353,15410552,81690219.02
002178.SZ,20260727,20260727 10:35:54,延华智能,4.26,4.15,4.28,4.13,4.14,2.898550724637694,4567600,19292414.0
002179.SZ,20260727,20260727 10:35:54,中航光电,33.93,33.52,34.05,33.34,33.33,1.8001800180017957,12150720,410832948.71
002180.SZ,20260727,20260727 10:35:51,奔图科技,16.75,16.41,16.89,16.3,16.39,2.1964612568639463,6438416,107048833.98
002181.SZ,20260727,20260727 10:35:54,粤 传 媒,7.88,7.61,7.9,7.61,7.69,2.4707412223667014,11518622,89919194.68
002182.SZ,20260727,20260727 10:35:54,宝武镁业,11.21,11.0,11.24,10.95,10.96,2.2810218978102093,6266224,69611511.9
002183.SZ,20260727,20260727 10:35:54,怡 亚 通,4.39,4.28,4.4,4.26,4.27,2.810304449648715,20512200,89195185.0
002184.SZ,20260727,20260727 10:35:54,海得控制,9.19,8.99,9.2,8.86,8.93,2.911534154535267,2613100,23802089.0
002185.SZ,20260727,20260727 10:35:54,华天科技,18.45,18.3,18.82,17.19,18.59,-0.7530930607853703,254521218,4635901599.58
002186.SZ,20260727,20260727 10:35:51,全 聚 德,8.76,8.55,8.8,8.55,8.54,2.576112412177989,1881500,16397438.0
002187.SZ,20260727,20260727 10:35:51,广百股份,4.81,4.73,4.82,4.68,4.72,1.9067796610169552,5709800,27160924.0
002188.SZ,20260727,20260727 10:35:51,中天服务,4.53,4.33,4.55,4.3,4.33,4.618937644341803,6653700,29615891.0
002189.SZ,20260727,20260727 10:35:54,中光学,20.09,18.5,20.24,18.41,19.1,5.183246073298431,7428200,144997089.47
002190.SZ,20260727,20260727 10:35:54,成飞集成,22.88,21.91,22.9,21.6,22.85,0.13129102844637863,5725674,128221519.04
002191.SZ,20260727,20260727 10:35:51,劲嘉股份,3.72,3.68,3.73,3.68,3.69,0.8130081300813163,3265300,12112943.0
002192.SZ,20260727,20260727 10:35:54,融捷股份,64.19,63.0,64.19,61.68,61.41,4.5269500081420055,8697767,549715204.27
002193.SZ,20260727,20260727 10:35:48,ST如意,3.64,3.52,3.65,3.51,3.54,2.824858757062154,1207000,4359203.0
002194.SZ,20260727,20260727 10:35:54,武汉凡谷,8.27,8.08,8.3,8.05,8.11,1.9728729963008673,5208338,42783771.5
002195.SZ,20260727,20260727 10:35:54,岩山科技,6.19,5.8,6.23,5.75,5.89,5.093378607809851,168315190,1026055874.67
002196.SZ,20260727,20260727 10:35:54,方正电机,9.98,9.68,10.0,9.64,9.71,2.780638516992795,7311800,72307794.0
002197.SZ,20260727,20260727 10:35:54,证通电子,6.65,6.55,6.83,6.5,6.9,-3.6231884057971064,53342930,353694771.6
002198.SZ,20260727,20260727 10:35:45,ST嘉应,3.05,2.96,3.07,2.96,2.96,3.040540540540526,1553900,4717709.0
002199.SZ,20260727,20260727 10:35:54,东晶电子,11.04,11.8,12.0,10.62,11.8,-6.440677966101704,10094753,112286617.18
002200.SZ,20260727,20260727 10:35:54,交投生态,6.33,5.9,6.36,5.9,5.93,6.745362563237789,4213713,26129936.99
002201.SZ,20260727,20260727 10:35:54,九鼎新材,7.54,7.26,7.59,7.22,7.29,3.429355281207136,8223732,61450171.68
002202.SZ,20260727,20260727 10:35:54,金风科技,18.1,17.6,18.15,17.52,17.62,2.724177071509648,33139830,593262041.7
002203.SZ,20260727,20260727 10:35:54,海亮股份,18.05,17.94,18.27,17.71,17.85,1.1204481792717047,7293800,131556774.0
002204.SZ,20260727,20260727 10:35:54,大连重工,5.24,5.12,5.25,5.11,5.13,2.144249512670582,10807453,56292870.57
002205.SZ,20260727,20260727 10:35:48,国统股份,9.45,9.13,9.48,9.06,9.13,3.5049288061336004,1167300,10889199.0
002206.SZ,20260727,20260727 10:35:54,海 利 得,5.17,5.1,5.19,5.1,5.11,1.1741682974559575,2241790,11557595.3
002207.SZ,20260727,20260727 10:35:42,*ST准油,5.19,5.16,5.23,4.95,5.27,-1.5180265654648806,9125100,46546740.0
002208.SZ,20260727,20260727 10:35:54,合肥城建,12.77,13.47,13.49,12.44,13.6,-6.102941176470589,67949990,882468982.11
002209.SZ,20260727,20260727 10:35:51,达 意 隆,10.22,9.67,10.29,9.6,9.69,5.4695562435500555,2290300,23096542.0
002210.SZ,20260727,20260727 10:35:54,飞马国际,2.2,2.12,2.21,2.1,2.13,3.2863849765258246,39805171,86161186.49
002211.SZ,20260727,20260727 10:35:51,ST宏达,3.78,3.78,3.78,3.78,3.44,9.883720930232553,729800,2758644.0
002212.SZ,20260727,20260727 10:35:54,天融信,5.45,5.32,5.46,5.28,5.34,2.059925093632975,8276700,44684750.0
002213.SZ,20260727,20260727 10:35:54,大为股份,27.05,26.8,27.8,26.32,26.93,0.44559970293354123,8697400,236226513.0
002214.SZ,20260727,20260727 10:34:42,*ST大立,12.53,12.38,12.68,12.2,12.38,1.2116316639741331,864800,10811841.0
002215.SZ,20260727,20260727 10:35:54,诺 普 信,8.59,8.42,8.6,8.41,8.46,1.5366430260047137,5485825,46765626.0
002216.SZ,20260727,20260727 10:35:36,三全食品,12.66,12.67,12.77,12.54,12.72,-0.4716981132075526,3423462,43329938.19
002217.SZ,20260727,20260727 10:35:54,ST合力泰,1.39,1.37,1.4,1.37,1.38,0.7246376811594235,36365570,50352710.6
002218.SZ,20260727,20260727 10:35:54,拓日新能,4.13,3.88,4.17,3.85,4.2,-1.6666666666666718,114577873,461472328.14
002219.SZ,20260727,20260727 10:35:51,新里程,2.07,2.01,2.13,2.01,1.97,5.076142131979688,83586689,172928399.42
002221.SZ,20260727,20260727 10:35:54,东华能源,5.29,5.16,5.32,5.05,5.25,0.7619047619047636,13717300,71501091.0
002222.SZ,20260727,20260727 10:35:54,福晶科技,56.23,55.98,57.89,54.89,55.99,0.42864797285229184,9977456,564763327.72
002223.SZ,20260727,20260727 10:35:54,鱼跃医疗,26.93,26.5,27.18,26.41,26.6,1.2406015037593976,4260881,114919797.27
002224.SZ,20260727,20260727 10:35:54,三 力 士,3.36,3.26,3.36,3.26,3.28,2.4390243902439046,3659475,12161967.5
002225.SZ,20260727,20260727 10:35:54,濮耐股份,3.47,3.38,3.49,3.38,3.39,2.359882005899716,7622800,26211097.0
002226.SZ,20260727,20260727 10:35:54,江南化工,4.73,4.6,4.74,4.59,4.63,2.159827213822907,12288080,57690801.4
002227.SZ,20260727,20260727 10:35:03,*ST特迅,5.76,5.54,5.8,5.54,5.62,2.491103202846978,761300,4343884.0
002228.SZ,20260727,20260727 10:35:54,合兴包装,2.97,2.88,2.98,2.88,2.9,2.413793103448292,7039500,20757837.0
002229.SZ,20260727,20260727 10:35:54,鸿博股份,9.58,9.47,9.62,9.22,9.61,-0.3121748178980144,14987902,141857615.06
002230.SZ,20260727,20260727 10:35:54,科大讯飞,39.38,38.88,39.48,38.55,38.88,1.2860082304526843,11444502,448247720.64
002232.SZ,20260727,20260727 10:35:54,启明信息,13.45,12.97,13.47,12.87,13.15,2.281368821292773,2075509,27583490.78
002233.SZ,20260727,20260727 10:35:54,塔牌集团,7.2,7.17,7.27,7.17,7.2,0.0,4374700,31590832.0
002234.SZ,20260727,20260727 10:35:51,民和股份,6.81,6.76,6.84,6.71,6.73,1.1887072808320909,1534000,10423938.0
002235.SZ,20260727,20260727 10:35:51,安妮股份,7.22,6.57,7.22,6.5,6.56,10.060975609756095,26177406,184534264.88
002236.SZ,20260727,20260727 10:35:54,大华股份,16.7,16.59,17.13,16.58,16.43,1.6433353621424285,32977756,556180198.68
002237.SZ,20260727,20260727 10:35:54,恒邦股份,12.84,12.75,12.89,12.67,12.51,2.6378896882494063,8551255,109509491.13
002238.SZ,20260727,20260727 10:35:54,天威视讯,5.63,5.4,5.64,5.4,5.46,3.1135531135531025,2425915,13494599.95
002239.SZ,20260727,20260727 10:35:54,奥特佳,2.48,2.44,2.49,2.43,2.43,2.0576131687242816,25651300,63355111.0
002240.SZ,20260727,20260727 10:35:54,盛新锂能,29.09,29.02,29.55,27.9,28.46,2.213633169360496,25911160,745623795.42
002241.SZ,20260727,20260727 10:35:54,歌尔股份,22.82,22.5,23.05,22.08,22.67,0.6616674018526725,35374412,799140972.74
002242.SZ,20260727,20260727 10:35:54,九阳股份,8.84,8.07,8.87,8.03,8.07,9.541511771995047,13176168,112496262.94
002243.SZ,20260727,20260727 10:35:54,力合科创,6.69,6.48,6.71,6.45,6.48,3.240740740740744,6799381,44921497.51
002244.SZ,20260727,20260727 10:35:54,滨江集团,8.59,8.59,8.69,8.48,8.6,-0.11627906976744429,9536701,81997323.4
002245.SZ,20260727,20260727 10:35:54,蔚蓝锂芯,16.54,16.45,16.63,15.84,16.3,1.4723926380368013,34990540,567653366.71
002246.SZ,20260727,20260727 10:35:54,北化股份,19.63,19.03,19.77,18.81,19.39,1.2377514182568161,13247738,257473370.76
002247.SZ,20260727,20260727 10:35:54,聚力文化,2.03,1.96,2.05,1.96,1.97,3.045685279187804,15386000,30939496.0
002248.SZ,20260727,20260727 10:35:54,华东数控,8.07,7.81,8.08,7.81,7.83,3.065134099616862,2277300,18166803.0
002249.SZ,20260727,20260727 10:35:54,大洋电机,6.98,6.8,6.98,6.78,6.79,2.798232695139924,16307675,112967508.3
002250.SZ,20260727,20260727 10:35:54,联化科技,15.91,14.94,15.93,14.8,14.94,6.492637215528796,13692709,211086292.6
002251.SZ,20260727,20260727 10:35:54,步步高,3.53,3.35,3.54,3.35,3.37,4.7477744807121525,61371894,212979949.96
002252.SZ,20260727,20260727 10:35:54,上海莱士,5.04,4.98,5.09,4.96,4.98,1.2048192771084265,28764600,145189988.0
002253.SZ,20260727,20260727 10:35:54,川大智胜,8.67,8.41,8.68,8.36,8.42,2.9691211401425166,2387000,20452252.0
002254.SZ,20260727,20260727 10:35:54,泰和新材,11.58,11.16,11.77,11.11,11.15,3.8565022421524597,13931600,159866758.0
002255.SZ,20260727,20260727 10:35:54,海陆重工,8.08,7.78,8.1,7.78,7.81,3.457106274007682,6591800,52488835.0
002256.SZ,20260727,20260727 10:35:54,兆新股份,3.26,3.14,3.27,3.11,3.17,2.8391167192429068,29800039,95703065.41
002258.SZ,20260727,20260727 10:35:54,利尔化学,14.3,13.95,14.33,13.83,13.95,2.508960573476715,11078644,157296397.02
002259.SZ,20260727,20260727 10:35:54,升达林业,3.52,3.43,3.54,3.37,3.48,1.1494252873563315,9954300,34480473.0
002261.SZ,20260727,20260727 10:35:54,拓维信息,26.86,26.5,27.07,25.84,26.86,0.0,28640341,761017512.26
002262.SZ,20260727,20260727 10:35:54,恩华药业,21.4,20.63,21.49,20.62,20.89,2.441359502154139,5742400,121954876.0
002263.SZ,20260727,20260727 10:35:54,大东南,2.82,2.72,2.82,2.71,2.75,2.5454545454545396,19062400,53127233.0
002264.SZ,20260727,20260727 10:35:54,新 华 都,6.05,5.9,6.06,5.85,5.89,2.716468590831922,5389600,32218979.0
002265.SZ,20260727,20260727 10:35:54,建设工业,19.83,18.93,20.72,17.84,19.34,2.533609100310219,29044083,568522533.68
002266.SZ,20260727,20260727 10:35:54,浙富控股,4.52,4.47,4.55,4.44,4.42,2.262443438914019,31132770,140532648.7
002267.SZ,20260727,20260727 10:35:54,陕天然气,7.22,7.2,7.28,7.14,7.23,-0.13831258644537714,3388600,24495833.0
002268.SZ,20260727,20260727 10:35:54,电科网安,13.8,13.33,13.95,13.23,13.43,2.7550260610573307,5521055,75453465.68
002269.SZ,20260727,20260727 10:35:51,美邦服饰,1.34,1.31,1.35,1.3,1.31,2.2900763358778553,23749200,31622222.0
002270.SZ,20260727,20260727 10:35:54,华明装备,18.91,18.3,19.5,18.24,18.05,4.764542936288074,15494957,293471168.31
002271.SZ,20260727,20260727 10:35:54,东方雨虹,11.3,11.07,11.4,11.05,11.06,2.169981916817365,17644255,198749086.2
002272.SZ,20260727,20260727 10:35:54,川润股份,15.25,15.01,15.48,14.65,15.12,0.8597883597883715,10125900,153294154.95
002273.SZ,20260727,20260727 10:35:54,水晶光电,27.6,27.18,27.88,26.56,27.35,0.9140767824497242,22505223,614579838.8
002274.SZ,20260727,20260727 10:35:54,华昌化工,5.47,5.26,5.47,5.2,5.36,2.0522388059701413,10312908,55074303.68
002275.SZ,20260727,20260727 10:35:54,桂林三金,13.17,12.84,13.21,12.82,12.85,2.4902723735408694,1316100,17236648.0
002276.SZ,20260727,20260727 10:35:54,万马股份,9.67,9.46,9.68,9.44,9.45,2.3280423280423346,8749744,83732657.28
002277.SZ,20260727,20260727 10:35:54,友阿股份,5.29,5.26,5.31,5.19,5.25,0.7619047619047636,5291700,27884557.0
002278.SZ,20260727,20260727 10:35:54,神开股份,7.55,7.36,7.55,7.24,7.46,1.206434316353877,7345219,54167484.63
002279.SZ,20260727,20260727 10:35:54,久其软件,5.83,5.71,5.84,5.65,5.76,1.2152777777777901,7762280,44849283.6
002281.SZ,20260727,20260727 10:35:54,光迅科技,188.6,185.02,197.38,182.0,186.8,0.9635974304068373,17139385,3273130729.78
002282.SZ,20260727,20260727 10:35:48,博深股份,5.66,5.56,5.67,5.55,5.59,1.2522361359570633,1097462,6191205.06
002283.SZ,20260727,20260727 10:35:54,天润工业,8.13,8.0,8.18,7.81,7.89,3.041825095057038,12939400,104007487.0
002284.SZ,20260727,20260727 10:35:54,亚太股份,8.97,8.69,8.99,8.69,8.71,2.985074626865658,5979100,53184164.0
002285.SZ,20260727,20260727 10:35:54,世联行,2.0,1.93,2.02,1.92,1.95,2.564102564102577,21263820,42249983.0
002286.SZ,20260727,20260727 10:35:54,保龄宝,7.39,7.2,7.41,7.15,7.21,2.496532593619971,2058300,15115771.0
002287.SZ,20260727,20260727 10:35:54,奇正藏药,20.42,19.92,20.57,19.92,20.0,2.100000000000013,1204500,24546429.98
002289.SZ,20260727,20260727 10:35:54,宇顺电子,33.89,33.7,34.88,33.01,33.4,1.467065868263484,2595300,88563540.0
002290.SZ,20260727,20260727 10:35:54,禾盛新材,56.62,56.49,58.45,54.49,56.62,0.0,4146200,233867535.9
002291.SZ,20260727,20260727 10:35:54,遥望科技,4.77,4.58,4.79,4.57,4.6,3.6956521739130332,12079342,56869253.86
002292.SZ,20260727,20260727 10:35:54,奥飞娱乐,7.76,7.06,7.76,7.04,7.05,10.070921985815605,74696172,563681884.28
002293.SZ,20260727,20260727 10:35:54,罗莱生活,11.13,10.86,11.27,10.72,10.97,1.4585232452142272,4426344,48805355.68
002294.SZ,20260727,20260727 10:35:54,信立泰,33.09,32.19,33.45,31.93,32.19,2.7958993476234983,11577635,380619405.17
002295.SZ,20260727,20260727 10:35:54,精艺股份,7.78,7.49,7.8,7.49,7.49,3.8718291054739673,1885500,14506270.0
002296.SZ,20260727,20260727 10:35:54,辉煌科技,8.67,8.39,8.67,8.39,8.45,2.6035502958579926,2991299,25683388.49
002297.SZ,20260727,20260727 10:35:54,博云新材,17.04,16.67,17.23,16.6,16.83,1.2477718360071277,15898300,269439522.0
002298.SZ,20260727,20260727 10:35:54,中电鑫龙,8.26,8.02,8.6,7.6,8.1,1.975308641975304,90341462,741428513.99
002299.SZ,20260727,20260727 10:35:54,圣农发展,15.86,15.75,15.95,15.67,15.85,0.06309148264984632,3464700,54918771.99
002300.SZ,20260727,20260727 10:35:54,太阳电缆,7.39,6.96,7.8,6.81,7.1,4.084507042253516,72997572,540148395.09
002301.SZ,20260727,20260727 10:35:54,齐心集团,6.75,6.67,6.83,6.63,6.64,1.6566265060240948,5879000,39700679.0
002302.SZ,20260727,20260727 10:35:51,西部建设,4.4,4.34,4.41,4.31,4.33,1.616628175519641,2977402,13042444.74
002303.SZ,20260727,20260727 10:35:54,美盈森,4.61,4.57,4.65,4.12,4.57,0.875273522975939,87101032,383591853.89
002304.SZ,20260727,20260727 10:35:51,洋河股份,39.63,39.33,39.84,39.24,39.34,0.7371631926792022,2263100,89653326.0
002305.SZ,20260727,20260727 10:35:48,*ST南置,1.88,1.86,1.89,1.84,1.87,0.53475935828875,5337600,9956439.0
002306.SZ,20260727,20260727 10:35:54,ST云网,1.71,1.68,1.71,1.67,1.68,1.7857142857142794,1627700,2755153.0
002307.SZ,20260727,20260727 10:35:54,北新路桥,2.91,2.86,2.91,2.85,2.86,1.7482517482517501,7147891,20620429.9
002309.SZ,20260727,20260727 10:35:54,中利集团,3.06,2.78,3.06,2.71,2.78,10.07194244604317,263868853,796278215.55
002310.SZ,20260727,20260727 10:35:54,东方新能,2.41,2.17,2.41,2.16,2.19,10.045662100456632,149527672,353277560.8
002311.SZ,20260727,20260727 10:35:54,海大集团,47.7,48.2,48.55,47.55,48.26,-1.16038126813095,3617329,173709186.29
002312.SZ,20260727,20260727 10:35:54,川发龙蟒,8.16,7.98,8.17,7.92,8.03,1.6189290161892966,8084024,65381850.04
002313.SZ,20260727,20260727 10:35:54,日海智能,7.6,7.35,7.62,7.31,7.38,2.981029810298108,3339500,25040381.0
002314.SZ,20260727,20260727 10:35:51,南山控股,2.03,1.99,2.03,1.97,1.99,2.010050251256268,7243600,14577644.0
002315.SZ,20260727,20260727 10:35:54,焦点科技,24.46,23.78,24.65,23.62,23.57,3.7759864234196083,4050640,98386798.1
002316.SZ,20260727,20260727 10:35:54,亚联发展,3.83,3.64,3.84,3.64,3.68,4.0760869565217295,7914500,29869641.0
002317.SZ,20260727,20260727 10:35:54,众生药业,27.6,26.9,28.07,26.33,26.68,3.4482758620689724,21589295,590733694.25
002318.SZ,20260727,20260727 10:35:54,久立特材,19.88,18.86,19.9,18.68,18.9,5.185185185185182,9073097,176675762.9
002319.SZ,20260727,20260727 10:35:54,乐通股份,10.95,10.78,10.99,10.61,10.76,1.7657992565055736,4048600,43902715.0
002320.SZ,20260727,20260727 10:35:54,海峡股份,6.34,6.2,6.35,6.18,6.22,1.9292604501607746,7156800,45156323.0
002321.SZ,20260727,20260727 10:35:51,华英农业,1.83,1.8,1.84,1.79,1.81,1.104972375690605,7663000,13951897.0
002322.SZ,20260727,20260727 10:35:51,理工能科,9.96,9.83,9.98,9.76,9.83,1.322482197355046,991500,9835205.0
002323.SZ,20260727,20260727 10:35:54,*ST雅博,1.3,1.26,1.33,1.26,1.25,4.0000000000000036,25088952,32566821.53
002324.SZ,20260727,20260727 10:35:54,普利特,8.65,8.25,8.69,8.1,8.25,4.8484848484848575,21126525,178245963.91
002326.SZ,20260727,20260727 10:35:54,永太科技,19.0,18.6,19.2,18.1,17.97,5.731775180856991,51619753,968244223.54
002327.SZ,20260727,20260727 10:35:54,富安娜,6.27,6.23,6.29,6.2,6.25,0.31999999999998696,1502700,9401302.0
002328.SZ,20260727,20260727 10:35:54,新朋股份,6.45,6.25,6.47,6.24,6.29,2.5437201907790197,10448700,66576600.0
002329.SZ,20260727,20260727 10:35:54,皇氏集团,3.27,3.09,3.3,3.04,3.1,5.483870967741944,14204400,45608467.0
002330.SZ,20260727,20260727 10:35:54,得利斯,3.64,3.53,3.66,3.51,3.55,2.5352112676056526,5301500,19132879.0
002331.SZ,20260727,20260727 10:35:51,皖通科技,6.6,6.55,6.63,6.38,6.47,2.0092735703245657,2662400,17454528.0
002332.SZ,20260727,20260727 10:35:54,仙琚制药,8.37,8.18,8.4,8.17,8.2,2.073170731707319,6192000,51599590.0
002333.SZ,20260727,20260727 10:35:54,罗普斯金,5.27,5.06,5.31,5.05,5.07,3.944773175542382,7462800,38952812.0
002334.SZ,20260727,20260727 10:35:54,英威腾,6.26,6.12,6.28,6.12,6.1,2.622950819672143,5552204,34550389.84
002335.SZ,20260727,20260727 10:35:54,科华数据,29.98,29.47,30.1,29.2,29.58,1.3522650439486306,9467350,282014270.59
002337.SZ,20260727,20260727 10:35:45,赛象科技,4.23,4.12,4.25,4.12,4.14,2.1739130434782705,3095800,13042346.0
002338.SZ,20260727,20260727 10:35:54,奥普光电,38.89,38.06,39.15,37.5,38.05,2.207621550591332,2212918,85296727.81
002339.SZ,20260727,20260727 10:35:54,积成电子,6.98,6.78,7.0,6.74,6.83,2.196193265007329,17169665,118674975.85
002340.SZ,20260727,20260727 10:35:54,格林美,6.57,6.48,6.58,6.44,6.48,1.388888888888884,39740860,259067794.74
002342.SZ,20260727,20260727 10:35:54,巨力索具,7.26,6.94,7.33,6.9,7.0,3.7142857142857144,29548049,210648837.02
002343.SZ,20260727,20260727 10:35:54,慈文传媒,4.48,4.32,4.5,4.3,4.33,3.4642032332563577,5900700,26146661.0
002344.SZ,20260727,20260727 10:35:54,海宁皮城,3.62,3.55,3.63,3.54,3.56,1.6853932584269593,3653100,13165650.0
002345.SZ,20260727,20260727 10:35:54,潮宏基,10.41,9.92,10.59,9.9,9.88,5.364372469635614,16558179,171700936.7
002346.SZ,20260727,20260727 10:35:54,柘中股份,17.08,16.43,17.32,16.43,16.66,2.5210084033613356,2341900,39642010.0
002347.SZ,20260727,20260727 10:35:54,泰尔股份,5.31,5.11,5.32,5.08,5.11,3.9138943248532065,6379000,33435680.0
002348.SZ,20260727,20260727 10:35:54,高乐股份,9.92,9.77,10.06,9.58,9.78,1.4314928425357865,6846900,67528704.0
002349.SZ,20260727,20260727 10:35:54,精华制药,6.66,6.45,6.69,6.43,6.46,3.095975232198156,7447370,49261966.5
002350.SZ,20260727,20260727 10:35:54,北京科锐,15.17,14.8,15.5,14.5,14.51,4.548587181254304,13566144,205571287.1
002351.SZ,20260727,20260727 10:35:54,漫步者,9.86,9.73,9.94,9.71,9.73,1.336073997944487,3100000,30548360.0
002352.SZ,20260727,20260727 10:35:54,顺丰控股,33.7,33.47,33.89,33.46,33.5,0.5970149253731405,7987589,269091226.94
002353.SZ,20260727,20260727 10:35:54,杰瑞股份,143.24,139.17,145.33,135.0,137.29,4.3338917619637485,15197312,2129441118.93
002354.SZ,20260727,20260727 10:35:54,天娱数科,6.17,5.91,6.25,5.88,5.92,4.222972972972983,94915769,578785189.72
002355.SZ,20260727,20260727 10:35:54,兴民智通,4.21,4.11,4.22,4.07,4.09,2.933985330073363,6593300,27428038.0
002356.SZ,20260727,20260727 10:35:54,鹏飞绿能,2.55,2.5,2.56,2.48,2.51,1.5936254980079667,6155500,15580325.0
002357.SZ,20260727,20260727 10:35:54,富临运业,8.33,8.08,8.41,8.08,8.18,1.833740831295838,3314700,27366868.0
002358.SZ,20260727,20260727 10:35:54,森源电气,5.56,5.43,5.58,5.38,5.45,2.0183486238531945,24097119,132804690.01
002360.SZ,20260727,20260727 10:35:18,ST同德,4.9,4.84,4.95,4.76,4.88,0.4098360655737876,1108600,5399867.0
002361.SZ,20260727,20260727 10:35:54,神剑股份,9.47,9.32,9.53,9.13,9.2,2.934782608695663,27047577,252797591.61
002362.SZ,20260727,20260727 10:35:54,汉王科技,14.32,13.97,14.36,13.85,14.01,2.2127052105638922,1251300,17794327.0
002363.SZ,20260727,20260727 10:35:51,隆基机械,6.05,5.87,6.05,5.87,5.86,3.2423208191126207,1859200,11144741.0
002364.SZ,20260727,20260727 10:35:54,中恒电气,38.14,36.91,39.3,36.91,36.36,4.89548954895489,21536046,824476640.24
002365.SZ,20260727,20260727 10:35:54,永安药业,12.79,11.94,12.79,11.88,11.63,9.974204643164208,10568750,132628291.0
002366.SZ,20260727,20260727 10:35:54,融发核电,5.43,5.16,5.49,5.14,5.18,4.826254826254828,33857182,180528399.34
002367.SZ,20260727,20260727 10:35:54,康力电梯,5.16,5.08,5.18,5.06,5.06,1.976284584980248,4879900,25075110.0
002368.SZ,20260727,20260727 10:35:54,太极股份,13.41,13.0,13.44,12.82,13.05,2.758620689655178,4755235,62637704.24
002369.SZ,20260727,20260727 10:35:54,卓翼科技,5.22,5.05,5.23,5.01,5.05,3.3663366336633693,10331020,53295510.0
002370.SZ,20260727,20260727 10:35:54,亚太药业,4.8,4.58,4.93,4.55,4.58,4.8034934497816595,13838000,65818088.0
002371.SZ,20260727,20260727 10:35:54,北方华创,751.22,740.3,778.0,723.14,757.0,-0.7635402906208677,7798769,5856898962.81
002372.SZ,20260727,20260727 10:35:54,伟星新材,8.14,7.95,8.2,7.94,7.98,2.0050125313283207,5449500,44223017.0
002373.SZ,20260727,20260727 10:35:54,千方科技,7.38,7.26,7.4,7.21,7.27,1.5130674002751032,8272595,60740041.39
002374.SZ,20260727,20260727 10:35:54,中锐股份,3.05,3.07,3.17,2.96,3.09,-1.2944983818770184,27879402,85467163.17
002375.SZ,20260727,20260727 10:35:54,亚厦股份,3.44,3.37,3.46,3.34,3.37,2.0771513353115667,4787011,16405050.55
002376.SZ,20260727,20260727 10:35:54,新北洋,6.16,6.05,6.17,5.98,6.03,2.1558872305140975,3011713,18410934.43
002377.SZ,20260727,20260727 10:35:51,国创高新,2.48,2.39,2.5,2.37,2.43,2.0576131687242816,9865600,24294587.0
002378.SZ,20260727,20260727 10:35:54,章源钨业,22.82,22.41,23.0,22.0,22.3,2.331838565022415,11085200,250787279.0
002379.SZ,20260727,20260727 10:35:54,宏桥控股,19.61,18.72,19.9,18.56,19.06,2.8856243441762963,44294614,857062296.37
002380.SZ,20260727,20260727 10:35:54,科远智慧,27.27,26.87,27.44,26.7,27.11,0.5901881224640304,1263800,34363689.0
002381.SZ,20260727,20260727 10:35:54,双箭股份,5.01,4.91,5.03,4.9,4.91,2.0366598778003953,2069600,10304471.0
002382.SZ,20260727,20260727 10:35:54,蓝帆医疗,5.63,5.4,5.66,5.4,5.43,3.6832412523020386,11649199,64793123.37
002383.SZ,20260727,20260727 10:35:54,合众思壮,6.55,6.35,6.57,6.3,6.35,3.149606299212593,5464400,35370976.0
002384.SZ,20260727,20260727 10:35:54,东山精密,198.26,199.15,204.47,188.88,199.18,-0.46189376443418473,41749885,8247355790.86
002385.SZ,20260727,20260727 10:35:54,大北农,2.97,2.92,2.98,2.91,2.93,1.3651877133105783,17878283,52769978.68
002386.SZ,20260727,20260727 10:35:54,天原股份,5.66,5.56,5.67,5.55,5.55,1.981981981981984,4294000,24121197.0
002387.SZ,20260727,20260727 10:35:51,维信诺,6.25,6.14,6.27,6.1,6.14,1.791530944625408,4346700,27003200.0
002388.SZ,20260727,20260727 10:35:54,新亚制程,4.8,4.48,4.8,4.33,4.36,10.091743119266038,64802500,298200065.0
002389.SZ,20260727,20260727 10:35:54,航天彩虹,18.4,17.7,18.47,17.42,18.02,2.1087680355160954,17091802,310127318.96
002390.SZ,20260727,20260727 10:35:54,信邦制药,2.95,2.88,2.96,2.85,2.87,2.7874564459930307,12912600,37682456.0
002391.SZ,20260727,20260727 10:35:54,长青股份,5.09,5.0,5.1,5.0,5.03,1.1928429423459175,2076000,10510819.0
002392.SZ,20260727,20260727 10:35:54,北京利尔,6.96,6.75,6.98,6.74,6.74,3.264094955489605,6035400,41537521.0
002393.SZ,20260727,20260727 10:35:33,力生制药,13.99,13.75,14.03,13.65,13.78,1.5239477503628418,1083652,15069063.72
002394.SZ,20260727,20260727 10:35:54,联发股份,8.35,8.04,8.37,8.0,8.04,3.8557213930348277,2403561,19894655.26
002395.SZ,20260727,20260727 10:35:54,双象股份,11.63,11.21,11.65,11.2,11.32,2.738515901060068,1524200,17465997.0
002396.SZ,20260727,20260727 10:35:54,星网锐捷,30.43,32.34,32.68,30.0,32.92,-7.563791008505472,76351781,2390273808.92
002397.SZ,20260727,20260727 10:35:54,梦洁股份,3.31,3.23,3.32,3.17,3.2,3.4375000000000044,9468300,31008130.0
002398.SZ,20260727,20260727 10:35:54,垒知集团,3.76,3.64,3.77,3.64,3.66,2.7322404371584508,5183649,19321690.98
002399.SZ,20260727,20260727 10:35:51,海普瑞,9.56,9.36,9.65,9.32,9.34,2.35546038543899,2044720,19520620.4
002400.SZ,20260727,20260727 10:35:57,省广集团,5.96,5.78,5.98,5.76,5.8,2.758620689655178,24760544,146325116.06
002401.SZ,20260727,20260727 10:35:51,中远海科,11.39,11.11,11.4,11.09,11.19,1.787310098302064,1668900,18859301.0
002402.SZ,20260727,20260727 10:35:57,和而泰,20.13,19.48,20.16,19.37,19.57,2.8615227388860465,10295592,204183844.16
002403.SZ,20260727,20260727 10:35:48,爱仕达,8.09,7.87,8.12,7.81,7.87,2.7954256670902122,2757600,22064976.0
002404.SZ,20260727,20260727 10:35:54,嘉欣丝绸,5.57,5.51,5.62,5.48,5.51,1.0889292196007316,4068500,22675895.0
002405.SZ,20260727,20260727 10:35:54,四维图新,6.24,6.09,6.24,6.06,6.09,2.4630541871921263,16369851,100977969.93
002406.SZ,20260727,20260727 10:35:57,远东传动,6.3,6.1,6.31,6.09,6.1,3.2786885245901676,6706700,41772199.0
002407.SZ,20260727,20260727 10:35:57,多氟多,31.76,30.88,32.32,29.29,30.52,4.062909567496731,111185915,3447502862.2
002408.SZ,20260727,20260727 10:35:51,齐翔腾达,4.88,4.76,4.89,4.73,4.8,1.6666666666666607,14362500,68960738.51
002409.SZ,20260727,20260727 10:35:54,雅克科技,167.46,154.2,169.35,153.0,153.95,8.775576485872039,36442085,5920855305.99
002410.SZ,20260727,20260727 10:35:57,广联达,8.67,8.47,8.69,8.4,8.51,1.8801410105757865,11540356,99268743.89
002412.SZ,20260727,20260727 10:35:57,汉森制药,7.2,6.94,7.33,6.86,7.09,1.5514809590973178,62877174,446629549.02
002413.SZ,20260727,20260727 10:35:54,雷科防务,7.86,7.6,7.89,7.5,7.6,3.421052631578947,24301864,188467715.47
002414.SZ,20260727,20260727 10:35:57,高德红外,14.34,14.2,14.46,13.59,14.36,-0.139275766016711,86006703,1217855846.29
002415.SZ,20260727,20260727 10:35:57,海康威视,37.18,36.93,38.09,36.17,35.49,4.761904761904745,176180865,6556601171.94
002416.SZ,20260727,20260727 10:35:57,爱施德,8.98,8.82,9.01,8.8,8.85,1.4689265536723228,6198705,55410883.45
002418.SZ,20260727,20260727 10:35:57,康盛股份,3.38,3.24,3.39,3.22,3.26,3.6809815950920255,16258700,54133538.0
002419.SZ,20260727,20260727 10:35:54,天虹股份,4.35,4.3,4.36,4.26,4.28,1.635514018691575,4340495,18780392.11
002420.SZ,20260727,20260727 10:35:45,毅昌科技,5.08,4.91,5.08,4.87,4.91,3.462321792260692,4209400,21000072.0
002421.SZ,20260727,20260727 10:35:57,达实智能,2.75,2.69,2.76,2.65,2.67,2.9962546816479474,46531246,126693902.74
002422.SZ,20260727,20260727 10:35:54,科伦药业,47.85,46.71,48.36,46.0,46.65,2.5723472668810254,22533935,1066700420.64
002423.SZ,20260727,20260727 10:35:57,中粮资本,8.98,8.82,9.02,8.81,8.85,1.4689265536723228,6467900,57800829.0
002424.SZ,20260727,20260727 10:35:54,ST百灵,4.44,4.39,4.46,4.36,4.41,0.6802721088435382,2084200,9230244.0
002425.SZ,20260727,20260727 10:35:51,凯撒文化,2.55,2.45,2.55,2.44,2.46,3.658536585365857,9285400,23324180.0
002426.SZ,20260727,20260727 10:35:54,胜利精密,2.47,2.37,2.47,2.36,2.39,3.347280334728042,37561489,91240538.77
002427.SZ,20260727,20260727 10:35:51,尤夫股份,4.01,3.85,4.02,3.84,3.89,3.084832904884305,5043100,19999923.0
002428.SZ,20260727,20260727 10:35:54,云南锗业,76.68,75.36,78.07,70.89,78.08,-1.7930327868852403,40972182,3073524114.48
002429.SZ,20260727,20260727 10:35:54,兆驰股份,7.79,7.64,7.87,7.56,7.67,1.5645371577575062,23783800,184487975.0
002430.SZ,20260727,20260727 10:35:57,杭氧股份,23.55,22.98,23.73,22.91,23.16,1.6839378238342029,6095656,142773055.96
002431.SZ,20260727,20260727 10:35:45,ST棕榈,1.26,1.25,1.28,1.24,1.25,0.8000000000000007,4813400,6086816.0
002432.SZ,20260727,20260727 10:35:57,九安医疗,70.6,67.37,72.52,65.05,67.58,4.468777744894936,29767691,2067223060.7
002434.SZ,20260727,20260727 10:35:54,万里扬,5.36,5.22,5.38,5.21,5.21,2.8790786948176716,6221392,33139509.68
002436.SZ,20260727,20260727 10:35:54,兴森科技,34.45,33.8,36.17,32.76,33.8,1.9230769230769384,76567560,2666745449.73
002437.SZ,20260727,20260727 10:35:57,誉衡药业,2.88,2.74,2.94,2.72,2.76,4.347826086956519,48246500,137781310.0
002438.SZ,20260727,20260727 10:35:57,江苏神通,12.28,12.03,12.3,11.94,12.03,2.0781379883624274,1743593,21169036.76
002439.SZ,20260727,20260727 10:35:57,启明星辰,13.36,13.15,13.43,13.07,13.33,0.22505626406601476,11356546,150916189.13
002440.SZ,20260727,20260727 10:35:54,闰土股份,11.8,11.33,12.06,11.33,11.85,-0.42194092827003704,27638672,324848289.03
002441.SZ,20260727,20260727 10:35:48,众业达,7.73,7.53,7.75,7.5,7.54,2.5198938992042397,2121790,16236989.6
002442.SZ,20260727,20260727 10:35:54,龙星科技,4.66,4.51,4.69,4.5,4.52,3.0973451327433787,6275300,29006994.0
002443.SZ,20260727,20260727 10:35:57,金洲管道,8.0,7.77,8.03,7.7,7.81,2.432778489116516,5310300,41986784.0
002444.SZ,20260727,20260727 10:35:57,巨星科技,28.57,27.96,28.95,27.81,27.95,2.218246869409657,5378300,153598030.0
002445.SZ,20260727,20260727 10:35:54,中南文化,2.86,2.76,2.87,2.75,2.79,2.508960573476693,20536100,58259060.0
002446.SZ,20260727,20260727 10:35:54,盛路通信,7.47,7.18,7.5,7.15,7.23,3.319502074688785,11732169,86350716.77
002448.SZ,20260727,20260727 10:35:48,中原内配,11.94,11.62,11.94,11.41,10.85,10.046082949308754,15783935,187132388.5
002449.SZ,20260727,20260727 10:35:54,国星光电,6.02,5.88,6.04,5.87,5.9,2.033898305084736,3495700,20821980.0
002451.SZ,20260727,20260727 10:35:54,摩恩电气,6.87,6.64,6.89,6.59,6.66,3.153153153153143,13089370,88458555.26
002452.SZ,20260727,20260727 10:35:54,长高电气,10.8,10.73,10.92,10.65,10.68,1.1235955056179803,6093412,65893205.56
002453.SZ,20260727,20260727 10:35:57,华软科技,3.97,3.9,4.0,3.84,3.9,1.7948717948718107,6658200,26305679.0
002454.SZ,20260727,20260727 10:35:54,松芝股份,4.69,4.57,4.71,4.55,4.57,2.6258205689277947,3907644,18194513.64
002455.SZ,20260727,20260727 10:35:54,百川股份,6.25,5.92,6.27,5.92,5.99,4.340567612687818,15415666,94392470.47
002456.SZ,20260727,20260727 10:35:57,欧菲光,6.77,6.63,6.79,6.61,6.67,1.4992503748125774,27543001,185163155.9
002457.SZ,20260727,20260727 10:35:54,青龙管业,9.79,9.81,9.83,9.65,9.58,2.192066805845494,8517200,83148169.0
002458.SZ,20260727,20260727 10:35:57,益生股份,8.28,8.2,8.38,8.09,8.34,-0.7194244604316613,22805495,188313738.27
002459.SZ,20260727,20260727 10:35:57,晶澳科技,7.18,7.05,7.19,7.02,7.02,2.279202279202286,13485609,96018265.06
002460.SZ,20260727,20260727 10:35:57,赣锋锂业,49.95,49.85,50.65,49.01,49.03,1.8764022027330185,19268711,958728485.43
002461.SZ,20260727,20260727 10:35:57,珠江啤酒,8.41,8.39,8.48,8.32,8.38,0.35799522673030104,2852800,24025239.0
002462.SZ,20260727,20260727 10:35:54,嘉事堂,11.41,11.25,11.45,11.11,11.17,2.14861235452104,1368801,15558192.42
002463.SZ,20260727,20260727 10:35:54,沪电股份,114.09,112.22,117.81,112.22,112.22,1.6663696310817988,24767997,2856027772.7
002465.SZ,20260727,20260727 10:35:54,海格通信,9.68,9.45,9.71,9.38,9.49,2.002107481559534,22721883,217906365.35
002466.SZ,20260727,20260727 10:35:57,天齐锂业,45.1,44.65,45.15,43.9,43.88,2.7803099361896066,20082033,895507590.52
002467.SZ,20260727,20260727 10:35:57,二六三,4.4,4.24,4.4,4.21,4.3,2.3255813953488413,14667100,63765028.0
002468.SZ,20260727,20260727 10:35:54,申通快递,13.53,13.2,13.61,13.13,13.19,2.577710386656551,8913764,119634517.38
002469.SZ,20260727,20260727 10:35:54,三维化学,5.46,5.35,5.48,5.3,5.36,1.8656716417910335,3256200,17671253.0
002470.SZ,20260727,20260727 10:35:54,金正大,1.86,1.81,1.87,1.79,1.83,1.6393442622950838,42083700,77120237.0
002471.SZ,20260727,20260727 10:35:54,中超控股,5.09,4.94,5.11,4.93,4.94,3.0364372469635414,19644554,98993977.08
002472.SZ,20260727,20260727 10:35:54,双环传动,35.99,35.38,36.3,35.38,35.36,1.7816742081448123,7745497,278253943.21
002474.SZ,20260727,20260727 10:35:54,榕基软件,5.76,5.57,5.79,5.52,5.6,2.857142857142869,7495800,42867688.0
002475.SZ,20260727,20260727 10:35:57,立讯精密,61.86,61.0,63.02,60.35,60.59,2.096055454695489,55656690,3460670682.6
002476.SZ,20260727,20260727 10:35:42,新叶股份,4.24,4.13,4.25,4.08,4.13,2.6634382566586012,4439800,18600603.0
002478.SZ,20260727,20260727 10:35:54,常宝股份,6.09,5.98,6.11,5.88,5.96,2.1812080536912637,6770562,40674260.63
002479.SZ,20260727,20260727 10:35:54,富春环保,5.34,5.11,5.35,5.11,5.13,4.093567251461994,11117710,58491800.4
002480.SZ,20260727,20260727 10:35:45,新筑股份,5.27,5.18,5.27,5.18,5.23,0.7648183556405286,2229600,11668715.0
002481.SZ,20260727,20260727 10:35:57,双塔食品,4.03,3.95,4.05,3.92,3.95,2.0253164556962133,3877897,15547747.98
002482.SZ,20260727,20260727 10:35:54,广田集团,1.22,1.19,1.23,1.19,1.2,1.6666666666666607,20883800,25268634.0
002483.SZ,20260727,20260727 10:35:51,润邦股份,5.03,4.9,5.03,4.89,4.89,2.862985685071595,3629351,17994575.39
002484.SZ,20260727,20260727 10:35:54,江海股份,67.41,63.48,69.2,62.86,63.59,6.00723384179902,23589895,1573116915.1
002485.SZ,20260727,20260727 10:35:54,ST雪发,5.15,5.08,5.16,5.07,5.14,0.1945525291829009,838100,4291988.0
002486.SZ,20260727,20260727 10:35:54,嘉麟杰,2.2,2.14,2.22,2.1,2.12,3.7735849056603765,16748300,36543144.0
002487.SZ,20260727,20260727 10:35:54,大金重工,39.0,37.1,39.24,36.69,38.19,2.120974076983506,15135687,579202411.64
002488.SZ,20260727,20260727 10:35:54,金固股份,8.47,8.39,8.55,8.29,8.4,0.8333333333333304,8351973,70531026.23
002489.SZ,20260727,20260727 10:35:54,浙江永强,2.63,2.57,2.64,2.55,2.58,1.9379844961240345,6325200,16541920.0
002490.SZ,20260727,20260727 10:35:57,山东墨龙,7.3,7.13,7.37,7.13,7.92,-7.828282828282829,41877693,300884812.3
002491.SZ,20260727,20260727 10:35:54,通鼎互联,16.09,15.81,17.28,15.6,15.71,2.418841502227864,130901023,2158957442.03
002492.SZ,20260727,20260727 10:35:54,恒基达鑫,5.21,4.89,5.27,4.88,4.93,5.679513184584173,6209950,31814747.5
002493.SZ,20260727,20260727 10:35:57,荣盛石化,11.77,11.44,11.79,11.34,11.59,1.5530629853321765,20985350,243230163.5
002494.SZ,20260727,20260727 10:35:57,华斯股份,4.26,4.17,4.3,4.17,4.2,1.4285714285714235,7552400,32109875.0
002495.SZ,20260727,20260727 10:35:54,佳隆股份,2.11,2.06,2.12,2.05,2.05,2.9268292682926855,10806400,22610948.0
002496.SZ,20260727,20260727 10:35:48,辉丰股份,1.9,1.85,1.9,1.83,1.86,2.1505376344086002,6814700,12757741.0
002497.SZ,20260727,20260727 10:35:54,雅化集团,17.46,17.2,17.48,17.0,16.93,3.1305375073833464,15963892,276258643.44
002498.SZ,20260727,20260727 10:35:57,汉缆股份,6.81,6.44,6.95,6.25,6.5,4.76923076923077,186786746,1248148224.12
002500.SZ,20260727,20260727 10:35:54,山西证券,5.31,5.26,5.33,5.23,5.27,0.7590132827324458,8301450,43896995.8
002501.SZ,20260727,20260727 10:35:45,*ST利源,1.21,1.21,1.22,1.2,1.2,0.8333333333333304,7753100,9382499.0
002506.SZ,20260727,20260727 10:35:54,协鑫集成,2.46,2.38,2.47,2.35,2.38,3.3613445378151363,98613441,239981072.45
002507.SZ,20260727,20260727 10:35:54,涪陵榨菜,11.37,11.35,11.47,11.28,11.36,0.08802816901407606,4470275,50918475.95
002508.SZ,20260727,20260727 10:35:54,老板电器,15.5,15.28,15.52,15.17,15.24,1.7060367454068137,3111563,47945885.87
002510.SZ,20260727,20260727 10:35:54,天汽模,5.46,5.32,5.47,5.31,5.34,2.2471910112359605,6341788,34343130.08
002511.SZ,20260727,20260727 10:35:54,中顺洁柔,7.08,6.98,7.11,6.94,6.96,1.724137931034475,7270529,51382521.62
002512.SZ,20260727,20260727 10:35:54,ST达华,3.23,3.12,3.25,3.11,3.15,2.539682539682553,9704200,31139494.0
002513.SZ,20260727,20260727 10:35:54,蓝丰生化,4.55,4.44,4.57,4.36,4.41,3.1746031746031633,4023800,18048725.0
002514.SZ,20260727,20260727 10:35:51,*ST宝馨,1.59,1.56,1.62,1.52,1.56,1.9230769230769162,20418440,32176451.4
002515.SZ,20260727,20260727 10:35:54,金字火腿,8.02,7.75,8.22,7.46,7.81,2.688860435339313,42965860,340031624.6
002516.SZ,20260727,20260727 10:35:54,旷达科技,5.14,4.99,5.15,4.97,4.99,3.006012024048088,6418000,32678624.0
002517.SZ,20260727,20260727 10:35:54,恺英网络,15.11,14.78,15.2,14.73,14.88,1.5456989247311759,24586659,368534801.62
002518.SZ,20260727,20260727 10:35:54,科士达,32.82,32.38,33.1,32.18,32.26,1.7358958462492247,4158100,135946756.0
002519.SZ,20260727,20260727 10:35:54,银河电子,5.11,4.9,5.13,4.83,4.98,2.610441767068261,20024700,100710739.0
002520.SZ,20260727,20260727 10:35:54,日发精机,5.32,5.17,5.34,5.13,5.24,1.526717557251911,10131964,53339779.32
002521.SZ,20260727,20260727 10:35:48,齐峰新材,6.87,6.9,7.02,6.8,6.89,-0.2902757619738683,2727700,18813277.0
002522.SZ,20260727,20260727 10:35:54,浙江众成,4.56,4.35,4.59,4.32,4.34,5.069124423963123,18898775,85142045.23
002523.SZ,20260727,20260727 10:35:54,天桥起重,3.22,3.16,3.26,3.13,3.16,1.8987341772152,10801492,34602277.48
002524.SZ,20260727,20260727 10:35:54,光正眼科,3.59,3.45,3.65,3.4,3.45,4.057971014492745,8943902,31792105.0
002526.SZ,20260727,20260727 10:35:54,山东矿机,2.55,2.5,2.56,2.49,2.5,2.0000000000000018,8476082,21454028.84
002527.SZ,20260727,20260727 10:35:51,新时达,10.25,9.99,10.3,9.9,9.98,2.7054108216432837,3969900,40262067.0
002528.SZ,20260727,20260727 10:35:42,*ST英飞,4.16,4.12,4.18,4.08,4.08,1.9607843137254832,2819300,11677275.0
002529.SZ,20260727,20260727 10:35:51,海源复材,6.25,6.1,6.3,6.03,6.1,2.459016393442637,2123000,13146009.0
002530.SZ,20260727,20260727 10:35:51,金财互联,6.74,6.5,6.76,6.5,6.54,3.0581039755351647,6297544,41971756.3
002531.SZ,20260727,20260727 10:35:54,天顺风能,6.25,6.08,6.26,6.04,6.08,2.796052631578938,17273400,106795829.0
002532.SZ,20260727,20260727 10:35:54,天山铝业,12.65,12.6,12.75,12.2,12.5,1.200000000000001,41228973,515212718.73
002533.SZ,20260727,20260727 10:35:54,金杯电工,10.77,10.51,10.81,10.47,10.51,2.473834443387246,4178900,44728054.0
002534.SZ,20260727,20260727 10:35:54,西子洁能,12.8,12.42,12.88,12.4,12.38,3.392568659127626,5314685,67249052.55
002535.SZ,20260727,20260727 10:35:51,林州重机,2.17,2.1,2.18,2.09,2.1,3.3333333333333215,6613700,14178738.0
002536.SZ,20260727,20260727 10:35:54,飞龙股份,47.5,48.18,49.26,45.2,48.19,-1.4318323303589953,15932600,756459003.0
002537.SZ,20260727,20260727 10:35:54,海联金汇,5.45,5.27,5.45,5.23,5.3,2.8301886792452935,10386970,55843098.62
002538.SZ,20260727,20260727 10:35:54,ST司特,6.32,6.17,6.36,6.13,6.18,2.265372168284796,4887691,30720859.3
002539.SZ,20260727,20260727 10:35:54,云图控股,11.19,10.72,11.22,10.65,10.81,3.5152636447733476,15662512,172048380.92
002540.SZ,20260727,20260727 10:35:54,亚太科技,4.72,4.53,4.73,4.53,4.53,4.194260485651213,8406300,39212256.0
002541.SZ,20260727,20260727 10:35:51,鸿路钢构,19.84,19.79,20.04,19.6,19.79,0.2526528549772644,3305209,65674211.14
002542.SZ,20260727,20260727 10:35:54,*ST中岩,1.61,1.59,1.62,1.56,1.6,0.6250000000000089,13942750,22238666.5
002543.SZ,20260727,20260727 10:35:54,万和电气,6.44,6.28,6.44,6.24,6.26,2.8753993610223683,2161000,13789755.0
002544.SZ,20260727,20260727 10:35:54,普天科技,15.4,14.62,15.48,14.62,14.86,3.6339165545087537,5376274,81414127.44
002545.SZ,20260727,20260727 10:35:54,东方铁塔,18.48,18.67,18.7,18.08,18.56,-0.4310344827586077,11765337,217100570.85
002546.SZ,20260727,20260727 10:35:54,新联电子,8.22,8.17,8.28,8.02,8.15,0.8588957055214674,25059688,204875533.13
002547.SZ,20260727,20260727 10:35:27,*ST春兴,2.1,2.02,2.11,2.0,2.08,0.9615384615384581,12811800,26524986.0
002548.SZ,20260727,20260727 10:35:51,金新农,3.86,3.76,3.88,3.72,3.76,2.659574468085113,11280200,43305932.7
002549.SZ,20260727,20260727 10:35:54,凯美特气,13.56,12.96,13.65,12.9,13.1,3.511450381679393,17397208,233031469.34
002550.SZ,20260727,20260727 10:35:54,千红制药,6.73,6.47,6.77,6.43,6.48,3.8580246913580307,13531500,90403594.0
002551.SZ,20260727,20260727 10:35:54,尚荣医疗,2.87,2.76,2.89,2.76,2.79,2.8673835125448077,7198852,20524797.13
002552.SZ,20260727,20260727 10:35:54,宝鼎科技,37.99,37.85,38.85,36.71,37.54,1.19872136387853,10385600,393482936.0
002553.SZ,20260727,20260727 10:35:54,南方精工,14.45,13.97,14.46,13.85,14.01,3.1406138472519496,2879087,41182339.41
002554.SZ,20260727,20260727 10:35:54,惠博普,2.77,2.72,2.78,2.67,2.76,0.36231884057971175,8797800,24033752.0
002555.SZ,20260727,20260727 10:35:54,三七互娱,18.41,18.18,18.49,18.18,18.16,1.3766519823788625,9955193,182816115.43
002556.SZ,20260727,20260727 10:35:54,辉隆股份,4.72,4.64,4.73,4.62,4.65,1.5053763440860068,3637218,17100751.42
002557.SZ,20260727,20260727 10:35:51,洽洽食品,18.97,18.64,19.06,18.54,18.69,1.4981273408239515,2881000,54460715.0
002558.SZ,20260727,20260727 10:35:54,巨人网络,24.32,23.99,24.5,23.61,24.18,0.5789909015715411,31614808,765439528.09
002559.SZ,20260727,20260727 10:35:54,亚威股份,9.02,8.83,9.1,8.68,8.75,3.0857142857142916,12752900,113924233.0
002560.SZ,20260727,20260727 10:35:54,通达股份,6.03,5.96,6.1,5.87,5.86,2.9010238907849706,32188990,192809250.2
002561.SZ,20260727,20260727 10:35:54,徐家汇,6.31,6.18,6.33,6.16,6.18,2.1035598705501535,2108071,13229556.46
002562.SZ,20260727,20260727 10:35:54,兄弟科技,4.29,4.18,4.29,4.16,4.17,2.877697841726623,7473500,31745571.0
002563.SZ,20260727,20260727 10:35:54,森马服饰,5.76,5.59,5.81,5.57,5.53,4.159132007233257,16171776,92592891.16
002564.SZ,20260727,20260727 10:35:54,天沃科技,4.22,4.09,4.23,4.03,4.07,3.685503685503666,7648080,31771214.6
002565.SZ,20260727,20260727 10:35:54,顺灏股份,8.87,8.51,8.9,8.43,8.59,3.2596041909196627,20286122,177030070.17
002566.SZ,20260727,20260727 10:35:54,益盛药业,6.3,6.11,6.32,6.06,6.15,2.4390243902439046,9987600,61911591.0
002567.SZ,20260727,20260727 10:35:54,唐人神,3.52,3.45,3.56,3.44,3.48,1.1494252873563315,6272200,22069499.0
002568.SZ,20260727,20260727 10:35:54,百润股份,17.72,17.45,17.81,17.36,17.61,0.6246450880181609,5346104,94319313.27
002569.SZ,20260727,20260727 10:35:54,*ST步森,14.07,13.85,14.33,13.82,14.0,0.5000000000000115,599100,8467884.0
002570.SZ,20260727,20260727 10:35:51,贝因美,4.04,3.93,4.05,3.93,3.95,2.278481012658218,8903300,35665866.0
002571.SZ,20260727,20260727 10:35:51,德力股份,10.47,10.4,10.5,10.3,10.35,1.1594202898550732,1546100,16120958.0
002572.SZ,20260727,20260727 10:35:54,索菲亚,8.01,7.83,8.03,7.76,7.82,2.4296675191815886,6010300,47853819.0
002573.SZ,20260727,20260727 10:35:54,清新环境,3.13,3.09,3.14,3.07,3.11,0.6430868167202508,3273200,10180212.0
002574.SZ,20260727,20260727 10:35:54,明牌珠宝,4.24,4.15,4.26,4.11,4.13,2.6634382566586012,2568500,10818710.0
002575.SZ,20260727,20260727 10:35:54,群兴玩具,4.65,4.5,4.67,4.48,4.56,1.9736842105263275,17917280,82245327.2
002576.SZ,20260727,20260727 10:35:48,通达动力,13.4,12.99,13.42,12.91,12.91,3.7955073586367183,1586200,21005830.0
002577.SZ,20260727,20260727 10:35:54,雷柏科技,16.78,16.07,16.88,15.97,16.07,4.418170504044805,1505800,24926907.0
002578.SZ,20260727,20260727 10:35:54,闽发铝业,2.84,2.77,2.86,2.77,2.76,2.898550724637694,9465100,26721072.0
002579.SZ,20260727,20260727 10:35:54,中京电子,12.16,12.02,12.36,11.6,12.17,-0.08216926869351049,40318086,484775023.62
002580.SZ,20260727,20260727 10:35:54,圣阳股份,16.87,16.61,16.87,16.61,15.34,9.973924380704059,9995187,168153485.69
002581.SZ,20260727,20260727 10:35:51,*ST未名,3.27,3.22,3.29,3.19,3.22,1.552795031055898,1013800,3308329.0
002582.SZ,20260727,20260727 10:35:54,好想你,9.0,8.81,9.03,8.77,8.89,1.237345331833506,5203300,46620497.0
002583.SZ,20260727,20260727 10:35:54,海能达,7.91,7.67,7.92,7.61,7.66,3.2637075718015662,11004401,85982449.77
002584.SZ,20260727,20260727 10:35:54,西陇科学,7.22,6.92,7.25,6.86,6.96,3.735632183908044,18970000,134315736.0
002585.SZ,20260727,20260727 10:35:54,双星新材,7.81,7.53,7.92,7.43,7.55,3.443708609271523,22244361,171938468.84
002586.SZ,20260727,20260727 10:35:45,ST围海,3.56,3.56,3.57,3.49,3.56,0.0,1626600,5772758.0
002587.SZ,20260727,20260727 10:35:54,奥拓电子,5.11,5.03,5.13,5.02,5.03,1.5904572564612307,5368300,27312706.5
002588.SZ,20260727,20260727 10:35:51,史丹利,8.59,8.48,8.63,8.46,8.49,1.1778563015311994,5385424,46183816.49
002589.SZ,20260727,20260727 10:35:54,瑞康医药,2.69,2.61,2.71,2.59,2.61,3.065134099616862,16510300,44152568.0
002590.SZ,20260727,20260727 10:35:54,万安科技,8.96,8.7,8.97,8.7,8.7,2.9885057471264576,2748899,24406348.12
002591.SZ,20260727,20260727 10:35:54,恒大高新,5.58,5.42,5.61,5.35,5.4,3.3333333333333215,4682600,25832434.0
002592.SZ,20260727,20260727 10:35:39,ST八菱,5.64,5.46,5.66,5.46,5.5,2.5454545454545396,801600,4483644.0
002593.SZ,20260727,20260727 10:35:54,日上集团,4.16,4.07,4.17,4.06,4.07,2.211302211302213,5134000,21216539.0
002594.SZ,20260727,20260727 10:35:54,比亚迪,92.21,92.32,93.2,91.53,91.89,0.348242463815418,13475178,1243035383.68
002595.SZ,20260727,20260727 10:35:54,豪迈科技,49.02,49.4,49.43,48.07,49.43,-0.8294557960752513,1659625,80838595.8
002596.SZ,20260727,20260727 10:35:54,海南瑞泽,2.97,2.86,2.98,2.85,2.85,4.210526315789487,14145917,41499887.19
002597.SZ,20260727,20260727 10:35:54,金禾实业,19.27,18.54,19.37,18.42,18.54,3.937432578209288,2987500,56537129.0
002598.SZ,20260727,20260727 10:35:51,ST章鼓,6.28,6.1,6.28,6.08,6.13,2.4469820554649413,1249200,7769933.0
002599.SZ,20260727,20260727 10:35:54,盛通股份,5.95,5.82,5.99,5.77,5.87,1.3628620102214661,5385700,31666698.0
002600.SZ,20260727,20260727 10:35:54,领益智造,12.28,11.98,12.36,11.85,12.09,1.5715467328370591,51121633,621533110.29
002601.SZ,20260727,20260727 10:35:54,龙佰集团,16.45,16.27,16.55,16.25,16.36,0.5501222493887514,6472828,106474400.91
002602.SZ,20260727,20260727 10:35:54,世纪华通,12.53,12.3,12.57,12.29,12.38,1.2116316639741331,34248252,426354376.27
002603.SZ,20260727,20260727 10:35:54,以岭药业,16.69,16.36,16.8,16.31,16.4,1.768292682926842,12763500,211833895.0
002605.SZ,20260727,20260727 10:35:54,姚记科技,16.86,16.5,16.92,16.47,16.59,1.6274864376130127,3048300,51114483.0
002606.SZ,20260727,20260727 10:35:54,大连电瓷,13.63,13.32,13.7,13.2,13.45,1.3382899628253009,18388253,247725092.85
002607.SZ,20260727,20260727 10:35:54,中公教育,1.78,1.74,1.79,1.72,1.74,2.298850574712641,50924259,89905380.1
002608.SZ,20260727,20260727 10:35:54,江苏国信,7.1,6.92,7.13,6.92,6.99,1.573676680972813,9591164,67827585.76
002609.SZ,20260727,20260727 10:35:48,捷顺科技,7.38,7.25,7.4,7.25,7.25,1.7931034482758568,1875700,13798772.0
002611.SZ,20260727,20260727 10:35:54,东方精工,14.69,14.1,14.69,14.1,14.12,4.0368271954674295,12568534,181781013.69
002612.SZ,20260727,20260727 10:35:51,朗姿股份,12.6,11.4,12.6,11.23,11.45,10.043668122270756,8300000,101165116.0
002613.SZ,20260727,20260727 10:35:54,北玻股份,3.08,3.0,3.09,2.99,3.0,2.6666666666666616,9092000,27749412.0
002614.SZ,20260727,20260727 10:35:54,奥佳华,4.56,4.43,4.57,4.42,4.43,2.934537246049662,3279100,14814630.0
002615.SZ,20260727,20260727 10:35:54,哈尔斯,6.28,6.15,6.31,6.13,6.16,1.9480519480519431,2444800,15237693.0
002616.SZ,20260727,20260727 10:35:48,长青集团,4.64,4.56,4.65,4.53,4.58,1.3100436681222627,4315600,19912671.0
002617.SZ,20260727,20260727 10:35:54,露笑科技,5.91,5.76,5.92,5.71,5.78,2.249134948096887,34338845,200909252.79
002620.SZ,20260727,20260727 10:35:36,*ST瑞和,4.31,4.24,4.33,4.17,4.21,2.375296912114,2119700,9076896.0
002622.SZ,20260727,20260727 10:35:54,皓宸医疗,2.06,1.98,2.07,1.97,1.98,4.040404040404044,21970700,44632433.0
002623.SZ,20260727,20260727 10:35:51,亚玛顿,14.3,13.96,14.35,13.75,13.82,3.47322720694645,1648771,23254387.65
002624.SZ,20260727,20260727 10:35:54,完美世界,9.92,9.59,9.99,9.54,9.61,3.2258064516129004,31241551,305946075.4
002625.SZ,20260727,20260727 10:35:54,光启技术,30.34,29.65,30.49,29.61,29.96,1.2683578104138782,12825440,386642233.66
002626.SZ,20260727,20260727 10:35:51,金达威,13.51,13.2,13.62,13.14,13.22,2.1936459909228434,1876200,25301710.0
002627.SZ,20260727,20260727 10:35:42,三峡旅游,5.69,5.59,5.76,5.55,5.62,1.2455516014235002,6212529,35365643.01
002628.SZ,20260727,20260727 10:35:51,成都路桥,4.4,4.37,4.44,4.31,4.36,0.917431192660545,5844786,25558359.52
002629.SZ,20260727,20260727 10:35:54,仁智股份,4.2,4.04,4.21,4.01,4.11,2.1897810218977964,5925000,24505503.0
002630.SZ,20260727,20260727 10:35:54,*ST华西,1.66,1.64,1.67,1.62,1.64,1.2195121951219523,5513100,9014387.0
002631.SZ,20260727,20260727 10:35:54,德尔未来,6.26,6.03,6.34,5.91,6.04,3.64238410596025,12659900,77916209.0
002632.SZ,20260727,20260727 10:35:54,道明光学,7.7,7.5,7.74,7.46,7.61,1.182654402102501,9373283,71199192.55
002633.SZ,20260727,20260727 10:35:48,申科股份,13.22,12.86,13.27,12.73,12.86,2.799377916018675,946400,12410655.0
002634.SZ,20260727,20260727 10:35:51,*ST棒杰,4.0,3.9,4.14,3.9,3.94,1.522842639593902,5123000,20793909.0
002635.SZ,20260727,20260727 10:35:54,安洁科技,13.23,12.84,13.31,12.75,12.9,2.55813953488373,9092139,119014180.03
002636.SZ,20260727,20260727 10:35:54,金安国纪,59.84,57.7,61.48,56.51,57.9,3.3506044905008636,22242547,1315683946.03
002637.SZ,20260727,20260727 10:35:54,赞宇科技,9.44,9.21,9.48,9.16,9.21,2.497285559174789,3339900,31249172.0
002638.SZ,20260727,20260727 10:35:48,勤上股份,3.5,3.43,3.52,3.43,3.48,0.5747126436781658,6181400,21510656.0
002639.SZ,20260727,20260727 10:35:54,雪人集团,11.59,11.15,11.6,11.07,11.21,3.3898305084745672,10173445,116277193.15
002640.SZ,20260727,20260727 10:35:54,跨境通,3.26,3.12,3.36,3.09,3.11,4.8231511254019255,85321400,276922828.0
002641.SZ,20260727,20260727 10:35:54,公元股份,3.76,3.72,3.78,3.72,3.72,1.0752688172043001,3097380,11620464.4
002642.SZ,20260727,20260727 10:35:54,荣联科技,6.56,6.4,6.58,6.31,6.41,2.340093603744142,8517300,55173728.0
002643.SZ,20260727,20260727 10:35:54,万润股份,13.04,12.82,13.19,12.67,12.82,1.716068642745694,10136569,131394677.17
002644.SZ,20260727,20260727 10:35:54,佛慈制药,7.68,7.46,7.71,7.41,7.46,2.9490616621983934,2423000,18503002.0
002645.SZ,20260727,20260727 10:35:54,华宏科技,17.63,16.98,18.02,16.76,16.81,4.878048780487809,17465619,304398576.6
002646.SZ,20260727,20260727 10:35:51,天佑德酒,6.43,6.3,6.45,6.28,6.32,1.7405063291139111,2111057,13503114.24
002647.SZ,20260727,20260727 10:35:54,仁东控股,8.34,8.04,8.38,7.95,8.11,2.836004932182501,9745900,79979060.0
002648.SZ,20260727,20260727 10:35:54,卫星化学,24.48,23.5,24.52,23.32,24.11,1.5346329323931984,23418241,563460599.39
002649.SZ,20260727,20260727 10:35:54,博彦科技,8.51,8.31,8.53,8.21,8.4,1.3095238095238049,3634500,30637221.0
002650.SZ,20260727,20260727 10:35:51,ST加加,5.75,5.72,5.88,5.67,5.62,2.313167259786475,2585936,14952857.18
002651.SZ,20260727,20260727 10:35:54,利君股份,7.51,7.27,7.56,7.16,7.28,3.159340659340648,6786370,50464748.5
002652.SZ,20260727,20260727 10:35:54,扬子新材,3.54,3.42,3.56,3.4,3.42,3.5087719298245723,7298900,25547784.0
002653.SZ,20260727,20260727 10:35:54,海思科,68.18,66.41,68.9,65.81,66.12,3.115547489413184,5722742,386923832.58
002654.SZ,20260727,20260727 10:35:54,万润科技,11.82,11.2,12.0,10.95,11.28,4.78723404255319,28675646,332823382.6
002655.SZ,20260727,20260727 10:35:54,共达电声,25.68,25.6,26.23,24.5,25.46,0.8641005498821741,9350100,238917055.0
002656.SZ,20260727,20260727 10:35:48,摩登大道,2.67,2.57,2.72,2.54,2.57,3.891050583657596,7396900,19718937.0
002657.SZ,20260727,20260727 10:35:54,中科金财,13.72,13.32,13.75,13.16,13.28,3.3132530120482118,4377300,59371615.0
002658.SZ,20260727,20260727 10:35:54,雪迪龙,7.28,7.24,7.35,7.16,7.23,0.6915629322268302,7244707,52548777.67
002659.SZ,20260727,20260727 10:35:54,凯文教育,3.93,3.82,3.94,3.8,3.82,2.8795811518324665,5146598,20023808.28
002660.SZ,20260727,20260727 10:35:51,茂硕电源,6.23,6.09,6.24,6.0,6.05,2.975206611570247,2365100,14566991.0
002661.SZ,20260727,20260727 10:35:54,克明食品,6.98,6.88,7.05,6.86,6.89,1.3062409288824517,1267100,8832943.0
002662.SZ,20260727,20260727 10:35:54,峰璟股份,3.11,3.05,3.12,3.04,3.03,2.64026402640265,4280500,13219313.0
002663.SZ,20260727,20260727 10:35:54,普邦股份,1.49,1.44,1.5,1.44,1.45,2.758620689655178,15963599,23541935.55
002664.SZ,20260727,20260727 10:35:51,信质集团,14.91,14.47,14.93,14.38,14.38,3.6856745479832975,2013300,29639320.0
002666.SZ,20260727,20260727 10:35:48,德联集团,3.85,3.75,3.86,3.74,3.75,2.6666666666666616,3630400,13842031.0
002667.SZ,20260727,20260727 10:35:51,*ST威领,8.96,8.8,9.09,8.38,8.64,3.703703703703698,9834065,86434412.5
002668.SZ,20260727,20260727 10:35:54,TCL智家,10.6,10.13,10.74,10.09,10.14,4.536489151873768,16759898,176936008.78
002669.SZ,20260727,20260727 10:35:54,康达新材,11.15,11.11,11.25,10.84,10.97,1.6408386508659945,5883700,65227315.0
002670.SZ,20260727,20260727 10:35:51,国盛证券,11.74,11.19,12.03,11.11,11.2,4.8214285714285765,20208759,235427443.17
002671.SZ,20260727,20260727 10:35:51,龙泉股份,3.57,3.47,3.58,3.46,3.47,2.881844380403442,5254400,18616120.0
002672.SZ,20260727,20260727 10:35:54,东江环保,3.31,3.21,3.31,3.18,3.21,3.1152647975077885,3784100,12397784.0
002673.SZ,20260727,20260727 10:35:54,西部证券,6.57,6.52,6.59,6.47,6.52,0.7668711656441785,9127078,59708467.08
002674.SZ,20260727,20260727 10:35:54,兴业科技,23.15,22.01,23.8,20.19,22.42,3.2560214094558226,18182580,401571995.39
002675.SZ,20260727,20260727 10:35:54,东诚药业,12.58,12.4,12.68,12.35,12.39,1.5334947538337307,4362804,54904934.8
002676.SZ,20260727,20260727 10:35:54,顺威股份,4.7,4.48,4.71,4.48,4.52,3.9823008849557695,6315300,29324381.0
002677.SZ,20260727,20260727 10:35:54,浙江美大,6.5,6.08,6.58,6.07,6.08,6.907894736842102,9556519,60685594.23
002678.SZ,20260727,20260727 10:35:54,珠江钢琴,4.14,3.97,4.19,3.97,3.95,4.810126582278462,5606600,22890089.0
002679.SZ,20260727,20260727 10:35:48,福建金森,8.05,7.78,8.08,7.77,7.83,2.8097062579821364,1665600,13266599.0
002681.SZ,20260727,20260727 10:35:54,奋达科技,4.15,4.04,4.19,3.98,4.08,1.71568627450982,24871648,101558981.02
002682.SZ,20260727,20260727 10:35:54,龙洲股份,4.1,3.93,4.11,3.9,3.97,3.2745591939546514,9240400,37323405.0
002683.SZ,20260727,20260727 10:35:54,广东宏大,26.36,26.05,26.47,25.82,26.06,1.1511895625479607,3318800,86973544.0
002685.SZ,20260727,20260727 10:35:54,华东重机,5.07,4.99,5.08,4.93,4.99,1.603206412825653,8815588,44443116.16
002686.SZ,20260727,20260727 10:35:54,亿利达,5.19,5.07,5.19,5.04,5.06,2.5691699604743157,2969300,15227895.0
002687.SZ,20260727,20260727 10:35:54,乔治白,4.87,4.69,4.89,4.65,4.7,3.6170212765957332,4910700,23648047.0
002688.SZ,20260727,20260727 10:35:54,金河生物,4.91,4.78,4.92,4.72,4.8,2.2916666666666696,3022500,14749277.0
002689.SZ,20260727,20260727 10:35:54,ST远智,2.5,2.46,2.5,2.46,2.45,2.0408163265306145,2936960,7281131.1
002690.SZ,20260727,20260727 10:35:54,美亚光电,15.12,14.65,15.23,14.63,14.71,2.7872195785179965,4677400,70199367.0
002691.SZ,20260727,20260727 10:35:48,*ST冀凯,3.67,3.63,3.74,3.61,3.59,2.2284122562674202,1587300,5853629.0
002692.SZ,20260727,20260727 10:35:54,远程股份,3.72,3.58,3.73,3.55,3.58,3.9106145251396773,6403100,23518248.0
002693.SZ,20260727,20260727 10:35:54,双成药业,8.61,8.18,8.68,8.17,8.3,3.7349397590361377,8643100,73590118.0
002694.SZ,20260727,20260727 10:35:42,*ST顾地,1.89,1.8,1.89,1.8,1.82,3.8461538461538325,1668860,3113891.6
002695.SZ,20260727,20260727 10:35:54,煌上煌,8.6,8.38,8.66,8.37,8.46,1.6548463356973908,3025300,25871484.39
002696.SZ,20260727,20260727 10:35:48,百洋股份,4.92,4.73,4.93,4.71,4.72,4.237288135593231,4829600,23403637.0
002697.SZ,20260727,20260727 10:35:54,红旗连锁,4.49,4.39,4.52,4.38,4.42,1.5837104072398356,5987100,26778672.0
002698.SZ,20260727,20260727 10:35:54,博实股份,12.84,12.33,12.96,12.28,12.4,3.548387096774186,9736980,123736969.38
002700.SZ,20260727,20260727 10:35:54,万憬能源,5.72,5.48,5.76,5.32,5.59,2.3255813953488413,11993400,67410346.0
002701.SZ,20260727,20260727 10:35:54,奥瑞金,4.72,4.62,4.75,4.61,4.64,1.724137931034475,13831300,65224596.75
002702.SZ,20260727,20260727 10:35:54,海欣食品,4.2,4.13,4.22,4.05,4.12,1.9417475728155331,7735400,32188481.0
002703.SZ,20260727,20260727 10:35:54,浙江世宝,12.52,12.17,12.54,12.12,12.22,2.45499181669393,6289643,77969521.18
002705.SZ,20260727,20260727 10:35:54,新宝股份,11.25,10.89,11.26,10.89,11.11,1.2601260126012592,2616900,29190986.0
002706.SZ,20260727,20260727 10:35:54,良信股份,8.95,8.83,8.98,8.8,8.83,1.3590033975084959,6548100,58512475.0
002707.SZ,20260727,20260727 10:35:54,众信旅游,4.91,4.86,5.02,4.78,4.68,4.914529914529919,21073089,103356121.47
002708.SZ,20260727,20260727 10:35:54,光洋股份,9.65,9.6,9.7,9.3,9.53,1.2591815320042166,6558100,62422236.0
002709.SZ,20260727,20260727 10:35:54,天赐材料,38.29,37.45,38.38,37.03,36.83,3.964159652457244,38965342,1467769173.68
002712.SZ,20260727,20260727 10:35:54,思美传媒,4.17,3.98,4.18,3.97,4.01,3.990024937655856,7438234,30495652.04
002713.SZ,20260727,20260727 10:35:54,东易日盛,9.61,9.96,10.28,9.42,9.36,2.6709401709401615,15276800,149191394.12
002714.SZ,20260727,20260727 10:35:54,牧原股份,38.99,38.67,39.5,38.51,38.68,0.8014477766287609,18949318,740567421.67
002715.SZ,20260727,20260727 10:35:51,登云股份,12.66,12.3,12.69,12.11,12.3,2.9268292682926855,1107700,13826016.0
002716.SZ,20260727,20260727 10:35:54,湖南白银,7.6,7.46,7.67,7.38,7.21,5.409153952843271,91654695,693141011.95
002717.SZ,20260727,20260727 10:35:54,*ST岭南,1.0,1.0,1.0,0.98,0.99,1.0101010101010166,12883800,12789455.0
002718.SZ,20260727,20260727 10:35:51,友邦吊顶,82.61,81.88,83.66,78.08,80.9,2.113720642768846,802350,65195963.0
002719.SZ,20260727,20260727 10:35:42,ST麦趣,5.68,5.63,5.7,5.56,5.62,1.0676156583629748,1162100,6572982.0
002721.SZ,20260727,20260727 10:35:54,金一文化,2.27,2.23,2.28,2.22,2.22,2.2522522522522515,10468000,23614595.0
002722.SZ,20260727,20260727 10:35:48,物产金轮,11.9,11.52,11.93,11.52,11.61,2.4978466838932123,1405224,16574639.4
002723.SZ,20260727,20260727 10:35:33,小崧股份,6.88,6.81,6.92,6.71,6.76,1.775147928994092,2500521,17064570.06
002724.SZ,20260727,20260727 10:35:54,海洋王,5.11,4.86,5.13,4.86,4.87,4.928131416837789,3960600,19846718.0
002725.SZ,20260727,20260727 10:35:54,跃岭股份,11.16,10.95,11.3,10.81,10.85,2.857142857142869,3974580,43974529.12
002726.SZ,20260727,20260727 10:35:51,ST龙大,1.81,1.78,1.85,1.75,1.76,2.840909090909083,36977898,67120549.52
002727.SZ,20260727,20260727 10:35:54,一心堂,11.19,10.97,11.25,10.83,10.95,2.191780821917799,8437276,93177486.16
002728.SZ,20260727,20260727 10:35:57,特一药业,8.77,8.56,8.8,8.48,8.47,3.5419126328217088,9512104,82897952.2
002729.SZ,20260727,20260727 10:35:54,好利科技,12.69,12.45,12.71,12.3,12.23,3.761242845461976,1929600,24211125.0
002730.SZ,20260727,20260727 10:35:57,电光科技,21.2,21.0,21.45,20.66,21.19,0.04719207173193851,3852100,81414750.0
002731.SZ,20260727,20260727 10:35:57,*ST萃华,1.82,1.67,1.83,1.67,1.66,9.63855421686748,40218782,71565384.08
002732.SZ,20260727,20260727 10:35:48,燕塘乳业,12.43,12.14,12.45,12.11,12.12,2.5577557755775526,778200,9606185.0
002733.SZ,20260727,20260727 10:35:57,雄韬股份,18.28,17.72,18.34,17.72,17.7,3.276836158192098,5318371,96386231.11
002734.SZ,20260727,20260727 10:35:57,利民股份,13.02,12.68,13.09,12.6,12.73,2.278083267871156,4187613,54006610.96
002735.SZ,20260727,20260727 10:35:57,王子新材,10.53,10.03,10.63,9.9,10.02,5.089820359281427,9679900,100129954.0
002736.SZ,20260727,20260727 10:35:57,国信证券,10.11,10.03,10.13,9.95,10.03,0.7976071784645988,9779800,98302928.0
002737.SZ,20260727,20260727 10:35:57,葵花药业,13.41,13.01,13.46,12.91,13.03,2.9163468917881907,3614900,47942944.0
002738.SZ,20260727,20260727 10:35:57,中矿资源,48.6,49.1,49.77,47.48,48.36,0.496277915632759,11519866,558059295.56
002739.SZ,20260727,20260727 10:35:57,儒意电影,8.95,8.96,9.09,8.7,8.86,1.0158013544018019,63417849,565638598.43
002741.SZ,20260727,20260727 10:35:57,光华科技,22.48,21.92,22.85,21.56,21.9,2.648401826484026,11910531,265762575.89
002742.SZ,20260727,20260727 10:35:57,冀衡医药,3.38,3.27,3.4,3.24,3.27,3.3639143730886722,4576000,15326194.0
002743.SZ,20260727,20260727 10:35:57,富煌钢构,3.45,3.33,3.45,3.31,3.3,4.545454545454564,4943200,16810209.0
002745.SZ,20260727,20260727 10:35:57,木林森,10.79,10.48,11.05,10.21,10.55,2.274881516587657,34702871,371625958.42
002746.SZ,20260727,20260727 10:35:57,仙坛股份,5.92,5.94,5.95,5.86,5.91,0.16920473773265332,5462182,32257789.12
002747.SZ,20260727,20260727 10:35:57,埃斯顿,30.97,30.17,31.45,29.19,30.04,3.0958721704394065,32266371,988609429.56
002748.SZ,20260727,20260727 10:35:57,世龙实业,9.83,9.57,9.86,9.34,9.38,4.797441364605537,2472700,23958410.0
002749.SZ,20260727,20260727 10:35:57,国光股份,8.52,8.54,8.65,8.43,8.55,-0.35087719298246833,2328877,19870011.62
002752.SZ,20260727,20260727 10:35:57,昇兴股份,5.85,5.72,5.87,5.67,5.71,2.4518388791593626,4687110,27122029.5
002753.SZ,20260727,20260727 10:35:30,永东股份,5.87,5.76,5.87,5.75,5.8,1.206896551724146,1064700,6198914.0
002755.SZ,20260727,20260727 10:35:57,奥赛康,12.91,12.47,13.08,12.45,12.56,2.7866242038216527,6139800,78779498.0
002756.SZ,20260727,20260727 10:35:57,永兴材料,46.12,45.16,46.25,44.82,44.9,2.7171492204899783,7012381,319242412.92
002757.SZ,20260727,20260727 10:35:57,南兴股份,15.51,14.97,15.55,14.87,15.08,2.851458885941649,3253000,49736961.0
002758.SZ,20260727,20260727 10:35:54,浙农股份,7.68,7.6,7.7,7.56,7.61,0.9198423127463773,1257096,9613575.52
002759.SZ,20260727,20260727 10:35:57,ST天际,14.08,13.6,14.25,13.5,13.58,3.6818851251841034,23328095,326885243.36
002760.SZ,20260727,20260727 10:35:54,凤形股份,15.68,15.13,15.76,15.0,15.07,4.047777040477762,1982700,30728083.0
002761.SZ,20260727,20260727 10:35:57,浙江建投,6.98,6.87,7.0,6.87,6.86,1.7492711370262315,3662800,25540297.0
002762.SZ,20260727,20260727 10:35:57,金发拉比,8.25,7.9,8.26,7.71,7.98,3.383458646616533,5552625,44420227.25
002763.SZ,20260727,20260727 10:35:54,汇洁股份,6.69,6.6,6.69,6.58,6.61,1.210287443267788,2392700,15924136.0
002765.SZ,20260727,20260727 10:35:57,蓝黛科技,6.34,6.19,6.35,6.15,6.16,2.922077922077926,3678700,23054365.0
002766.SZ,20260727,20260727 10:35:57,索菱股份,3.55,3.46,3.67,3.44,3.44,3.197674418604657,12490211,44100124.16
002767.SZ,20260727,20260727 10:35:57,先锋电子,16.03,15.57,16.1,15.5,15.42,3.9559014267185555,1686700,26795754.0
002768.SZ,20260727,20260727 10:35:57,国恩股份,46.57,46.13,47.5,45.37,46.5,0.15053763440859846,4704429,218146807.92
002769.SZ,20260727,20260727 10:35:57,普路通,6.32,6.11,6.33,6.0,6.11,3.436988543371511,2916000,18201286.0
002771.SZ,20260727,20260727 10:35:57,真视通,11.63,11.2,11.8,11.13,11.27,3.194321206743589,3541855,40759503.4
002772.SZ,20260727,20260727 10:35:57,众兴菌业,9.68,9.32,9.74,9.26,9.3,4.086021505376336,7561600,72255331.0
002773.SZ,20260727,20260727 10:35:57,康弘药业,21.49,20.88,21.63,20.84,20.98,2.4308865586272654,3255851,69570423.54
002774.SZ,20260727,20260727 10:35:57,快意电梯,15.91,16.1,16.28,15.88,17.64,-9.807256235827666,10949500,174455124.0
002775.SZ,20260727,20260727 10:35:42,文科股份,3.89,3.53,3.89,3.52,3.54,9.887005649717517,15228539,57521847.88
002777.SZ,20260727,20260727 10:35:54,久远银海,12.13,11.82,12.15,11.74,11.82,2.622673434856182,2674800,32138533.89
002778.SZ,20260727,20260727 10:35:57,中晟高科,14.13,13.76,14.21,13.71,13.92,1.5086206896551824,559080,7857093.8
002779.SZ,20260727,20260727 10:35:57,中坚科技,57.33,55.37,57.48,54.95,55.37,3.539823008849563,1092000,61493317.04
002780.SZ,20260727,20260727 10:35:57,三夫户外,12.19,11.83,12.23,11.7,11.8,3.3050847457626986,2996600,35806157.0
002782.SZ,20260727,20260727 10:35:57,可立克,14.26,13.95,14.32,13.9,13.95,2.2222222222222365,4295100,60855929.96
002783.SZ,20260727,20260727 10:35:57,凯龙股份,7.08,7.0,7.09,6.97,7.0,1.1428571428571344,2160183,15233027.0
002785.SZ,20260727,20260727 10:35:57,万里石,33.81,32.2,33.98,31.85,32.1,5.327102803738315,2869400,95476172.0
002786.SZ,20260727,20260727 10:35:57,银宝山新,7.26,6.98,7.27,6.93,7.0,3.7142857142857144,5087800,36380624.0
002787.SZ,20260727,20260727 10:35:57,华源控股,21.31,20.94,21.7,20.88,21.24,0.3295668549905928,7111200,151773771.38
002788.SZ,20260727,20260727 10:35:57,鹭燕医药,9.87,9.36,10.03,9.28,9.36,5.448717948717952,12804800,124521572.0
002789.SZ,20260727,20260727 10:35:48,*ST建艺,8.78,8.48,8.8,8.48,8.73,0.572737686139746,747200,6476684.0
002790.SZ,20260727,20260727 10:35:42,瑞尔特,5.48,5.26,5.49,5.25,5.3,3.396226415094361,1569400,8491955.0
002791.SZ,20260727,20260727 10:35:54,坚朗五金,13.72,13.39,13.79,13.31,13.39,2.46452576549665,1563873,21313262.02
002792.SZ,20260727,20260727 10:35:57,通宇通讯,24.99,24.47,25.17,24.22,24.47,2.125051082958729,4974157,123308468.23
002793.SZ,20260727,20260727 10:35:57,罗欣药业,4.8,4.71,4.9,4.68,4.71,1.9108280254777066,30145900,144488238.0
002795.SZ,20260727,20260727 10:35:57,永和智控,5.52,5.2,5.58,5.2,5.25,5.142857142857138,7067212,38484337.6
002796.SZ,20260727,20260727 10:35:54,世嘉科技,27.49,26.8,28.26,26.61,26.94,2.041573867854485,4184452,115039790.72
002797.SZ,20260727,20260727 10:35:57,第一创业,6.44,6.38,6.48,6.34,6.38,0.9404388714733702,14862428,95464267.48
002798.SZ,20260727,20260727 10:35:57,帝欧水华,4.92,4.79,4.92,4.71,4.76,3.3613445378151363,3718500,18073882.0
002799.SZ,20260727,20260727 10:35:54,环球印务,6.05,5.87,6.07,5.84,5.88,2.8911564625850428,2545080,15231380.36
002800.SZ,20260727,20260727 10:35:57,天顺股份,11.89,11.42,11.92,11.36,11.42,4.115586690017525,1734500,20289509.0
002801.SZ,20260727,20260727 10:35:51,微光股份,26.51,26.05,26.55,25.92,26.02,1.88316679477325,283500,7465525.0
002802.SZ,20260727,20260727 10:35:54,洪汇新材,10.39,10.0,10.41,9.99,10.0,3.9000000000000146,1479990,15215537.4
002803.SZ,20260727,20260727 10:35:57,吉宏股份,17.77,17.68,17.98,17.23,17.84,-0.39237668161434813,3632200,64154252.0
002805.SZ,20260727,20260727 10:35:57,丰元股份,17.53,16.79,17.61,16.72,16.53,6.049606775559591,13243289,227141519.79
002806.SZ,20260727,20260727 10:35:57,华锋股份,12.24,11.9,12.28,11.8,11.91,2.7707808564231717,3476800,41999041.0
002807.SZ,20260727,20260727 10:35:57,江阴银行,3.95,3.91,3.96,3.91,3.92,0.7653061224489832,19918826,78417667.46
002809.SZ,20260727,20260727 10:35:57,红墙股份,7.32,6.87,7.32,6.87,7.02,4.2735042735042805,4918787,35210124.01
002810.SZ,20260727,20260727 10:35:57,山东赫达,19.42,19.17,19.49,19.0,19.17,1.3041210224308708,1611392,30981449.08
002811.SZ,20260727,20260727 10:35:57,郑中设计,9.55,9.23,9.57,9.23,9.3,2.6881720430107503,1679400,15865912.0
002812.SZ,20260727,20260727 10:35:57,恩捷股份,53.22,52.97,53.74,51.78,51.84,2.662037037037024,11146142,589819030.15
002813.SZ,20260727,20260727 10:35:54,路畅科技,19.06,18.48,19.08,18.42,18.48,3.1385281385281294,549200,10321089.0
002815.SZ,20260727,20260727 10:35:57,崇达技术,11.86,11.6,12.01,11.4,11.65,1.8025751072961338,16789007,197777540.73
002816.SZ,20260727,20260727 10:35:57,*ST和科,22.5,21.78,22.56,21.7,21.88,2.833638025594154,807000,17912937.0
002817.SZ,20260727,20260727 10:35:57,黄山胶囊,5.84,5.63,5.87,5.62,5.67,2.998236331569659,4231200,24541606.0
002818.SZ,20260727,20260727 10:35:57,富森美,10.61,10.5,10.64,10.47,10.5,1.0476190476190528,1279600,13557269.0
002819.SZ,20260727,20260727 10:35:48,东方中科,19.86,19.03,19.97,18.9,19.03,4.361534419337887,1536500,30112608.0
002820.SZ,20260727,20260727 10:35:57,桂发祥,8.04,7.83,8.06,7.76,7.85,2.420382165605095,2883000,22924708.0
002821.SZ,20260727,20260727 10:35:57,凯莱英,163.55,158.52,169.3,157.6,158.22,3.368727088863621,6524426,1073815255.06
002822.SZ,20260727,20260727 10:35:45,ST中装,2.83,2.81,2.84,2.8,2.8,1.0714285714285898,2413200,6799868.0
002823.SZ,20260727,20260727 10:35:57,凯中精密,12.47,11.97,12.49,11.86,11.9,4.78991596638656,3087100,37827282.0
002824.SZ,20260727,20260727 10:35:57,和胜股份,22.73,22.4,23.25,21.66,22.01,3.271240345297577,6755000,152368154.0
002825.SZ,20260727,20260727 10:35:54,纳尔股份,7.66,7.52,7.67,7.38,7.52,1.8617021276595924,1619565,12308259.95
002826.SZ,20260727,20260727 10:35:57,易明医药,16.24,15.83,16.38,15.65,15.8,2.784810126582271,1508987,24364718.12
002827.SZ,20260727,20260727 10:35:57,高争民爆,24.49,23.79,24.88,23.77,23.98,2.126772310258551,1543800,37819371.68
002828.SZ,20260727,20260727 10:35:06,贝肯能源,0.0,0.0,0.0,0.0,12.43,-100.0,0,0.0
002829.SZ,20260727,20260727 10:35:57,星网宇达,19.59,19.7,19.96,19.15,19.83,-1.2102874432677657,6959840,136111255.4
002830.SZ,20260727,20260727 10:35:57,名雕股份,11.98,11.41,11.98,11.22,11.41,4.995617879053471,1860940,21820268.8
002831.SZ,20260727,20260727 10:35:57,裕同科技,27.03,27.11,27.5,26.71,27.1,-0.25830258302582676,3823705,103882988.46
002832.SZ,20260727,20260727 10:35:57,比音勒芬,22.93,22.52,23.28,21.85,22.81,0.5260850504164916,7023291,159084246.43
002833.SZ,20260727,20260727 10:35:57,弘亚数控,16.47,16.1,16.54,16.1,16.15,1.981424148606803,1331100,21776525.0
002835.SZ,20260727,20260727 10:35:57,同为股份,11.19,10.86,11.2,10.86,10.92,2.4725274725274637,1231900,13672327.0
002836.SZ,20260727,20260727 10:35:45,新宏泽,8.53,8.25,8.56,8.24,8.25,3.3939393939393936,1177068,9952925.84
002837.SZ,20260727,20260727 10:35:57,英维克,59.41,58.72,60.88,58.02,58.7,1.2095400340715434,13791005,823375809.54
002838.SZ,20260727,20260727 10:35:57,道恩股份,26.6,26.54,27.14,26.44,26.53,0.26385224274405594,2168400,58096790.0
002839.SZ,20260727,20260727 10:35:57,张家港行,4.35,4.32,4.37,4.31,4.33,0.4618937644341736,10716320,46600048.0
002840.SZ,20260727,20260727 10:35:57,华统股份,7.27,7.03,7.28,6.93,7.08,2.68361581920904,8626100,61848686.0
002841.SZ,20260727,20260727 10:35:57,视源股份,44.75,44.81,45.54,43.25,45.2,-0.9955752212389424,7769900,345279649.67
002842.SZ,20260727,20260727 10:35:57,翔鹭钨业,31.11,30.99,31.47,29.85,30.51,1.9665683382497523,10527820,324953146.2
002843.SZ,20260727,20260727 10:35:57,泰嘉股份,16.79,16.62,16.95,16.49,16.87,-0.47421458209840894,4394100,73662024.0
002845.SZ,20260727,20260727 10:35:57,同兴达,12.1,11.88,12.12,11.66,11.84,2.195945945945943,4515740,54096344.0
002846.SZ,20260727,20260727 10:35:57,英联股份,9.54,9.15,9.55,9.1,9.1,4.83516483516484,2818900,26434734.0
002847.SZ,20260727,20260727 10:35:57,盐津铺子,46.47,45.34,46.96,45.25,45.69,1.7071569271175369,1288200,59706886.0
002848.SZ,20260727,20260727 10:35:57,高斯贝尔,12.06,11.93,12.22,11.75,11.93,1.0896898575021075,1724700,20667074.0
002849.SZ,20260727,20260727 10:35:57,威星智能,13.62,13.4,13.68,13.08,13.25,2.792452830188674,1404437,18947099.42
002850.SZ,20260727,20260727 10:35:57,科达利,179.58,180.28,185.97,179.05,178.0,0.8876404494382095,3340945,608117165.35
002851.SZ,20260727,20260727 10:35:57,麦格米特,120.66,122.29,124.98,118.1,122.27,-1.3167579946021135,11853224,1442037494.41
002852.SZ,20260727,20260727 10:35:57,道道全,7.43,7.17,7.45,7.08,7.14,4.061624649859952,2282200,16714067.0
002853.SZ,20260727,20260727 10:35:57,皮阿诺,19.81,18.87,20.14,18.87,18.87,4.981452040275558,1507000,29525823.0
002855.SZ,20260727,20260727 10:35:54,捷荣技术,8.93,8.6,8.97,8.55,8.64,3.356481481481466,1686159,14872634.22
002856.SZ,20260727,20260727 10:35:57,*ST美芝,13.35,12.81,13.58,12.78,13.29,0.4514672686230181,4042800,53189171.0
002857.SZ,20260727,20260727 10:35:54,三晖电气,14.79,14.27,14.82,14.16,14.33,3.2100488485694356,1337600,19514140.0
002858.SZ,20260727,20260727 10:35:57,力盛体育,10.24,10.12,10.24,9.98,10.12,1.1857707509881577,2470200,25032489.0
002859.SZ,20260727,20260727 10:35:57,洁美科技,61.16,59.0,62.8,58.31,59.38,2.997642303805992,7304812,444417291.4
002860.SZ,20260727,20260727 10:35:57,星帅尔,18.58,18.05,18.81,17.89,17.79,4.44069702079819,21598218,400149668.18
002861.SZ,20260727,20260727 10:35:57,瀛通通讯,15.2,15.0,15.35,14.56,15.07,0.862641008626408,5490317,82473253.24
002862.SZ,20260727,20260727 10:35:57,实丰文化,12.22,11.72,12.24,11.61,11.79,3.647158608990675,1476750,17794158.5
002863.SZ,20260727,20260727 10:35:54,今飞凯达,4.19,4.1,4.21,4.08,4.08,2.6960784313725616,4252333,17693690.69
002864.SZ,20260727,20260727 10:35:57,盘龙药业,20.81,20.05,20.91,19.99,20.18,3.121902874132809,1814818,37411871.22
002865.SZ,20260727,20260727 10:35:57,钧达股份,42.39,41.96,42.83,41.49,41.34,2.539912917271403,3429314,144545248.94
002866.SZ,20260727,20260727 10:35:57,传艺科技,14.02,13.39,14.19,13.36,13.51,3.774981495188756,6790380,94155946.1
002867.SZ,20260727,20260727 10:35:57,周大生,12.2,12.11,12.31,12.05,12.09,0.9098428453267138,3229300,39388303.0
002868.SZ,20260727,20260727 10:35:57,绿康生化,22.98,22.62,23.05,22.0,22.4,2.589285714285716,693000,15685670.0
002869.SZ,20260727,20260727 10:35:54,金溢科技,14.36,13.6,14.47,13.55,13.73,4.58849235251273,2359900,33358436.0
002870.SZ,20260727,20260727 10:35:57,香山股份,38.78,38.91,39.47,38.56,38.91,-0.3341043433564561,1324600,51602690.0
002871.SZ,20260727,20260727 10:35:57,伟隆股份,16.49,15.19,16.51,15.03,15.18,8.629776021080371,2538604,40276839.77
002872.SZ,20260727,20260727 10:35:03,ST天圣,4.8,4.64,4.8,4.61,4.64,3.4482758620689724,740200,3520692.0
002873.SZ,20260727,20260727 10:35:57,新天药业,7.45,7.16,7.48,7.1,7.16,4.05027932960893,5497500,40464851.0
002875.SZ,20260727,20260727 10:35:57,安奈儿,11.73,11.08,11.79,11.08,11.21,4.638715432649421,3555283,41190822.25
002876.SZ,20260727,20260727 10:35:57,三利谱,26.22,25.76,26.42,25.33,25.77,1.7462165308498312,2312060,60315186.5
002877.SZ,20260727,20260727 10:35:57,智能自控,6.75,6.64,6.77,6.57,6.59,2.427921092564489,2354400,15781707.0
002878.SZ,20260727,20260727 10:35:57,元隆雅图,11.2,10.86,11.25,10.79,10.9,2.752293577981635,2675100,29654941.0
002879.SZ,20260727,20260727 10:35:57,长缆科技,18.7,17.73,19.86,16.77,18.05,3.601108033240985,38949307,719707624.76
002880.SZ,20260727,20260727 10:35:54,卫光生物,19.05,18.7,19.06,18.57,18.8,1.3297872340425565,797600,15097849.0
002881.SZ,20260727,20260727 10:35:57,美格智能,37.8,38.0,38.24,35.88,38.24,-1.1506276150627714,5847200,217639939.88
002882.SZ,20260727,20260727 10:35:54,金龙羽,17.63,17.02,17.65,17.01,17.02,3.584018801410105,2570400,44743501.0
002883.SZ,20260727,20260727 10:35:42,*ST中设,8.4,8.25,8.43,8.24,8.33,0.8403361344537785,449300,3754834.0
002884.SZ,20260727,20260727 10:35:57,凌霄泵业,16.16,16.11,16.17,16.05,16.09,0.43505282784337407,473300,7633190.0
002885.SZ,20260727,20260727 10:35:57,京泉华,25.54,25.15,25.83,24.71,25.08,1.8341307814992103,5114800,129890820.0
002886.SZ,20260727,20260727 10:35:57,沃特股份,17.85,17.4,17.94,17.25,17.45,2.292263610315204,3908100,69236501.0
002887.SZ,20260727,20260727 10:35:57,绿茵生态,9.9,9.57,9.95,9.46,9.57,3.4482758620689724,1374200,13437844.0
002888.SZ,20260727,20260727 10:35:57,惠威科技,15.7,14.88,15.75,14.85,15.0,4.666666666666663,2649160,40845175.0
002889.SZ,20260727,20260727 10:35:54,东方嘉盛,11.25,10.92,11.28,10.92,10.92,3.0219780219780334,983740,10973466.4
002890.SZ,20260727,20260727 10:35:48,弘宇股份,12.79,11.91,13.08,11.91,12.15,5.267489711934137,1472100,18671111.0
002891.SZ,20260727,20260727 10:35:57,中宠股份,29.74,27.86,30.25,27.81,28.15,5.64831261101244,8053650,237179321.4
002892.SZ,20260727,20260727 10:35:57,科力尔,9.12,8.89,9.14,8.85,8.89,2.5871766029246235,2924380,26464892.2
002893.SZ,20260727,20260727 10:35:45,京能热力,9.35,9.15,9.37,9.15,9.27,0.8629989212513456,1890600,17574787.0
002895.SZ,20260727,20260727 10:35:57,川恒股份,33.85,33.11,33.95,33.1,33.46,1.1655708308427881,2203657,74146421.32
002896.SZ,20260727,20260727 10:35:57,中大力德,61.45,59.4,61.88,59.0,59.39,3.4685974069708747,3079470,187847186.3
002897.SZ,20260727,20260727 10:35:57,意华股份,59.8,58.95,61.5,57.26,59.01,1.3387561430266093,4853601,291460626.84
002899.SZ,20260727,20260727 10:35:57,英派斯,17.79,17.48,17.95,17.18,17.8,-0.056179775280906785,1634500,28801721.0
002900.SZ,20260727,20260727 10:35:54,哈三联,12.54,10.88,12.54,10.88,11.4,9.999999999999986,23947300,291070998.0
002901.SZ,20260727,20260727 10:35:57,大博医疗,44.42,43.81,44.88,43.55,43.49,2.138422625891012,1076860,47752867.2
002902.SZ,20260727,20260727 10:35:57,铭普光磁,22.09,21.88,22.33,21.6,21.93,0.729594163246694,4769400,105282491.0
002903.SZ,20260727,20260727 10:35:57,宇环数控,23.63,23.16,23.86,22.85,23.14,2.1175453759723295,4001065,93874605.75
002905.SZ,20260727,20260727 10:35:57,金逸影视,7.12,6.86,7.14,6.79,6.87,3.63901018922852,2493100,17531707.0
002906.SZ,20260727,20260727 10:35:57,华阳集团,23.8,23.38,23.95,23.37,23.45,1.4925373134328401,1690500,40244474.0
002907.SZ,20260727,20260727 10:35:57,华森制药,12.42,12.03,12.49,11.82,12.25,1.3877551020408108,2939100,35986758.0
002908.SZ,20260727,20260727 10:35:54,德生科技,6.33,6.13,6.34,6.12,6.17,2.593192868719618,1764298,11054386.56
002909.SZ,20260727,20260727 10:35:57,集泰股份,4.63,4.5,4.63,4.45,4.43,4.514672686230248,4034600,18381819.0
002910.SZ,20260727,20260727 10:35:57,庄园牧场,8.13,7.93,8.17,7.82,7.95,2.264150943396226,3531000,28387525.0
002911.SZ,20260727,20260727 10:35:57,佛燃能源,11.24,11.11,11.25,11.0,11.13,0.9883198562443685,4160905,46436745.9
002912.SZ,20260727,20260727 10:35:57,中新赛克,18.43,17.5,18.53,17.4,17.59,4.775440591245017,2198500,39797759.0
002913.SZ,20260727,20260727 10:35:57,奥士康,45.05,44.6,46.52,44.19,45.08,-0.066548358473828,2774687,125950464.0
002915.SZ,20260727,20260727 10:35:57,中欣氟材,15.71,15.39,15.78,15.22,15.43,1.8146467919637255,2839582,44164292.5
002916.SZ,20260727,20260727 10:35:57,深南电路,339.91,332.48,347.89,331.06,332.81,2.133349358492831,4773971,1631896010.16
002917.SZ,20260727,20260727 10:35:57,金奥博,9.85,9.67,9.86,9.57,9.63,2.2845275181723634,1289000,12550949.0
002918.SZ,20260727,20260727 10:35:54,蒙娜丽莎,9.33,8.46,9.33,8.43,8.48,10.023584905660377,9543314,85822372.88
002919.SZ,20260727,20260727 10:35:57,名臣健康,16.4,15.5,16.4,15.5,15.74,4.193138500635318,1589900,25586542.0
002920.SZ,20260727,20260727 10:35:57,德赛西威,82.61,80.7,83.24,80.59,81.02,1.9624784003949625,2159282,177531026.48
002921.SZ,20260727,20260727 10:35:57,联诚精密,20.6,19.44,20.75,19.0,19.44,5.967078189300401,3365960,67810565.6
002922.SZ,20260727,20260727 10:35:57,伊戈尔,24.77,23.85,24.9,23.83,23.96,3.3806343906510827,8443541,206014373.98
002923.SZ,20260727,20260727 10:35:57,润都股份,10.67,10.12,10.75,10.01,10.12,5.434782608695654,6443340,67611717.6
002925.SZ,20260727,20260727 10:35:57,盈趣科技,22.83,20.9,22.83,20.8,20.75,10.024096385542158,11948301,263411967.29
002926.SZ,20260727,20260727 10:35:57,华西证券,8.26,8.26,8.28,8.13,8.27,-0.12091898428052694,8329467,68520980.4
002927.SZ,20260727,20260727 10:35:57,泰永长征,14.34,13.93,14.38,13.87,13.91,3.0913012221423397,2668800,37817251.0
002928.SZ,20260727,20260727 10:35:57,华夏航空,6.24,6.33,6.4,6.22,6.08,2.6315789473684292,24201575,152708353.25
002929.SZ,20260727,20260727 10:35:57,润建股份,50.43,49.89,50.86,49.1,49.9,1.0621242484969873,4754268,238396297.25
002930.SZ,20260727,20260727 10:35:57,宏川智慧,8.17,7.96,8.21,7.91,7.98,2.3809523809523725,4191630,34048103.5
002931.SZ,20260727,20260727 10:35:57,锋龙股份,42.97,42.03,43.36,41.58,42.05,2.187871581450662,3251701,138718991.31
002932.SZ,20260727,20260727 10:35:57,*ST明德,14.08,13.93,14.15,13.88,13.88,1.4409221902017322,648022,9083942.16
002933.SZ,20260727,20260727 10:35:54,新兴装备,24.53,24.16,24.59,23.88,24.12,1.6998341625207303,448500,10954772.0
002935.SZ,20260727,20260727 10:35:57,天奥电子,15.0,14.46,15.04,14.46,14.45,3.806228373702436,2624620,38857525.16
002936.SZ,20260727,20260727 10:35:57,郑州银行,1.78,1.76,1.78,1.75,1.76,1.1363636363636465,36890259,65285963.46
002937.SZ,20260727,20260727 10:35:57,兴瑞科技,32.87,33.0,33.75,32.32,32.79,0.24397682220187455,4682924,154987653.84
002938.SZ,20260727,20260727 10:35:57,鹏鼎控股,90.92,88.0,92.68,87.36,88.39,2.8623147414865935,11634203,1057160937.78
002939.SZ,20260727,20260727 10:35:57,长城证券,8.16,8.1,8.18,8.08,8.12,0.49261083743843415,6728700,54783407.0
002940.SZ,20260727,20260727 10:35:57,昂利康,24.3,23.66,24.91,23.4,23.65,2.748414376321362,5204111,126603129.16
002941.SZ,20260727,20260727 10:35:57,新疆交建,9.75,9.64,9.76,9.61,9.63,1.2461059190031154,2940174,28538931.1
002942.SZ,20260727,20260727 10:35:54,新农股份,13.92,13.46,13.94,13.46,13.47,3.3407572383073347,566600,7796593.0
002943.SZ,20260727,20260727 10:35:57,宇晶股份,30.58,30.19,30.96,29.61,30.23,1.1577902745616875,3817679,115993237.56
002945.SZ,20260727,20260727 10:35:57,华林证券,13.02,12.88,13.13,12.79,12.89,1.0085337470907563,3604742,46655584.83
002946.SZ,20260727,20260727 10:35:57,新乳业,15.45,15.36,15.65,15.21,15.43,0.12961762799741372,2418900,37423008.37
002947.SZ,20260727,20260727 10:35:57,恒铭达,56.59,56.12,57.87,55.42,56.12,0.8374910905203148,2554169,144773377.74
002948.SZ,20260727,20260727 10:35:57,青岛银行,5.67,5.69,5.73,5.65,5.71,-0.7005253940455369,12910000,73520549.0
002949.SZ,20260727,20260727 10:35:57,华阳国际,9.55,9.12,9.56,9.12,9.2,3.8043478260869623,1384600,13072172.0
002950.SZ,20260727,20260727 10:35:57,奥美医疗,8.73,8.5,8.73,8.41,8.52,2.464788732394374,3826000,33061292.0
002951.SZ,20260727,20260727 10:35:54,金时科技,12.31,11.19,12.31,11.19,11.19,10.008936550491509,4763400,56419264.12
002952.SZ,20260727,20260727 10:35:57,亚世光电,18.36,17.34,18.44,17.34,17.74,3.4949267192784683,1786500,32271008.0
002953.SZ,20260727,20260727 10:35:57,日丰股份,9.58,9.53,9.8,9.3,9.52,0.6302521008403339,10361182,98577453.07
002955.SZ,20260727,20260727 10:35:57,鸿合科技,33.44,31.53,33.92,31.53,32.1,4.174454828660434,4860400,159478695.5
002956.SZ,20260727,20260727 10:35:57,西麦食品,15.79,15.72,16.0,15.35,15.68,0.7015306122448939,2880860,44944481.0
002957.SZ,20260727,20260727 10:35:57,科瑞技术,37.26,36.36,38.0,36.07,36.3,2.6446280991735627,6054193,225544664.93
002958.SZ,20260727,20260727 10:35:57,青农商行,2.98,2.97,3.01,2.96,2.97,0.33670033670032407,27709600,82771375.0
002959.SZ,20260727,20260727 10:35:57,小熊电器,32.76,31.93,32.81,31.83,31.94,2.5673137132122603,468118,15221789.34
002960.SZ,20260727,20260727 10:35:54,青鸟智控,7.53,7.38,7.56,7.33,7.39,1.8944519621109768,4925945,36965865.7
002961.SZ,20260727,20260727 10:35:54,瑞达期货,18.51,18.02,18.55,18.0,18.05,2.5484764542936356,2690362,49336832.59
002962.SZ,20260727,20260727 10:35:57,五方光电,11.8,11.33,11.87,11.33,11.49,2.6979982593559715,5005368,58514565.68
002963.SZ,20260727,20260727 10:35:57,豪尔赛,13.32,13.1,13.51,12.91,13.14,1.3698630136986356,2692600,35498138.0
002965.SZ,20260727,20260727 10:35:57,祥鑫科技,40.01,39.99,40.5,38.34,40.31,-0.7442322004465485,7087000,279308131.75
002966.SZ,20260727,20260727 10:35:57,苏州银行,8.02,7.99,8.05,7.93,8.02,0.0,16301330,130331459.5
002967.SZ,20260727,20260727 10:35:57,广电计量,16.38,15.83,16.46,15.83,15.96,2.631578947368407,2317357,37684315.04
002968.SZ,20260727,20260727 10:35:51,新大正,8.25,8.13,8.28,7.94,8.0,3.125,2064500,16848308.0
002969.SZ,20260727,20260727 10:35:54,嘉美包装,11.46,10.81,11.46,10.81,10.42,9.98080614203456,17486660,196423540.12
002970.SZ,20260727,20260727 10:35:57,锐明技术,46.89,45.68,47.38,45.1,45.65,2.7163198247535547,1627100,75930770.0
002971.SZ,20260727,20260727 10:35:57,和远气体,39.58,36.51,40.8,36.2,37.43,5.744055570398077,14345650,553486362.5
002972.SZ,20260727,20260727 10:35:54,科安达,13.37,13.27,13.47,12.98,13.25,0.9056603773584859,2287600,30260735.0
002973.SZ,20260727,20260727 10:35:54,侨银股份,9.12,8.95,9.18,8.95,9.01,1.220865704772467,1950200,17788300.0
002975.SZ,20260727,20260727 10:35:57,博杰股份,84.6,84.0,86.7,81.82,84.48,0.14204545454543638,3928130,332065029.7
002976.SZ,20260727,20260727 10:35:57,瑞玛精密,18.87,18.99,19.14,18.52,18.8,0.37234042553191404,1522680,28742593.1
002977.SZ,20260727,20260727 10:35:57,*ST天箭,22.36,22.01,22.56,21.62,22.1,1.17647058823529,610568,13589204.2
002978.SZ,20260727,20260727 10:35:57,安宁股份,25.91,25.7,25.99,25.51,25.62,1.1319281811084991,1034600,26771431.0
002979.SZ,20260727,20260727 10:35:57,雷赛智能,59.64,58.08,61.07,57.88,58.28,2.333562113932741,6254456,372795266.3
002980.SZ,20260727,20260727 10:35:57,华盛昌,82.37,82.0,84.67,79.6,81.9,0.5738705738705718,2455400,202267545.0
002981.SZ,20260727,20260727 10:35:57,朝阳科技,22.53,22.12,22.59,21.63,22.03,2.26963231956423,1072500,23847323.0
002982.SZ,20260727,20260727 10:35:51,湘佳股份,11.33,11.14,11.36,11.05,11.17,1.43240823634736,1464740,16506032.6
002983.SZ,20260727,20260727 10:35:54,芯瑞达,17.79,17.43,17.89,17.18,17.36,2.4769585253456183,895400,15778128.0
002984.SZ,20260727,20260727 10:35:57,森麒麟,13.99,13.73,14.04,13.73,13.74,1.81950509461426,3515849,49010001.15
002985.SZ,20260727,20260727 10:35:57,北摩高科,24.7,23.7,24.78,23.68,23.88,3.433835845896138,2672260,65307479.0
002986.SZ,20260727,20260727 10:35:57,宇新股份,11.63,11.5,11.65,11.36,11.53,0.8673026886383495,1429800,16478316.0
002987.SZ,20260727,20260727 10:35:57,京北方,10.54,10.31,10.6,10.29,10.49,0.4766444232602307,6494889,68194219.33
002988.SZ,20260727,20260727 10:35:57,豪美新材,19.47,18.62,19.49,18.54,18.94,2.798310454065467,1118100,21357825.0
002989.SZ,20260727,20260727 10:35:54,中天精装,21.92,21.0,22.16,20.62,20.99,4.430681276798487,3139600,67482651.0
002990.SZ,20260727,20260727 10:35:57,盛视科技,46.57,46.45,47.5,44.85,46.76,-0.40633019674934934,3126700,145212127.0
002991.SZ,20260727,20260727 10:35:45,甘源食品,39.7,38.96,39.92,38.81,38.96,1.8993839835728998,381600,15115692.0
002992.SZ,20260727,20260727 10:35:57,宝明科技,33.79,34.0,34.6,33.25,34.0,-0.6176470588235339,1281800,43045082.0
002993.SZ,20260727,20260727 10:35:57,奥海科技,38.02,37.77,38.95,37.38,37.57,1.197764173542737,3230900,123806161.0
002995.SZ,20260727,20260727 10:35:57,天地在线,15.27,14.68,15.32,14.49,14.65,4.232081911262786,2970400,44595707.0
002996.SZ,20260727,20260727 10:35:48,顺博合金,6.03,5.95,6.05,5.91,5.92,1.858108108108114,3082800,18467011.0
002997.SZ,20260727,20260727 10:35:57,瑞鹄模具,25.43,25.12,25.55,25.07,25.16,1.073131955484885,588700,14910114.0
002998.SZ,20260727,20260727 10:35:57,优彩资源,7.34,7.07,7.37,6.98,6.98,5.157593123209159,10130321,73398923.14
002999.SZ,20260727,20260727 10:35:54,天禾股份,5.38,5.28,5.4,5.27,5.28,1.8939393939393812,2506600,13375349.0
003000.SZ,20260727,20260727 10:35:57,劲仔食品,10.0,9.91,10.04,9.85,9.92,0.8064516129032251,1184700,11820021.0
003001.SZ,20260727,20260727 10:35:57,中岩大地,19.12,20.1,20.1,18.35,20.39,-6.228543403629228,17858709,341112529.5
003002.SZ,20260727,20260727 10:35:54,壶化股份,15.27,15.0,15.69,15.0,15.01,1.7321785476348994,2110200,32354483.0
003003.SZ,20260727,20260727 10:35:42,天元股份,9.56,9.24,9.58,9.23,9.24,3.463203463203457,2192600,20660907.0
003004.SZ,20260727,20260727 10:35:54,声迅股份,58.5,56.55,60.28,55.49,57.0,2.6315789473684292,893800,52309952.0
003005.SZ,20260727,20260727 10:35:48,竞业达,11.72,11.37,11.75,11.23,11.39,2.8972783143107916,1752960,20311295.0
003006.SZ,20260727,20260727 10:35:57,百亚股份,13.81,13.3,13.88,13.21,13.32,3.678678678678682,3063204,41905730.36
003007.SZ,20260727,20260727 10:35:57,直真科技,33.19,32.0,33.3,31.63,32.14,3.266957062850029,671400,22001689.0
003008.SZ,20260727,20260727 10:35:54,开普检测,16.71,16.3,16.8,16.3,16.31,2.4524831391784296,532300,8853467.0
003009.SZ,20260727,20260727 10:35:57,中天火箭,49.25,49.85,50.03,46.58,50.59,-2.6487448112275214,4074307,196831487.23
003010.SZ,20260727,20260727 10:35:57,若羽臣,24.36,23.35,25.08,22.94,23.37,4.236200256739409,7914496,191872641.55
003011.SZ,20260727,20260727 10:35:57,海象新材,17.15,16.75,17.29,16.45,16.76,2.326968973747001,910580,15455217.6
003012.SZ,20260727,20260727 10:35:57,东鹏控股,4.48,4.38,4.5,4.36,4.37,2.517162471395884,4178700,18605468.0
003013.SZ,20260727,20260727 10:35:54,地铁设计,17.22,16.55,17.5,16.31,16.37,5.192425167990211,5338532,90608469.96
003015.SZ,20260727,20260727 10:35:57,日久光电,10.4,10.14,10.42,10.07,10.16,2.3622047244094446,2413200,24832745.0
003016.SZ,20260727,20260727 10:35:57,欣贺股份,6.36,6.19,6.38,6.13,6.16,3.2467532467532534,2558500,16099662.0
003017.SZ,20260727,20260727 10:35:57,大洋生物,20.17,19.38,20.21,19.38,19.61,2.855685874553804,1125780,22437707.0
003018.SZ,20260727,20260727 10:35:57,金富科技,37.3,36.68,38.0,36.02,37.0,0.8108108108108025,4431227,164322095.1
003019.SZ,20260727,20260727 10:35:57,宸展光电,22.6,22.75,22.84,22.29,22.92,-1.3961605584642212,1953000,44082987.0
003020.SZ,20260727,20260727 10:35:51,立方制药,17.16,15.6,17.16,15.51,15.6,10.000000000000009,8778298,144834252.54
003021.SZ,20260727,20260727 10:35:54,兆威机电,75.15,73.62,75.58,73.03,73.62,2.0782396088019572,1056120,79032876.4
003022.SZ,20260727,20260727 10:35:57,联泓新科,18.72,18.33,18.76,18.24,18.33,2.1276595744680993,4326510,80365797.8
003023.SZ,20260727,20260727 10:35:54,彩虹集团,18.73,17.67,18.86,17.18,17.68,5.938914027149322,1706100,31302214.0
003025.SZ,20260727,20260727 10:35:48,思进智能,11.27,10.94,11.29,10.94,10.96,2.828467153284664,1866687,20850056.14
003026.SZ,20260727,20260727 10:35:57,中晶科技,27.57,27.23,27.85,26.22,27.23,1.2486228424531731,3920165,106778071.73
003027.SZ,20260727,20260727 10:35:51,同兴科技,15.1,14.66,15.14,14.64,14.63,3.2125768967874224,696676,10407869.32
003028.SZ,20260727,20260727 10:35:51,振邦智能,21.08,20.35,21.15,20.18,20.34,3.6381514257620484,456280,9476956.6
003029.SZ,20260727,20260727 10:35:57,吉大正元,15.36,14.99,15.38,14.8,14.98,2.5367156208277564,1116100,16983139.0
003030.SZ,20260727,20260727 10:35:57,祖名股份,21.52,20.6,21.85,20.6,20.55,4.720194647201947,1535485,32631129.6
003031.SZ,20260727,20260727 10:35:57,中瓷电子,106.13,105.02,108.2,102.81,106.0,0.12264150943395169,4470039,474745356.94
003032.SZ,20260727,20260727 10:35:48,传智教育,6.02,5.51,6.02,5.5,5.47,10.05484460694699,13128400,76707151.0
003033.SZ,20260727,20260727 10:35:54,征和工业,65.02,68.63,68.69,64.1,68.9,-5.631349782293194,1255800,82712032.0
003035.SZ,20260727,20260727 10:35:57,南网能源,5.43,5.38,5.5,5.33,5.42,0.18450184501843658,18966504,102912541.8
003036.SZ,20260727,20260727 10:35:57,泰坦股份,51.16,49.47,52.42,48.71,49.47,3.4162118455629553,3636359,184172074.12
003037.SZ,20260727,20260727 10:35:57,三和管桩,5.31,5.23,5.32,5.19,5.23,1.5296367112810572,1125000,5934849.0
003038.SZ,20260727,20260727 10:35:57,鑫铂股份,9.83,9.64,9.85,9.54,9.58,2.609603340292277,1709336,16640249.2
003039.SZ,20260727,20260727 10:35:57,顺控发展,11.42,11.2,11.43,11.15,11.2,1.9642857142857295,1398700,15866769.0
003040.SZ,20260727,20260727 10:35:57,楚天龙,10.49,10.07,10.5,10.0,10.08,4.067460317460325,6552937,67641790.8
003041.SZ,20260727,20260727 10:35:48,真爱美家,35.23,33.75,35.49,33.22,33.82,4.169130691898282,1148700,39840023.0
003042.SZ,20260727,20260727 10:35:54,中农联合,11.8,11.46,11.8,11.3,11.46,2.9668411867364686,1306200,15217516.0
003043.SZ,20260727,20260727 10:35:57,华亚智能,66.91,67.05,68.99,65.3,68.56,-2.4066511085180986,3497780,235378036.0
003816.SZ,20260727,20260727 10:35:57,中国广核,4.03,4.06,4.09,4.02,4.06,-0.7389162561576179,38978000,157965232.0
300001.SZ,20260727,20260727 10:35:57,特锐德,35.25,35.52,36.1,34.85,35.84,-1.6462053571428714,8920135,316291001.99
300002.SZ,20260727,20260727 10:35:57,神州泰岳,7.77,7.56,7.79,7.5,7.59,2.371541501976271,17402501,134187617.96
300003.SZ,20260727,20260727 10:35:57,乐普医疗,12.66,12.01,12.74,11.98,12.11,4.5417010734929875,20345778,255014592.09
300004.SZ,20260727,20260727 10:35:57,南风股份,7.72,7.34,7.76,7.25,7.34,5.177111716621252,7429750,56016728.0
300005.SZ,20260727,20260727 10:35:57,探路者,9.57,9.18,9.68,9.1,9.31,2.7926960257787403,36265152,342025050.68
300006.SZ,20260727,20260727 10:35:57,莱美药业,5.06,4.8,5.16,4.73,4.79,5.636743215031315,32885590,164661361.64
300007.SZ,20260727,20260727 10:35:57,汉威科技,31.26,29.61,31.35,29.59,29.6,5.608108108108101,5934307,182322884.51
300008.SZ,20260727,20260727 10:35:57,天海防务,6.12,5.98,6.14,5.94,6.12,0.0,42570031,258104639.76
300009.SZ,20260727,20260727 10:35:54,安科生物,8.13,7.87,8.15,7.85,7.87,3.303684879288449,11035460,89030211.0
300010.SZ,20260727,20260727 10:35:57,ST豆神,1.91,1.86,1.91,1.85,1.86,2.6881720430107503,10150900,19181082.0
300011.SZ,20260727,20260727 10:35:51,鼎汉技术,5.68,5.49,5.69,5.49,5.48,3.649635036496335,2211600,12445006.0
300012.SZ,20260727,20260727 10:35:57,华测检测,13.43,13.32,13.55,13.27,13.39,0.29873039581775895,8688668,116650940.06
300013.SZ,20260727,20260727 10:35:57,新宁物流,3.42,3.32,3.42,3.26,3.3,3.6363636363636376,7895100,26601083.0
300014.SZ,20260727,20260727 10:35:57,亿纬锂能,55.44,55.0,56.13,54.72,53.96,2.742772424017792,23987583,1326499507.91
300015.SZ,20260727,20260727 10:35:57,爱尔眼科,8.55,8.42,8.62,8.41,8.46,1.0638297872340496,31311948,268095689.0
300016.SZ,20260727,20260727 10:35:57,北陆药业,7.78,7.38,7.88,7.31,7.39,5.277401894451961,14504250,111909245.5
300017.SZ,20260727,20260727 10:35:57,网宿科技,13.07,12.88,13.2,12.63,13.0,0.5384615384615321,54111053,702243847.04
300018.SZ,20260727,20260727 10:35:57,中元股份,11.3,11.09,11.38,10.84,11.08,1.9855595667870096,6434100,71614461.36
300019.SZ,20260727,20260727 10:35:57,硅宝科技,13.88,13.55,13.94,13.55,13.5,2.8148148148148255,2413700,33296243.0
300020.SZ,20260727,20260727 10:35:45,ST银江,3.61,3.46,3.7,3.38,3.35,7.761194029850738,17536107,62704438.22
300021.SZ,20260727,20260727 10:35:54,大禹节水,3.71,3.66,3.71,3.66,3.66,1.3661202185792254,2308800,8520228.0
300022.SZ,20260727,20260727 10:35:45,吉峰科技,7.59,7.44,7.62,7.38,7.47,1.6064257028112428,1718100,12991458.0
300024.SZ,20260727,20260727 10:35:57,机器人,14.86,14.5,14.95,14.47,14.6,1.7808219178082174,13059927,193079718.27
300025.SZ,20260727,20260727 10:35:57,华星创业,4.14,4.02,4.18,4.0,4.03,2.7295285359801413,5630085,23117859.5
300026.SZ,20260727,20260727 10:35:57,红日药业,3.38,3.26,3.4,3.24,3.27,3.3639143730886722,39026041,130729393.98
300027.SZ,20260727,20260727 10:35:54,ST华谊,1.63,1.6,1.64,1.59,1.6,1.8749999999999822,14042999,22760381.37
300030.SZ,20260727,20260727 10:35:57,阳普医疗,6.05,5.8,6.09,5.76,5.8,4.31034482758621,5578400,33121612.0
300031.SZ,20260727,20260727 10:35:57,宝通科技,18.55,17.99,18.64,17.87,17.99,3.112840466926081,6374940,116869551.43
300032.SZ,20260727,20260727 10:35:54,金龙机电,3.41,3.32,3.42,3.26,3.3,3.3333333333333437,8862300,29805618.0
300033.SZ,20260727,20260727 10:35:57,同花顺,216.38,212.78,218.0,212.5,214.65,0.8059631959002944,4559809,981016072.83
300034.SZ,20260727,20260727 10:35:54,钢研高纳,15.18,14.89,15.23,14.82,14.96,1.4705882352941124,3657400,55214551.0
300035.SZ,20260727,20260727 10:35:57,中科电气,13.6,13.19,13.63,13.09,13.19,3.1084154662623265,12432041,166444327.19
300036.SZ,20260727,20260727 10:35:57,超图软件,10.53,10.31,10.57,10.22,10.31,2.133850630455858,4444929,46527111.5
300037.SZ,20260727,20260727 10:35:57,新宙邦,61.8,61.3,62.36,60.08,60.6,1.980198019801982,10196000,627650573.14
300039.SZ,20260727,20260727 10:35:57,上海凯宝,5.63,5.06,5.86,5.02,5.11,10.176125244618394,49293032,267339568.73
300040.SZ,20260727,20260727 10:35:57,九洲集团,6.47,6.14,6.65,6.12,6.27,3.189792663476876,53016140,339978320.59
300041.SZ,20260727,20260727 10:35:57,回天新材,10.12,9.98,10.19,9.85,9.94,1.810865191146882,8616790,86696061.6
300042.SZ,20260727,20260727 10:35:57,朗科科技,41.93,41.81,43.0,40.3,41.84,0.21510516252389866,6259365,261899922.64
300043.SZ,20260727,20260727 10:35:57,星辉娱乐,4.36,4.24,4.38,4.23,4.27,2.1077283372365585,12946800,55970654.0
300044.SZ,20260727,20260727 10:35:54,*ST赛为,5.02,4.9,5.07,4.89,5.04,-0.3968253968254065,6426600,32081814.8
300045.SZ,20260727,20260727 10:35:57,华力创通,12.25,10.57,12.34,10.57,11.46,6.893542757417093,50007349,581235653.83
300046.SZ,20260727,20260727 10:35:51,台基股份,22.76,22.41,22.92,22.06,22.4,1.6071428571428736,1886400,42686396.0
300047.SZ,20260727,20260727 10:35:57,天源迪科,9.24,8.99,9.28,8.88,8.99,2.7808676307007785,7693466,70468082.9
300048.SZ,20260727,20260727 10:35:57,合康新能,4.92,4.8,4.94,4.77,4.77,3.1446540880503138,5381500,26206043.0
300049.SZ,20260727,20260727 10:35:57,福瑞医科,43.72,41.8,44.0,41.12,42.23,3.528297418896531,5872432,252933236.58
300050.SZ,20260727,20260727 10:35:57,世纪鼎利,5.32,5.16,5.4,5.09,5.16,3.100775193798455,11193756,59422705.76
300051.SZ,20260727,20260727 10:35:57,琏升科技,7.06,7.05,7.13,6.92,7.15,-1.2587412587412694,5557600,39144238.0
300052.SZ,20260727,20260727 10:35:54,中青宝,9.23,8.94,9.28,8.87,8.97,2.898550724637672,4216849,38538250.92
300053.SZ,20260727,20260727 10:35:57,航宇微,11.94,11.47,11.96,11.4,11.52,3.645833333333326,8407864,98714617.71
300054.SZ,20260727,20260727 10:35:57,鼎龙股份,73.19,73.02,75.69,71.18,73.79,-0.8131183087139338,21606583,1594548079.84
300055.SZ,20260727,20260727 10:35:57,万邦达,5.49,5.31,5.51,5.24,5.38,2.0446096654275214,9889900,53322968.0
300056.SZ,20260727,20260727 10:35:57,中创环保,7.24,7.03,7.26,7.02,7.08,2.259887005649719,3671443,26289041.46
300057.SZ,20260727,20260727 10:35:57,万顺新材,5.99,5.77,6.03,5.77,5.77,3.812824956672456,16913738,100492362.32
300058.SZ,20260727,20260727 10:35:57,蓝色光标,11.53,11.17,11.62,11.08,11.21,2.8545941123996332,94887087,1084491703.74
300059.SZ,20260727,20260727 10:35:57,东方财富,19.46,19.32,19.55,19.26,19.4,0.309278350515485,91883499,1782717010.3
300061.SZ,20260727,20260727 10:35:54,旗天科技,5.98,5.71,6.0,5.66,5.74,4.181184668989557,9322216,54866520.75
300062.SZ,20260727,20260727 10:35:57,中能电气,6.98,6.73,7.09,6.41,6.8,2.6470588235294246,56192719,380450804.54
300063.SZ,20260727,20260727 10:35:57,天龙集团,7.54,7.32,7.59,7.24,7.32,3.005464480874309,11434900,85435623.0
300065.SZ,20260727,20260727 10:35:57,海兰信,16.2,15.54,16.29,15.43,15.62,3.713188220230479,20579840,326703642.94
300066.SZ,20260727,20260727 10:35:54,三川智慧,4.72,4.59,4.73,4.59,4.58,3.056768558951961,4408454,20610306.48
300067.SZ,20260727,20260727 10:35:57,安诺其,4.64,4.4,4.67,4.4,4.43,4.740406320541757,17843874,81531103.82
300068.SZ,20260727,20260727 10:35:57,ST南都,3.97,3.9,3.99,3.89,3.89,2.0565552699228773,16648297,65855556.06
300069.SZ,20260727,20260727 10:35:57,金利华电,29.33,28.84,29.75,27.65,29.13,0.686577411603162,2906700,84349290.0
300070.SZ,20260727,20260727 10:35:57,碧水源,3.45,3.37,3.46,3.36,3.38,2.071005917159763,17141800,58695955.0
300071.SZ,20260727,20260727 10:35:57,福石控股,3.91,3.7,3.95,3.62,3.69,5.962059620596216,46092200,176709209.0
300072.SZ,20260727,20260727 10:35:57,海新能科,3.4,3.34,3.41,3.32,3.41,-0.2932551319648202,17120590,57598861.9
300073.SZ,20260727,20260727 10:35:57,当升科技,41.39,40.2,41.55,40.16,39.68,4.309475806451624,8658204,353307077.99
300074.SZ,20260727,20260727 10:35:57,华平股份,3.31,3.17,3.33,3.16,3.19,3.7617554858934144,7084400,23142881.0
300075.SZ,20260727,20260727 10:35:57,数字政通,10.55,10.25,10.58,10.18,10.26,2.826510721247577,4702984,49129511.2
300076.SZ,20260727,20260727 10:35:39,*ST宁视,3.98,3.89,3.99,3.85,3.9,2.051282051282044,1072200,4240906.0
300077.SZ,20260727,20260727 10:35:57,国民技术,17.48,17.3,17.65,16.74,17.27,1.2159814707585426,15172663,262794706.24
300078.SZ,20260727,20260727 10:35:57,思创智联,2.75,2.67,2.76,2.65,2.66,3.383458646616533,11186405,30455522.53
300079.SZ,20260727,20260727 10:35:57,数码视讯,4.23,4.11,4.24,4.09,4.13,2.421307506053272,8492700,35606124.57
300080.SZ,20260727,20260727 10:35:57,易成新能,3.53,3.42,3.53,3.4,3.4,3.8235294117646923,8141599,28285422.55
300081.SZ,20260727,20260727 10:35:45,ST恒信,2.94,2.87,2.95,2.82,2.88,2.083333333333326,3205600,9300768.0
300082.SZ,20260727,20260727 10:35:54,奥克股份,7.37,7.12,7.39,7.08,7.02,4.985754985754998,7843800,57197642.0
300083.SZ,20260727,20260727 10:35:57,创世纪,11.08,10.88,11.27,10.66,10.99,0.8189262966332933,34397218,378203126.5
300084.SZ,20260727,20260727 10:35:57,海默科技,10.14,9.62,10.29,9.48,9.72,4.320987654320985,6680981,66864881.39
300085.SZ,20260727,20260727 10:35:57,银之杰,27.53,26.43,27.75,26.05,26.33,4.557538928978366,24434608,660809966.26
300086.SZ,20260727,20260727 10:35:57,康芝药业,6.12,5.77,6.18,5.69,5.81,5.335628227194511,18170300,110187412.0
300087.SZ,20260727,20260727 10:35:51,ST荃银,5.0,4.9,5.02,4.89,4.95,1.0101010101010166,2996783,14898194.3
300088.SZ,20260727,20260727 10:35:57,长信科技,6.84,6.63,6.95,6.49,6.61,3.479576399394846,84925857,574926145.39
300091.SZ,20260727,20260727 10:35:51,*ST金灵,2.44,2.39,2.47,2.39,2.41,1.2448132780082943,2036300,4965558.0
300092.SZ,20260727,20260727 10:35:57,科新机电,10.92,10.44,10.92,10.39,10.44,4.597701149425282,2522000,27035040.0
300093.SZ,20260727,20260727 10:35:57,金刚光伏,20.2,20.13,20.45,19.52,20.3,-0.49261083743843415,3249857,65143989.15
300094.SZ,20260727,20260727 10:35:57,国联水产,2.6,2.53,2.61,2.5,2.53,2.7667984189723382,15557240,40023162.4
300095.SZ,20260727,20260727 10:35:54,华伍股份,7.86,7.42,7.89,7.4,7.47,5.2208835341365445,3917600,30201216.0
300096.SZ,20260727,20260727 10:35:57,ST易联众,7.95,7.89,7.98,7.81,7.86,1.1450381679389388,444900,3518081.0
300097.SZ,20260727,20260727 10:35:57,智云股份,8.02,7.93,8.17,7.76,7.86,2.035623409669207,4207000,33567970.0
300098.SZ,20260727,20260727 10:35:57,高新兴,4.32,4.2,4.33,4.2,4.22,2.369668246445511,18107100,77747928.0
300099.SZ,20260727,20260727 10:35:57,尤洛卡,5.65,5.57,5.66,5.51,5.55,1.8018018018018056,5084400,28547292.0
300100.SZ,20260727,20260727 10:35:57,双林股份,22.3,21.4,22.45,21.34,21.4,4.20560747663552,3137599,68980571.69
300101.SZ,20260727,20260727 10:35:57,振芯科技,13.9,13.5,13.94,13.42,13.52,2.8106508875739733,3682000,50452793.0
300102.SZ,20260727,20260727 10:35:57,乾照光电,16.68,15.95,16.78,15.81,16.04,3.990024937655856,14285800,234993982.0
300103.SZ,20260727,20260727 10:35:57,达刚控股,6.56,6.35,6.58,6.32,6.37,2.982731554160112,1679800,10892875.0
300105.SZ,20260727,20260727 10:35:57,龙源技术,9.49,9.01,9.97,8.94,9.19,3.2644178454842354,39366394,376154353.82
300106.SZ,20260727,20260727 10:35:57,西部牧业,8.4,8.15,8.43,8.12,8.15,3.0674846625766916,3539200,29460867.0
300107.SZ,20260727,20260727 10:35:51,建新股份,5.92,5.7,5.92,5.69,5.73,3.315881326352521,4732896,27670123.6
300109.SZ,20260727,20260727 10:35:57,新开源,13.5,13.4,13.56,13.33,13.37,0.972326103216159,1093038,14738870.12
300110.SZ,20260727,20260727 10:35:57,华仁药业,2.67,2.59,2.68,2.56,2.59,3.0888030888030826,13142760,34758360.4
300111.SZ,20260727,20260727 10:35:57,向日葵,2.74,2.62,2.76,2.56,2.61,4.9808429118774145,24788802,66949707.46
300112.SZ,20260727,20260727 10:35:54,万讯自控,6.27,6.04,6.3,6.01,6.07,3.2948929159802187,5144700,31620132.21
300113.SZ,20260727,20260727 10:35:57,顺网科技,16.37,15.83,16.46,15.75,15.97,2.504696305572951,8088109,131088803.77
300115.SZ,20260727,20260727 10:35:57,长盈精密,25.56,24.42,25.78,24.25,24.43,4.625460499385992,15153140,380268462.65
300118.SZ,20260727,20260727 10:35:57,东方日升,9.3,9.05,9.33,9.05,9.09,2.310231023102327,11796246,108958713.34
300119.SZ,20260727,20260727 10:35:51,瑞普生物,15.79,15.48,15.93,15.43,15.53,1.6741790083709018,1502357,23680552.02
300120.SZ,20260727,20260727 10:35:57,经纬辉开,6.32,5.98,6.34,5.97,6.02,4.983388704318958,13046600,80858577.0
300121.SZ,20260727,20260727 10:35:57,阳谷华泰,9.07,8.92,9.13,8.9,8.94,1.4541387024608499,4363683,39335098.17
300122.SZ,20260727,20260727 10:35:57,智飞生物,12.41,12.11,12.49,12.04,12.13,2.308326463314092,9961100,122738321.5
300123.SZ,20260727,20260727 10:35:51,ST亚光,3.9,3.81,3.94,3.77,3.87,0.7751937984496138,12098780,46961930.4
300124.SZ,20260727,20260727 10:35:57,汇川技术,59.62,58.99,59.88,58.99,59.35,0.45492839090142123,8074402,480730398.42
300125.SZ,20260727,20260727 10:35:51,*ST聆达,7.83,7.75,7.86,7.65,7.75,1.0322580645161228,1113200,8633893.0
300126.SZ,20260727,20260727 10:35:54,锐奇股份,5.48,5.23,5.49,5.15,5.25,4.3809523809523965,2438400,13105922.0
300127.SZ,20260727,20260727 10:35:54,银河磁体,22.66,22.25,22.72,22.03,22.1,2.5339366515837014,1396900,31349490.17
300128.SZ,20260727,20260727 10:35:57,锦富技术,4.22,4.07,4.25,4.07,4.07,3.685503685503666,12972100,54035882.0
300129.SZ,20260727,20260727 10:35:57,泰胜风能,7.37,7.08,7.38,7.08,7.08,4.096045197740117,8981366,65223476.76
300130.SZ,20260727,20260727 10:35:57,新国都,17.7,17.29,17.74,17.15,17.33,2.1350259665320337,3669087,64381691.08
300131.SZ,20260727,20260727 10:35:57,英唐智控,14.7,14.5,15.1,14.21,14.5,1.379310344827589,19738771,291237123.68
300132.SZ,20260727,20260727 10:35:57,青松股份,6.2,6.12,6.24,6.1,6.1,1.6393442622950838,6998600,43345182.0
300133.SZ,20260727,20260727 10:35:57,华策影视,6.42,6.26,6.44,6.23,6.3,1.904761904761898,23297247,148273822.79
300134.SZ,20260727,20260727 10:35:57,大富科技,7.52,7.35,7.56,7.29,7.36,2.1739130434782483,4252261,31740672.45
300135.SZ,20260727,20260727 10:35:57,宝利国际,3.1,2.94,3.12,2.87,3.07,0.9771986970684043,17454146,52535045.22
300136.SZ,20260727,20260727 10:35:57,信维通信,64.8,63.35,66.36,62.0,62.57,3.564008310692013,28967392,1866850822.18
300137.SZ,20260727,20260727 10:35:57,先河环保,12.19,12.22,12.29,11.71,12.04,1.2458471760797396,9924579,120026576.01
300138.SZ,20260727,20260727 10:35:51,晨光生物,10.39,10.25,10.47,10.15,10.14,2.4654832347140054,1633700,16894855.0
300139.SZ,20260727,20260727 10:35:57,晓程科技,38.88,39.5,39.88,38.38,37.84,2.74841437632134,20838069,815466602.61
300140.SZ,20260727,20260727 10:35:57,节能环境,5.41,5.32,5.43,5.3,5.32,1.6917293233082775,4911100,26508055.0
300141.SZ,20260727,20260727 10:35:57,和顺电气,9.93,9.58,9.97,9.41,9.85,0.8121827411167626,11559199,113168697.69
300142.SZ,20260727,20260727 10:35:57,沃森生物,12.17,11.73,12.28,11.61,11.94,1.9262981574539317,34605529,416997636.6
300143.SZ,20260727,20260727 10:35:57,盈康生命,7.26,6.9,7.4,6.87,6.92,4.9132947976878505,12467855,90424243.7
300144.SZ,20260727,20260727 10:35:57,宋城演艺,5.94,5.83,5.99,5.83,5.83,1.8867924528301883,17587151,104345929.43
300145.SZ,20260727,20260727 10:35:57,南方泵业,4.19,4.06,4.21,4.03,4.07,2.9484029484029506,27406694,113652523.8
300146.SZ,20260727,20260727 10:35:57,汤臣倍健,9.93,9.7,9.96,9.68,9.7,2.3711340206185705,6520800,64354020.58
300147.SZ,20260727,20260727 10:35:57,*ST香雪,6.51,6.23,6.53,6.23,6.34,2.681388012618302,5116760,32613245.8
300148.SZ,20260727,20260727 10:35:57,天舟文化,3.19,3.1,3.2,3.08,3.1,2.9032258064516148,8965200,28376449.0
300149.SZ,20260727,20260727 10:35:57,睿智医药,9.32,8.37,9.59,8.31,8.55,9.005847953216373,38827760,354079436.58
300150.SZ,20260727,20260727 10:35:57,世纪瑞尔,3.78,3.63,3.8,3.62,3.66,3.2786885245901454,2689500,10054079.0
300151.SZ,20260727,20260727 10:35:57,昌红科技,14.39,14.08,14.57,13.77,14.15,1.6961130742049413,6899758,98123158.94
300152.SZ,20260727,20260727 10:35:54,*ST动力,1.4,1.36,1.41,1.36,1.37,2.1897810218977964,6576995,9158607.05
300153.SZ,20260727,20260727 10:35:57,科泰电源,19.84,19.33,19.89,19.27,19.34,2.585315408479838,3161038,62066618.86
300154.SZ,20260727,20260727 10:35:57,瑞凌股份,7.45,7.05,7.52,7.05,7.14,4.341736694677878,3465900,25487329.0
300155.SZ,20260727,20260727 10:35:54,安居宝,3.8,3.66,3.81,3.62,3.63,4.683195592286493,3633035,13588143.75
300157.SZ,20260727,20260727 10:35:57,新锦动力,4.19,3.97,4.21,3.82,4.24,-1.1792452830188593,58709231,235204158.77
300158.SZ,20260727,20260727 10:35:57,振东制药,4.89,4.76,4.92,4.68,4.7,4.042553191489362,10333862,50111262.32
300159.SZ,20260727,20260727 10:35:57,新研股份,2.81,2.76,2.82,2.73,2.74,2.5547445255474477,11981000,33349433.0
300160.SZ,20260727,20260727 10:35:57,秀强股份,4.14,4.05,4.15,4.05,4.07,1.7199017199017064,1944800,8018797.0
300161.SZ,20260727,20260727 10:35:57,华中数控,23.4,22.29,23.4,22.29,22.87,2.317446436379522,1115200,25831860.0
300162.SZ,20260727,20260727 10:35:57,雷曼光电,7.09,6.92,7.14,6.77,6.89,2.9027576197387495,11837800,82679758.0
300163.SZ,20260727,20260727 10:35:54,先锋新材,4.92,4.74,4.95,4.65,4.71,4.458598726114649,12584200,60830649.0
300164.SZ,20260727,20260727 10:35:57,通源石油,10.64,10.03,10.75,9.83,11.94,-10.887772194304846,117250023,1195054205.86
300165.SZ,20260727,20260727 10:35:57,天瑞仪器,4.92,4.55,5.0,4.55,4.55,8.131868131868124,18751220,91603296.6
300166.SZ,20260727,20260727 10:35:57,东方国信,13.12,12.8,13.23,12.76,12.99,1.0007698229407058,15426660,201226890.71
300167.SZ,20260727,20260727 10:35:51,ST迪威迅,3.84,3.99,4.01,3.78,3.86,-0.5181347150259086,2779200,10764703.0
300168.SZ,20260727,20260727 10:35:57,万达信息,4.67,4.51,4.68,4.48,4.52,3.31858407079646,10137701,46950487.57
300169.SZ,20260727,20260727 10:35:57,天晟新材,4.47,4.31,4.47,4.31,4.31,3.7122969837587005,3276800,14459287.0
300170.SZ,20260727,20260727 10:35:57,汉得信息,14.1,13.75,14.19,13.6,13.82,2.026049204052094,13148055,183982617.3
300171.SZ,20260727,20260727 10:35:57,东富龙,12.09,11.64,12.2,11.6,11.76,2.8061224489795977,7797641,93777432.06
300172.SZ,20260727,20260727 10:35:57,中电环保,4.31,4.23,4.31,4.22,4.26,1.1737089201877993,5388260,23065961.6
300173.SZ,20260727,20260727 10:35:54,ST福能,2.99,2.93,3.01,2.93,2.93,2.0477815699658786,1825700,5448579.0
300174.SZ,20260727,20260727 10:35:57,元力股份,18.2,18.07,18.49,17.33,18.06,0.7751937984496138,11212792,200962323.84
300175.SZ,20260727,20260727 10:35:51,朗源股份,5.64,5.47,5.7,5.41,5.49,2.7322404371584508,5318700,29719292.0
300176.SZ,20260727,20260727 10:35:57,鸿特科技,4.81,4.68,4.82,4.66,4.68,2.777777777777768,3253800,15533179.0
300177.SZ,20260727,20260727 10:35:48,中海达,5.8,5.62,5.8,5.58,5.62,3.2028469750889688,4089150,23449503.0
300179.SZ,20260727,20260727 10:35:57,四方达,35.11,35.05,35.85,33.61,34.73,1.0941549093003156,14927691,521224959.1
300180.SZ,20260727,20260727 10:35:57,华峰超纤,4.04,3.93,4.05,3.89,3.92,3.0612244897959107,11496700,45906296.67
300181.SZ,20260727,20260727 10:35:57,佐力药业,13.99,13.65,14.13,13.55,13.65,2.490842490842482,9695389,135066985.52
300182.SZ,20260727,20260727 10:35:57,捷成股份,4.44,4.34,4.46,4.28,4.34,2.3041474654378113,30373831,133741904.16
300183.SZ,20260727,20260727 10:35:57,东软载波,9.96,9.84,9.99,9.81,9.84,1.2195121951219523,2141802,21222532.98
300184.SZ,20260727,20260727 10:35:57,力源信息,12.08,11.98,12.2,11.41,12.18,-0.8210180623973717,44362444,528764175.88
300185.SZ,20260727,20260727 10:35:57,通裕重工,2.74,2.69,2.74,2.68,2.7,1.4814814814814836,23552977,64159150.67
300187.SZ,20260727,20260727 10:35:57,永清环保,4.44,4.35,4.46,4.32,4.35,2.0689655172414056,3009900,13287534.0
300188.SZ,20260727,20260727 10:35:57,国投智能,9.99,9.76,10.0,9.73,9.78,2.147239263803691,3454028,34280809.32
300189.SZ,20260727,20260727 10:35:57,神农种业,4.19,4.07,4.2,4.04,4.1,2.1951219512195363,23590580,97818869.05
300190.SZ,20260727,20260727 10:35:57,维尔利,3.57,3.54,3.6,3.49,3.58,-0.27932960893854997,3311062,11729562.33
300191.SZ,20260727,20260727 10:35:57,潜能恒信,28.39,28.82,29.11,26.62,31.39,-9.557183816502068,20420221,565029230.68
300192.SZ,20260727,20260727 10:35:57,科德教育,10.52,10.19,10.55,10.11,10.16,3.543307086614167,3704560,38520894.4
300193.SZ,20260727,20260727 10:35:57,佳士科技,7.29,7.15,7.3,7.15,7.17,1.673640167364021,1206900,8757521.0
300194.SZ,20260727,20260727 10:35:57,福安药业,3.68,3.56,3.7,3.56,3.59,2.506963788300842,8297693,30383226.24
300195.SZ,20260727,20260727 10:35:57,长荣股份,4.81,4.62,4.81,4.62,4.66,3.218884120171661,4611700,21945754.0
300196.SZ,20260727,20260727 10:35:57,长海股份,16.46,15.93,16.76,15.8,15.86,3.7831021437578993,8712700,142953200.0
300197.SZ,20260727,20260727 10:35:57,节能铁汉,1.75,1.69,1.76,1.68,1.7,2.941176470588247,33922300,58623985.26
300198.SZ,20260727,20260727 10:35:18,*ST纳川,2.03,2.0,2.04,1.98,2.02,0.4950495049504955,2408200,4849557.0
300199.SZ,20260727,20260727 10:35:57,翰宇药业,20.71,19.95,21.0,19.81,19.89,4.122674710910013,22138181,456018969.41
300200.SZ,20260727,20260727 10:35:57,高盟新材,7.95,7.79,8.0,7.69,7.76,2.448453608247436,3109900,24547682.0
300201.SZ,20260727,20260727 10:35:57,海伦哲,14.07,13.83,14.31,13.59,13.84,1.6618497109826658,19303162,269896720.2
300203.SZ,20260727,20260727 10:35:57,聚光科技,11.57,11.58,11.67,11.5,11.61,-0.3445305770887086,1897426,22020367.86
300204.SZ,20260727,20260727 10:35:57,舒泰神,23.45,22.18,23.94,21.81,22.19,5.678233438485791,22086507,511053051.18
300205.SZ,20260727,20260727 10:35:57,*ST天喻,4.87,4.84,4.91,4.8,4.86,0.2057613168724215,589000,2853717.0
300206.SZ,20260727,20260727 10:35:57,理邦仪器,11.27,11.01,11.39,11.01,11.09,1.623083859332719,2413983,27217437.92
300207.SZ,20260727,20260727 10:35:57,欣旺达,18.25,17.7,18.58,17.63,16.92,7.86052009456264,58470550,1054588312.19
300209.SZ,20260727,20260727 10:35:57,行云科技,27.08,25.7,27.8,25.13,25.78,5.042668735453826,40123600,1065855817.0
300210.SZ,20260727,20260727 10:35:57,森远股份,8.42,8.34,8.45,8.21,8.27,1.813784764207993,2357658,19766283.6
300211.SZ,20260727,20260727 10:35:57,*ST亿通,6.17,6.0,6.19,6.0,6.06,1.8151815181518316,1151500,7025145.0
300212.SZ,20260727,20260727 10:35:57,*ST易录,7.25,7.28,7.29,7.04,7.35,-1.3605442176870652,6048300,43388712.0
300213.SZ,20260727,20260727 10:35:57,佳讯飞鸿,5.72,5.51,5.75,5.46,5.53,3.435804701627476,6618200,37434330.0
300214.SZ,20260727,20260727 10:35:57,日科化学,13.28,12.35,13.96,12.35,11.86,11.973018549747039,55657738,738241956.76
300215.SZ,20260727,20260727 10:35:57,电科院,5.92,5.65,5.92,5.62,5.68,4.225352112676051,8333900,48782497.0
300217.SZ,20260727,20260727 10:35:51,东方电热,4.04,3.91,4.05,3.91,3.93,2.7989821882951516,6497500,25919273.0
300218.SZ,20260727,20260727 10:35:57,安利股份,11.48,11.25,11.52,11.22,11.21,2.408563782337203,766000,8728123.0
300219.SZ,20260727,20260727 10:35:57,鸿利智汇,6.27,6.08,6.29,6.03,6.09,2.9556650246305383,6297608,38934088.6
300220.SZ,20260727,20260727 10:35:57,金运激光,9.39,9.1,9.42,9.1,9.09,3.300330033003318,1218540,11345444.4
300221.SZ,20260727,20260727 10:35:57,银禧科技,10.95,10.3,11.03,10.3,10.42,5.086372360844527,10536900,112993393.0
300222.SZ,20260727,20260727 10:35:57,科大智能,9.33,9.01,9.35,9.01,9.05,3.0939226519336893,8703498,80256999.52
300223.SZ,20260727,20260727 10:35:57,北京君正,142.4,143.5,145.3,135.3,143.65,-0.8701705534284732,22005265,3099119155.98
300224.SZ,20260727,20260727 10:35:57,正海磁材,10.73,10.55,10.75,10.5,10.51,2.0932445290199775,4006000,42642698.0
300225.SZ,20260727,20260727 10:35:57,金力泰,6.49,6.1,6.5,6.1,6.12,6.045751633986929,6285500,39637699.0
300226.SZ,20260727,20260727 10:35:57,上海钢联,14.97,14.48,15.0,14.48,14.57,2.745367192862047,2642486,39233580.24
300227.SZ,20260727,20260727 10:35:57,光韵达,8.4,8.22,8.44,8.1,8.16,2.941176470588247,4699267,38996216.11
300228.SZ,20260727,20260727 10:35:57,富瑞特装,6.98,6.8,6.99,6.76,6.81,2.496328928047009,4190000,28878561.0
300229.SZ,20260727,20260727 10:35:57,拓尔思,12.31,11.78,12.35,11.77,11.91,3.3585222502099166,8510855,103237517.44
300230.SZ,20260727,20260727 10:35:57,永利股份,4.08,4.0,4.09,4.0,4.02,1.4925373134328401,3532400,14332243.0
300231.SZ,20260727,20260727 10:35:57,银信科技,8.04,7.82,8.13,7.66,7.96,1.0050251256281229,9403750,74334078.5
300232.SZ,20260727,20260727 10:35:54,洲明科技,4.88,4.76,4.89,4.76,4.76,2.521008403361358,5331579,25793675.15
300233.SZ,20260727,20260727 10:35:57,金城医药,12.57,12.14,12.63,12.08,12.21,2.9484029484029506,5728568,71504840.55
300234.SZ,20260727,20260727 10:35:57,开尔新材,7.43,6.59,7.71,6.53,6.56,13.262195121951216,19454286,139951127.91
300235.SZ,20260727,20260727 10:35:57,方直科技,10.29,10.08,10.36,10.02,10.15,1.3793103448275668,1827200,18735322.0
300236.SZ,20260727,20260727 10:35:57,上海新阳,86.66,85.2,89.28,83.38,86.47,0.21972938591419133,5337843,463012889.16
300237.SZ,20260727,20260727 10:35:54,ST美晨,1.87,1.84,1.87,1.82,1.83,2.1857923497267784,4267800,7917336.0
300238.SZ,20260727,20260727 10:35:57,冠昊生物,10.77,10.3,10.82,10.19,10.39,3.657362848893153,4199200,44631526.0
300239.SZ,20260727,20260727 10:35:57,东宝生物,4.63,4.5,4.65,4.46,4.52,2.433628318584069,4428400,20328716.0
300240.SZ,20260727,20260727 10:35:57,飞力达,5.08,4.89,5.09,4.89,4.93,3.0425963488843966,3227894,16205079.66
300241.SZ,20260727,20260727 10:35:57,瑞丰光电,5.15,5.03,5.17,4.93,5.09,1.1787819253438192,14008847,70913036.0
300242.SZ,20260727,20260727 10:35:09,佳云科技,0.0,0.0,0.0,0.0,4.35,-100.0,0,0.0
300243.SZ,20260727,20260727 10:35:57,瑞丰高材,13.81,13.26,13.93,13.18,13.18,4.779969650986349,9756195,132694287.41
300244.SZ,20260727,20260727 10:35:57,迪安诊断,16.35,15.66,16.62,15.62,15.66,4.406130268199249,15532623,252075733.09
300245.SZ,20260727,20260727 10:35:57,ST天玑,5.08,4.94,5.09,4.91,4.95,2.626262626262621,2622500,13203412.0
300246.SZ,20260727,20260727 10:35:57,宝莱特,17.62,17.46,18.1,17.37,17.46,0.9163802978235935,6662500,118590085.0
300247.SZ,20260727,20260727 10:35:57,融捷健康,3.72,3.64,3.73,3.62,3.64,2.19780219780219,3305800,12222135.0
300248.SZ,20260727,20260727 10:35:57,新开普,7.58,7.43,7.62,7.42,7.45,1.744966442953011,3332154,25101274.0
300249.SZ,20260727,20260727 10:35:57,依米康,12.3,12.04,12.39,11.94,12.09,1.7369727047146455,5378251,65701522.82
300250.SZ,20260727,20260727 10:35:54,初灵信息,13.44,12.92,13.5,12.81,13.02,3.2258064516129004,2920500,38774799.0
300251.SZ,20260727,20260727 10:35:57,光线传媒,11.32,11.13,11.38,11.07,11.12,1.7985611510791477,18270090,205595159.29
300252.SZ,20260727,20260727 10:35:57,金信诺,10.71,10.37,10.77,10.33,10.52,1.8060836501901267,7746760,82362860.4
300253.SZ,20260727,20260727 10:35:57,卫宁健康,6.71,6.52,6.75,6.47,6.52,2.9141104294478692,25700753,171304185.8
300254.SZ,20260727,20260727 10:35:57,仟源医药,7.65,7.26,7.68,7.21,7.27,5.226960110041268,6985300,52475303.0
300255.SZ,20260727,20260727 10:35:57,常山药业,26.33,25.09,26.7,24.58,25.25,4.277227722772281,26048156,676625903.47
300256.SZ,20260727,20260727 10:35:57,星星科技,2.48,2.39,2.49,2.38,2.42,2.4793388429751984,11161700,27402487.0
300257.SZ,20260727,20260727 10:35:57,开山股份,18.93,18.94,19.17,18.31,19.0,-0.36842105263158453,4837874,90967264.92
300258.SZ,20260727,20260727 10:35:57,精锻科技,9.48,9.12,9.49,9.08,9.12,3.947368421052655,4030325,37743179.69
300259.SZ,20260727,20260727 10:35:57,新天科技,4.4,4.28,4.42,4.26,4.32,1.85185185185186,14773500,64266906.0
300260.SZ,20260727,20260727 10:35:57,新莱应材,57.11,56.18,58.18,54.71,56.18,1.655393378426484,10252395,581874334.14
300261.SZ,20260727,20260727 10:35:57,雅本化学,5.03,4.84,5.04,4.71,4.93,2.0283975659229236,28512192,140184801.39
300263.SZ,20260727,20260727 10:35:57,隆华科技,8.99,8.73,9.08,8.66,8.75,2.7428571428571358,21932300,195292116.45
300264.SZ,20260727,20260727 10:35:57,佳创视讯,5.92,6.0,6.19,5.9,6.06,-2.310231023102305,11053900,66236836.0
300265.SZ,20260727,20260727 10:35:57,通光线缆,13.57,13.32,13.63,13.1,13.39,1.344286781179993,15381556,206242041.26
300266.SZ,20260727,20260727 10:35:57,兴源环境,1.71,1.68,1.72,1.68,1.68,1.7857142857142794,4982300,8493304.0
300267.SZ,20260727,20260727 10:35:57,尔康制药,2.98,2.88,3.01,2.86,2.88,3.472222222222232,19147513,56691390.31
300268.SZ,20260727,20260727 10:35:57,佳沃食品,9.88,9.52,9.89,9.5,9.48,4.219409282700415,993400,9684976.0
300269.SZ,20260727,20260727 10:35:57,联建光电,4.32,4.18,4.34,4.12,4.16,3.8461538461538547,8383500,35741018.0
300270.SZ,20260727,20260727 10:35:57,中威电子,9.72,9.11,9.77,9.06,9.18,5.882352941176472,5832613,55214391.29
300271.SZ,20260727,20260727 10:35:57,华宇软件,4.98,4.84,5.0,4.8,4.83,3.105590062111818,4930300,24267416.0
300272.SZ,20260727,20260727 10:35:57,开能健康,5.32,5.14,5.33,5.08,5.12,3.90625,4845751,25440986.51
300274.SZ,20260727,20260727 10:35:57,阳光电源,113.57,114.43,114.89,112.01,113.42,0.13225180744136367,17639295,1997925545.12
300275.SZ,20260727,20260727 10:35:57,梅安森,7.76,7.55,7.77,7.44,7.48,3.743315508021383,2968900,22839051.0
300276.SZ,20260727,20260727 10:35:57,三丰智能,6.23,6.08,6.24,6.05,6.08,2.4671052631578982,8574555,53002335.64
300277.SZ,20260727,20260727 10:35:57,汽轮科技,11.62,11.15,11.65,11.07,11.26,3.1971580817051537,5946184,67805623.38
300278.SZ,20260727,20260727 10:35:57,华昌达,3.47,3.35,3.48,3.35,3.38,2.6627218934911268,9688700,33147619.0
300279.SZ,20260727,20260727 10:35:57,和晶科技,5.11,4.91,5.12,4.88,4.91,4.073319755600813,5557500,28082302.0
300281.SZ,20260727,20260727 10:35:57,金明精机,5.48,5.28,5.51,5.24,5.31,3.201506591337111,2975300,16113853.0
300283.SZ,20260727,20260727 10:35:57,温州宏丰,13.6,13.36,13.84,13.21,13.44,1.1904761904761862,14724700,199849641.0
300284.SZ,20260727,20260727 10:35:54,苏交科,5.23,5.19,5.27,5.17,5.18,0.9652509652509744,5205176,27247631.5
300285.SZ,20260727,20260727 10:35:57,国瓷材料,59.85,57.2,62.0,56.0,57.21,4.614577871001568,65132212,3884095100.73
300286.SZ,20260727,20260727 10:35:57,安科瑞,19.65,19.32,19.7,19.16,19.46,0.9763617677286618,2196900,42977044.0
300287.SZ,20260727,20260727 10:35:57,飞利信,3.51,3.45,3.52,3.41,3.46,1.4450867052023142,13360091,46468650.68
300288.SZ,20260727,20260727 10:35:57,朗玛信息,9.16,8.77,9.17,8.73,8.81,3.9727582292848895,3173000,28725729.0
300289.SZ,20260727,20260727 10:35:57,利德曼,5.46,5.23,5.48,5.23,5.28,3.409090909090895,2959500,15953301.0
300290.SZ,20260727,20260727 10:35:57,ST荣科,4.03,3.95,4.06,3.9,3.94,2.2842639593908753,11180050,44799868.0
300291.SZ,20260727,20260727 10:35:57,百纳千成,4.59,4.43,4.62,4.38,4.43,3.6117381489842115,10592700,48055176.0
300292.SZ,20260727,20260727 10:35:57,吴通控股,3.97,3.84,3.98,3.84,3.87,2.5839793281653867,15208400,59816582.0
300293.SZ,20260727,20260727 10:35:57,蓝英装备,14.19,13.79,14.22,13.67,13.79,2.9006526468455363,1866300,26144893.0
300294.SZ,20260727,20260727 10:35:57,博雅生物,14.7,14.39,14.77,14.25,14.42,1.9417475728155331,3015900,43882901.0
300295.SZ,20260727,20260727 10:35:15,*ST三六,10.1,9.95,10.14,9.93,9.96,1.4056224899598346,805300,8106374.0
300296.SZ,20260727,20260727 10:35:57,利亚德,5.07,4.97,5.08,4.97,4.98,1.8072289156626509,16459731,82966118.93
300298.SZ,20260727,20260727 10:35:57,三诺生物,15.37,15.0,15.49,14.88,15.02,2.330226364846877,3320600,50808663.0
300299.SZ,20260727,20260727 10:35:57,富春股份,5.05,4.92,5.11,4.92,4.88,3.4836065573770503,12731755,64241681.16
300300.SZ,20260727,20260727 10:35:57,海峡创新,7.09,6.42,7.14,6.42,6.78,4.572271386430682,44169581,303266688.81
300301.SZ,20260727,20260727 10:35:57,ST长方,3.39,3.47,3.47,3.36,3.46,-2.023121387283233,3454011,11726870.96
300302.SZ,20260727,20260727 10:35:57,同有科技,29.26,28.8,29.8,28.01,28.91,1.210653753026647,11130632,324200439.75
300303.SZ,20260727,20260727 10:35:57,聚飞光电,6.76,6.59,6.8,6.56,6.6,2.4242424242424176,17471680,117158700.48
300304.SZ,20260727,20260727 10:35:57,云意电气,10.67,10.54,10.79,10.3,10.56,1.0416666666666519,7292100,77062292.06
300305.SZ,20260727,20260727 10:35:57,裕兴股份,4.84,4.7,4.88,4.62,4.72,2.5423728813559254,3025200,14503383.0
300306.SZ,20260727,20260727 10:35:57,远方信息,8.95,8.69,8.98,8.67,8.68,3.1105990783410142,1521200,13492365.0
300307.SZ,20260727,20260727 10:35:57,慈星股份,6.24,6.08,6.29,6.05,6.07,2.8006589785831926,5756457,35758055.97
300308.SZ,20260727,20260727 10:35:57,中际旭创,1041.45,1021.02,1065.98,1003.33,1046.51,-0.48351186324067097,14170152,14692626065.81
300310.SZ,20260727,20260727 10:35:57,宜通世纪,4.03,3.9,4.04,3.9,3.93,2.5445292620865256,8110900,32347686.0
300311.SZ,20260727,20260727 10:35:54,ST任子行,5.08,5.0,5.1,5.0,5.03,0.994035785288272,2669198,13489220.94
300313.SZ,20260727,20260727 10:35:54,天山生物,7.65,7.48,7.68,7.32,7.48,2.2727272727272707,1265200,9584314.0
300314.SZ,20260727,20260727 10:35:57,戴维医疗,9.63,9.08,9.66,9.08,9.12,5.5921052631579204,2649000,25042568.0
300315.SZ,20260727,20260727 10:35:57,掌趣科技,3.99,3.88,4.0,3.84,3.89,2.570694087403602,27572007,108907960.51
300316.SZ,20260727,20260727 10:35:57,晶盛机电,39.59,38.83,39.66,38.65,39.01,1.4867982568572247,5824318,228466241.09
300317.SZ,20260727,20260727 10:35:57,珈伟新能,4.53,4.24,4.79,4.24,4.23,7.092198581560272,90383114,408676909.2
300318.SZ,20260727,20260727 10:35:57,博晖创新,4.58,4.46,4.61,4.42,4.45,2.921348314606731,3963259,18032840.04
300319.SZ,20260727,20260727 10:35:57,麦捷科技,15.37,14.95,15.7,14.53,14.84,3.5714285714285587,43447065,662621369.66
300320.SZ,20260727,20260727 10:35:48,海达股份,7.97,7.84,7.99,7.74,7.96,0.12562814070351536,3754982,29624296.6
300321.SZ,20260727,20260727 10:35:57,同大股份,33.1,31.9,33.86,29.58,30.8,7.467532467532467,3313202,108438144.28
300322.SZ,20260727,20260727 10:35:57,硕贝德,17.2,16.86,17.39,16.66,16.88,1.8957345971563955,7599100,130103840.16
300323.SZ,20260727,20260727 10:35:57,华灿光电,11.3,11.1,11.47,10.84,11.13,1.5274034141958603,26956600,301985580.0
300324.SZ,20260727,20260727 10:35:57,旋极信息,3.48,3.38,3.49,3.34,3.37,3.264094955489605,13290821,45835769.19
300326.SZ,20260727,20260727 10:35:18,ST凯利,5.48,5.4,5.5,5.4,5.47,0.1828153564899626,1447500,7904569.0
300327.SZ,20260727,20260727 10:35:57,中颖电子,22.06,21.74,22.25,21.32,21.76,1.3786764705882248,4352006,95337593.1
300328.SZ,20260727,20260727 10:35:57,宜安科技,10.78,10.5,10.81,10.35,10.41,3.55427473583092,9576862,101647732.05
300329.SZ,20260727,20260727 10:35:57,海伦钢琴,10.36,10.2,10.37,9.99,10.06,2.9821073558647937,837800,8556890.0
300331.SZ,20260727,20260727 10:35:57,苏大维格,42.59,42.29,43.4,40.16,42.5,0.21176470588235574,6838100,286864744.0
300332.SZ,20260727,20260727 10:35:57,天壕能源,4.5,4.43,4.52,4.26,4.58,-1.7467248908296984,18313330,80515136.87
300333.SZ,20260727,20260727 10:35:54,兆日科技,7.03,6.86,7.06,6.82,6.86,2.478134110787167,3093600,21605842.0
300334.SZ,20260727,20260727 10:35:57,津膜科技,7.6,7.37,7.67,7.26,7.46,1.8766756032171594,4505200,33944932.0
300335.SZ,20260727,20260727 10:35:57,迪森股份,5.36,5.19,5.42,5.08,5.22,2.6819923371647514,13128200,69434707.0
300337.SZ,20260727,20260727 10:35:57,银邦股份,9.1,8.83,9.11,8.81,8.84,2.941176470588225,6629863,59806541.05
300338.SZ,20260727,20260727 10:35:45,*ST开元,2.62,2.56,2.65,2.54,2.59,1.1583011583011782,1500300,3906627.0
300339.SZ,20260727,20260727 10:35:57,润和软件,34.9,33.73,35.09,33.52,34.0,2.6470588235294024,9586377,330976021.07
300340.SZ,20260727,20260727 10:35:57,科恒股份,7.81,7.66,7.82,7.54,7.54,3.5809018567639184,3585400,27652375.0
300341.SZ,20260727,20260727 10:35:57,麦克奥迪,11.88,11.4,11.9,11.37,11.44,3.8461538461538547,2527200,29616739.03
300342.SZ,20260727,20260727 10:35:57,天银机电,32.13,31.17,32.33,31.01,31.36,2.455357142857162,6797267,215967223.17
300343.SZ,20260727,20260727 10:35:57,联创股份,5.78,5.6,5.8,5.55,5.7,1.403508771929829,11012900,62676046.0
300345.SZ,20260727,20260727 10:35:57,华民股份,5.33,5.14,5.35,5.11,5.2,2.499999999999991,9324800,48760069.0
300346.SZ,20260727,20260727 10:35:57,南大光电,54.65,53.71,55.75,51.51,53.6,1.9589552238805874,26408990,1429263261.98
300347.SZ,20260727,20260727 10:35:57,泰格医药,48.89,46.4,50.86,46.35,46.95,4.132055378061761,11713478,576910947.33
300348.SZ,20260727,20260727 10:35:57,长亮科技,8.69,8.46,8.71,8.4,8.5,2.2352941176470464,6413500,55179663.0
300349.SZ,20260727,20260727 10:35:54,金卡智能,9.69,9.41,9.69,9.4,9.48,2.215189873417711,2410500,23168787.0
300350.SZ,20260727,20260727 10:35:57,华鹏飞,3.96,3.84,3.96,3.81,3.82,3.664921465968596,5381600,21034369.0
300351.SZ,20260727,20260727 10:35:54,永贵电器,13.28,12.85,13.34,12.78,12.85,3.3463035019455134,4521300,59424430.0
300352.SZ,20260727,20260727 10:35:57,ST信源,2.2,2.12,2.21,2.11,2.13,3.2863849765258246,11938200,26023955.0
300353.SZ,20260727,20260727 10:35:57,东土科技,17.13,16.7,17.19,16.62,16.7,2.574850299401188,5732400,97423982.0
300354.SZ,20260727,20260727 10:35:57,东华测试,27.83,27.34,27.89,27.12,27.32,1.8667642752562053,592958,16357289.4
300355.SZ,20260727,20260727 10:35:57,蒙草生态,2.8,2.75,2.81,2.75,2.75,1.8181818181818077,7668028,21341925.07
300357.SZ,20260727,20260727 10:35:57,我武生物,23.45,22.78,23.75,22.61,22.8,2.8508771929824483,5511050,128815594.79
300358.SZ,20260727,20260727 10:35:57,楚天科技,8.27,8.19,8.36,8.16,8.3,-0.3614457831325413,20982694,173478123.97
300359.SZ,20260727,20260727 10:35:57,全通教育,3.53,3.4,3.55,3.38,3.41,3.5190615835777095,5233900,18230552.0
300360.SZ,20260727,20260727 10:35:54,炬华科技,11.89,11.74,11.9,11.71,11.74,1.27768313458263,1982700,23484880.0
300363.SZ,20260727,20260727 10:35:57,博腾股份,16.28,15.5,16.53,15.41,15.67,3.8927887683471774,13617506,219275062.02
300364.SZ,20260727,20260727 10:35:57,中文在线,19.25,18.45,19.36,18.31,18.51,3.997839005942727,14098111,267494101.48
300365.SZ,20260727,20260727 10:35:57,恒华科技,4.46,4.38,4.47,4.32,4.38,1.82648401826484,4485200,19833608.0
300366.SZ,20260727,20260727 10:35:51,ST创意,4.24,4.14,4.29,4.14,4.18,1.435406698564612,2097600,8898445.0
300368.SZ,20260727,20260727 10:35:57,汇金股份,8.75,8.36,8.8,8.23,8.5,2.941176470588225,17363600,148627576.0
300369.SZ,20260727,20260727 10:35:57,绿盟科技,6.22,6.03,6.25,5.91,6.07,2.471169686985175,17232200,105533429.0
300370.SZ,20260727,20260727 10:35:57,安控科技,2.02,1.98,2.03,1.97,1.99,1.5075376884422065,7918380,15831271.6
300371.SZ,20260727,20260727 10:35:48,汇中股份,9.22,8.99,9.25,8.92,8.99,2.5583982202447286,1151480,10519549.4
300373.SZ,20260727,20260727 10:35:57,扬杰科技,92.1,90.6,93.58,87.17,90.6,1.655629139072845,7813815,710160535.87
300374.SZ,20260727,20260727 10:35:57,中铁装配,10.31,10.2,10.36,10.12,10.16,1.476377952755903,1172640,12026813.4
300375.SZ,20260727,20260727 10:35:57,鹏翎股份,3.77,3.68,3.78,3.65,3.67,2.7247956403269713,2910534,10860550.84
300376.SZ,20260727,20260727 10:35:57,易事特,4.51,4.41,4.52,4.4,4.4,2.499999999999991,8354343,37441444.31
300377.SZ,20260727,20260727 10:35:57,赢时胜,13.13,12.6,13.28,12.57,12.58,4.3720190779014345,16443146,213267573.66
300378.SZ,20260727,20260727 10:35:57,鼎捷数智,27.29,26.3,27.58,26.17,26.41,3.332071185157126,4010503,108681500.51
300380.SZ,20260727,20260727 10:35:57,安硕信息,27.14,25.99,27.15,25.99,26.27,3.3117624666920475,961598,25720879.02
300381.SZ,20260727,20260727 10:35:57,溢多利,5.54,5.38,5.57,5.36,5.4,2.592592592592591,3598400,19817158.0
300382.SZ,20260727,20260727 10:35:57,斯莱克,13.67,13.8,13.98,13.16,13.73,-0.43699927166788166,12546518,169857312.46
300383.SZ,20260727,20260727 10:35:57,光环新网,12.53,12.25,12.59,12.12,12.31,1.7871649065799966,25031264,310933069.16
300384.SZ,20260727,20260727 10:35:57,三联虹普,11.43,11.19,11.59,11.11,11.11,2.880288028802891,1442500,16486770.0
300385.SZ,20260727,20260727 10:35:54,ST雪浪,10.26,10.0,10.31,9.98,9.93,3.3232628398791597,2599800,26471564.0
300386.SZ,20260727,20260727 10:35:45,飞天诚信,9.49,9.2,9.53,9.08,9.16,3.60262008733625,2398100,22497736.0
300387.SZ,20260727,20260727 10:35:57,富邦科技,6.69,6.56,6.71,6.48,6.56,1.9817073170731891,2631834,17427712.72
300388.SZ,20260727,20260727 10:35:48,节能国祯,6.68,6.6,6.69,6.52,6.58,1.5197568389057725,1505500,10007632.0
300389.SZ,20260727,20260727 10:35:57,艾比森,11.76,11.63,11.81,11.5,11.63,1.1177987962166736,1879100,21969808.0
300390.SZ,20260727,20260727 10:35:57,天华新能,58.39,57.9,59.38,56.17,56.7,2.980599647266313,21257152,1229503643.66
300393.SZ,20260727,20260727 10:35:54,中来股份,5.59,5.48,5.6,5.37,5.42,3.136531365313644,6819254,37634186.7
300394.SZ,20260727,20260727 10:35:57,天孚通信,204.88,201.76,209.9,200.1,203.41,0.7226783343984966,13013942,2676388810.5
300395.SZ,20260727,20260727 10:35:57,菲利华,79.97,78.61,81.49,77.55,77.8,2.789203084832903,8835122,704853751.7
300396.SZ,20260727,20260727 10:35:57,ST迪瑞,6.12,6.0,6.14,5.96,5.99,2.170283806343898,1091300,6624155.0
300397.SZ,20260727,20260727 10:35:57,天和防务,10.1,9.81,10.13,9.69,9.87,2.3302938196555267,8677700,86569102.0
300398.SZ,20260727,20260727 10:35:57,飞凯材料,33.86,33.02,34.64,32.05,33.09,2.326987005137493,20097789,674586339.16
300399.SZ,20260727,20260727 10:35:57,天利科技,15.78,15.1,15.8,14.83,15.1,4.503311258278142,2087400,32391103.0
300400.SZ,20260727,20260727 10:35:57,劲拓股份,22.7,21.87,22.88,21.46,21.94,3.463992707383756,6666800,148306513.0
300401.SZ,20260727,20260727 10:35:57,花园生物,12.99,12.25,13.24,12.25,12.04,7.890365448504988,24967815,318410995.3
300402.SZ,20260727,20260727 10:35:57,宝色股份,13.79,13.39,13.8,13.26,13.39,2.9873039581777228,1206100,16436907.0
300403.SZ,20260727,20260727 10:35:57,汉宇集团,8.7,8.51,8.72,8.42,8.49,2.473498233215543,5587280,48022456.01
300404.SZ,20260727,20260727 10:35:57,博济医药,9.6,9.11,9.72,9.1,9.22,4.121475054229928,12977593,123389542.67
300405.SZ,20260727,20260727 10:35:51,科隆股份,4.81,4.64,4.84,4.56,4.6,4.565217391304355,4813700,22860168.0
300406.SZ,20260727,20260727 10:35:57,九强生物,11.19,11.03,11.32,11.0,11.08,0.9927797833934937,2437255,27322888.62
300407.SZ,20260727,20260727 10:35:57,凯发电气,12.58,10.9,12.72,10.66,10.87,15.731370745170192,19893428,239453643.83
300408.SZ,20260727,20260727 10:35:57,三环集团,105.26,102.65,108.28,100.48,100.84,4.383181277270931,33597651,3541939610.71
300409.SZ,20260727,20260727 10:35:57,道氏技术,17.04,16.0,17.09,15.8,16.52,3.147699757869238,15612884,258326860.38
300410.SZ,20260727,20260727 10:35:57,正业科技,7.05,6.91,7.08,6.8,6.84,3.0701754385964897,9630800,66981720.0
300411.SZ,20260727,20260727 10:35:57,金盾股份,6.69,6.41,6.7,6.4,6.48,3.240740740740744,3599500,23701823.0
300412.SZ,20260727,20260727 10:35:54,迦南科技,3.86,3.72,3.88,3.72,3.73,3.4852546916890104,4794870,18358300.4
300413.SZ,20260727,20260727 10:35:57,芒果超媒,15.01,14.62,15.04,14.52,14.6,2.808219178082183,7788187,115993931.23
300414.SZ,20260727,20260727 10:35:57,中光防雷,11.42,11.27,11.55,10.84,11.27,1.3309671694764935,23719816,266093053.21
300415.SZ,20260727,20260727 10:35:57,伊之密,19.82,19.45,19.88,19.31,19.47,1.7976373908577425,2163401,42685318.66
300416.SZ,20260727,20260727 10:35:57,苏试试验,13.98,13.51,14.03,13.5,13.61,2.7185892725936966,8045463,111557305.61
300417.SZ,20260727,20260727 10:35:54,南华仪器,9.46,9.01,9.46,8.88,9.01,4.994450610432866,1836700,17063177.0
300418.SZ,20260727,20260727 10:35:57,昆仑万维,37.51,36.69,37.81,36.2,36.68,2.2628135223555113,23665882,880337722.38
300419.SZ,20260727,20260727 10:35:57,ST浩丰,7.46,7.55,7.63,7.43,7.51,-0.665778961384822,3244160,24470087.2
300420.SZ,20260727,20260727 10:35:57,五洋自控,7.02,6.29,7.2,6.29,6.33,10.90047393364928,91787464,622505141.86
300421.SZ,20260727,20260727 10:35:57,力星股份,16.08,15.16,16.14,15.11,15.16,6.068601583113442,5801604,91422520.88
300422.SZ,20260727,20260727 10:35:48,博世科,4.24,4.11,4.25,4.09,4.11,3.1630170316301776,4298950,17990768.5
300423.SZ,20260727,20260727 10:35:57,昇辉科技,5.46,5.31,5.48,5.28,5.29,3.2136105860113506,4543100,24547881.0
300424.SZ,20260727,20260727 10:35:57,航新科技,13.46,12.62,13.49,12.56,12.72,5.817610062893075,6340649,83306707.51
300425.SZ,20260727,20260727 10:35:57,中建环能,3.81,3.72,3.82,3.71,3.74,1.8716577540106805,3177542,12039088.76
300426.SZ,20260727,20260727 10:35:57,华智数媒,5.25,4.96,5.34,4.96,5.01,4.790419161676662,6126000,31704079.0
300427.SZ,20260727,20260727 10:35:57,红相股份,6.37,5.92,6.45,5.82,6.36,0.15723270440251014,54288530,339215415.5
300428.SZ,20260727,20260727 10:35:57,立中集团,18.38,18.1,18.46,18.06,18.08,1.65929203539823,3275500,60064274.35
300429.SZ,20260727,20260727 10:35:57,强力新材,9.55,9.38,9.62,9.11,9.34,2.248394004282672,10569848,99606097.8
300430.SZ,20260727,20260727 10:35:57,*ST益通,4.09,3.88,4.12,3.84,3.91,4.603580562659837,6072858,24405056.48
300432.SZ,20260727,20260727 10:35:57,富临精工,15.69,15.33,15.82,15.22,15.22,3.088042049934292,17630000,274850166.2
300433.SZ,20260727,20260727 10:35:57,蓝思科技,36.6,36.95,37.44,34.6,37.32,-1.9292604501607635,101894953,3682287059.99
300434.SZ,20260727,20260727 10:35:57,金石亚药,10.33,9.93,10.48,9.84,9.92,4.133064516129026,10323000,105591431.35
300435.SZ,20260727,20260727 10:35:57,中泰股份,16.58,16.1,16.7,16.03,16.28,1.842751842751822,3556900,58294533.0
300436.SZ,20260727,20260727 10:35:57,广生堂,87.8,86.33,88.78,85.57,86.33,1.702768446658176,2398337,210298982.29
300437.SZ,20260727,20260727 10:35:57,清水源,10.18,9.76,10.19,9.65,9.79,3.9836567926455624,3307800,33052265.0
300438.SZ,20260727,20260727 10:35:57,鹏辉能源,63.9,64.0,65.44,61.0,61.79,3.4147920375465324,16244304,1027149809.57
300439.SZ,20260727,20260727 10:35:57,美康生物,8.34,8.08,8.36,8.05,8.1,2.9629629629629672,2082300,17199580.0
300440.SZ,20260727,20260727 10:35:57,运达科技,15.88,15.76,16.15,15.48,15.7,1.146496815286624,3644100,57756021.0
300441.SZ,20260727,20260727 10:35:48,鲍斯股份,6.28,6.2,6.29,6.12,6.19,1.453957996768973,2155900,13407458.0
300442.SZ,20260727,20260727 10:35:57,润泽科技,65.25,64.67,66.2,64.03,64.8,0.694444444444442,9116731,595013178.27
300443.SZ,20260727,20260727 10:35:57,金雷股份,21.31,20.82,21.48,20.6,20.6,3.4466019417475513,4152369,87894954.48
300444.SZ,20260727,20260727 10:35:57,双杰电气,10.2,9.5,10.26,9.33,9.85,3.5532994923857864,81842463,801983706.44
300445.SZ,20260727,20260727 10:35:57,康斯特,17.7,16.96,17.73,16.91,16.97,4.30170889805539,1176860,20546539.6
300446.SZ,20260727,20260727 10:35:57,航天智造,13.23,12.79,13.25,12.78,12.86,2.8771384136858646,3093500,40567941.0
300447.SZ,20260727,20260727 10:35:51,全信股份,12.86,12.56,12.9,12.35,12.47,3.1275060144346334,1802500,22927963.0
300448.SZ,20260727,20260727 10:35:57,浩云科技,5.02,4.81,5.05,4.79,4.81,4.365904365904361,8883900,44074124.0
300449.SZ,20260727,20260727 10:35:57,汉邦高科,6.28,6.04,6.33,6.01,6.07,3.4596375617792496,4485600,27882838.0
300450.SZ,20260727,20260727 10:35:57,先导智能,33.98,32.6,34.03,32.37,32.02,6.121174266083673,26918817,890413079.11
300451.SZ,20260727,20260727 10:35:57,创业慧康,3.28,3.14,3.3,3.13,3.16,3.797468354430378,13676633,44359708.81
300452.SZ,20260727,20260727 10:35:48,山河药辅,11.89,11.58,11.94,11.55,11.56,2.8546712802768104,2026000,23922374.0
300453.SZ,20260727,20260727 10:35:57,三鑫医疗,9.39,9.19,9.43,9.18,9.18,2.2875816993464193,2817945,26370806.7
300454.SZ,20260727,20260727 10:35:57,深信服,100.73,99.02,101.87,97.0,100.05,0.6796601699150528,5828360,584338059.57
300455.SZ,20260727,20260727 10:35:57,航天智装,17.42,16.91,17.47,16.7,16.88,3.199052132701441,2962846,50923480.04
300456.SZ,20260727,20260727 10:35:57,赛微电子,29.16,28.66,29.48,28.28,28.7,1.6027874564459976,7656283,222252568.03
300457.SZ,20260727,20260727 10:35:57,赢合科技,19.12,18.47,19.25,18.4,18.19,5.112699285321609,7715823,144618302.85
300458.SZ,20260727,20260727 10:35:57,全志科技,40.91,40.77,41.54,36.5,40.99,-0.1951695535496567,72156105,2853898667.16
300459.SZ,20260727,20260727 10:35:57,汤姆猫,3.5,3.39,3.51,3.37,3.4,2.941176470588247,44829089,155794858.76
300460.SZ,20260727,20260727 10:35:51,ST惠伦,8.27,8.34,8.4,8.16,8.26,0.1210653753026536,2025246,16751977.2
300461.SZ,20260727,20260727 10:35:57,田中精机,30.13,28.0,30.68,27.69,28.4,6.091549295774645,2725020,80763904.8
300462.SZ,20260727,20260727 10:35:06,ST华铭,10.17,9.97,10.25,9.97,10.05,1.1940298507462588,170000,1736250.0
300463.SZ,20260727,20260727 10:35:57,迈克生物,8.74,8.5,8.77,8.49,8.51,2.7027027027026973,4112880,35762098.2
300464.SZ,20260727,20260727 10:35:57,星徽股份,5.78,5.7,5.82,5.58,5.68,1.760563380281699,3459900,19799132.0
300465.SZ,20260727,20260727 10:35:57,高伟达,11.12,11.0,11.2,10.94,11.11,0.09000900090008201,6496000,72054008.0
300466.SZ,20260727,20260727 10:35:54,赛摩智能,6.84,6.59,6.86,6.59,6.63,3.1674208144796268,2499300,16930897.0
300467.SZ,20260727,20260727 10:35:57,迅游科技,33.38,31.91,33.6,31.9,31.92,4.573934837092741,2420500,80466180.0
300468.SZ,20260727,20260727 10:35:57,四方精创,19.53,18.8,19.59,18.71,18.97,2.9520295202952074,7358077,141557890.3
300469.SZ,20260727,20260727 10:35:57,信息发展,46.99,41.6,47.92,41.11,42.13,11.535722762876798,8282183,377328236.62
300470.SZ,20260727,20260727 10:35:48,中密控股,29.14,28.8,29.19,28.54,28.66,1.6748080949057886,641660,18567812.4
300471.SZ,20260727,20260727 10:35:57,厚普股份,8.8,8.6,8.81,8.52,8.64,1.85185185185186,1702300,14822144.0
300472.SZ,20260727,20260727 10:35:39,*ST新元,6.3,6.42,6.42,6.14,6.48,-2.77777777777779,2033600,12753009.0
300473.SZ,20260727,20260727 10:35:57,德尔股份,21.16,20.52,21.31,20.52,20.52,3.1189083820662766,1759262,36988714.68
300474.SZ,20260727,20260727 10:35:57,景嘉微,50.86,50.66,51.2,49.38,50.61,0.4939735230191644,3885950,196167357.5
300475.SZ,20260727,20260727 10:35:57,香农芯创,159.63,161.59,164.88,154.49,161.59,-1.2129463456897138,13316366,2127329603.37
300476.SZ,20260727,20260727 10:35:57,胜宏科技,233.03,228.51,238.66,227.1,230.01,1.3129863918960094,11065205,2585616586.23
300477.SZ,20260727,20260727 10:35:57,ST合纵,2.66,2.59,2.78,2.53,2.47,7.692307692307687,36290266,96902074.94
300478.SZ,20260727,20260727 10:35:57,杭州高新,28.41,27.51,28.98,27.39,27.45,3.49726775956285,1626600,46045717.0
300479.SZ,20260727,20260727 10:35:57,神思电子,12.69,12.3,12.73,12.26,12.34,2.8363047001620734,2052939,25792345.53
300480.SZ,20260727,20260727 10:35:57,光力科技,30.18,30.51,31.31,28.33,31.66,-4.674668351231837,28422783,843440322.69
300481.SZ,20260727,20260727 10:35:57,濮阳惠成,13.08,12.74,13.14,12.63,12.75,2.5882352941176467,4267476,55320672.99
300482.SZ,20260727,20260727 10:35:54,万孚生物,15.87,15.52,15.94,15.47,15.69,1.1472275334607929,3740862,58993339.78
300483.SZ,20260727,20260727 10:35:57,首华燃气,18.7,18.69,18.9,18.19,19.49,-4.05336069779374,10577100,195677558.0
300484.SZ,20260727,20260727 10:35:54,蓝海华腾,11.98,11.58,12.0,11.45,11.52,3.993055555555558,1371000,16212890.0
300485.SZ,20260727,20260727 10:35:57,赛升药业,8.9,8.48,8.98,8.35,8.53,4.337631887456039,5497100,48490792.0
300486.SZ,20260727,20260727 10:35:57,东杰智能,17.09,16.34,17.16,16.34,16.51,3.513022410660205,5094168,85956404.8
300487.SZ,20260727,20260727 10:35:57,蓝晓科技,61.47,61.32,63.28,60.22,61.6,-0.21103896103896735,4210484,257979636.9
300488.SZ,20260727,20260727 10:35:57,恒锋工具,29.48,29.03,29.76,28.76,29.05,1.480206540447493,1421384,41713143.36
300489.SZ,20260727,20260727 10:35:57,光智科技,172.76,176.8,177.47,165.44,179.0,-3.486033519553078,3179600,548331247.0
300490.SZ,20260727,20260727 10:35:57,华自科技,11.26,10.73,11.32,10.65,10.73,4.939422180801478,7716473,84974363.15
300491.SZ,20260727,20260727 10:35:57,通合科技,23.96,23.72,24.36,23.23,23.86,0.419111483654655,4322438,102888336.74
300492.SZ,20260727,20260727 10:35:57,华图山鼎,21.41,20.8,21.45,20.61,20.8,2.9326923076923084,2350797,49879757.72
300493.SZ,20260727,20260727 10:35:57,润欣科技,12.28,12.05,12.36,11.81,12.14,1.153212520593061,7296245,88662181.76
300494.SZ,20260727,20260727 10:35:57,盛天网络,7.8,7.6,7.81,7.55,7.59,2.7667984189723382,4040900,31204914.0
300496.SZ,20260727,20260727 10:35:57,中科创达,57.83,56.77,58.13,55.9,57.37,0.8018127941432862,5222150,299409547.95
300497.SZ,20260727,20260727 10:35:57,富祥股份,17.79,17.84,18.02,17.07,17.02,4.524089306698009,28032570,496102320.94
300498.SZ,20260727,20260727 10:35:57,温氏股份,13.81,13.72,14.07,13.72,13.73,0.582665695557183,18371820,255480896.2
300499.SZ,20260727,20260727 10:35:57,高澜股份,27.53,27.09,28.03,26.52,27.01,1.9252128841170002,6544312,179902096.05
300500.SZ,20260727,20260727 10:35:57,启迪设计,8.23,8.02,8.25,7.8,7.95,3.5220125786163514,2007400,16283360.0
300501.SZ,20260727,20260727 10:35:57,海顺新材,9.81,9.63,9.83,9.46,9.57,2.5078369905956244,1612296,15573388.04
300502.SZ,20260727,20260727 10:35:57,新易盛,476.5,466.14,492.0,459.5,476.02,0.10083609932356463,20014551,9564905329.81
300503.SZ,20260727,20260727 10:35:57,昊志机电,66.01,64.91,66.92,64.1,64.73,1.9774447705855014,6142302,403759872.97
300504.SZ,20260727,20260727 10:35:57,天邑股份,13.69,13.28,13.8,13.16,13.5,1.4074074074074128,3059200,41466480.0
300505.SZ,20260727,20260727 10:35:57,川金诺,16.86,16.32,16.87,16.21,16.42,2.6796589524969328,4468389,74278054.72
300506.SZ,20260727,20260727 10:35:51,名家汇,5.57,5.48,5.63,5.36,5.54,0.5415162454873723,7333400,40306173.0
300507.SZ,20260727,20260727 10:35:57,苏奥传感,6.18,5.95,6.21,5.9,5.92,4.391891891891886,4745640,29092082.2
300508.SZ,20260727,20260727 10:35:57,维宏股份,35.56,32.59,36.32,32.59,34.1,4.281524926686209,2126600,74883425.0
300509.SZ,20260727,20260727 10:35:57,新美星,7.79,7.49,7.79,7.44,7.49,4.005340453938588,2979400,22807949.0
300510.SZ,20260727,20260727 10:35:57,金冠股份,3.42,3.35,3.46,3.31,3.44,-0.5813953488372103,32715714,110844132.66
300511.SZ,20260727,20260727 10:35:57,雪榕生物,4.98,4.74,5.0,4.73,4.77,4.4025157232704615,10739595,52758246.1
300512.SZ,20260727,20260727 10:35:54,中亚股份,6.48,6.24,6.49,6.17,6.24,3.8461538461538547,2620500,16735000.0
300513.SZ,20260727,20260727 10:35:57,恒实科技,6.66,6.45,6.68,6.36,6.45,3.2558139534883734,2581952,17043037.8
300514.SZ,20260727,20260727 10:35:57,友讯达,8.69,8.33,8.72,8.33,8.4,3.45238095238094,1528100,13128444.0
300515.SZ,20260727,20260727 10:35:57,三德科技,14.94,14.86,15.1,14.63,15.13,-1.2557832121612766,4580600,68004789.0
300516.SZ,20260727,20260727 10:35:57,久之洋,28.79,26.19,29.1,25.9,26.7,7.827715355805243,5531292,151569442.97
300517.SZ,20260727,20260727 10:35:54,海波重科,8.69,8.44,8.75,8.34,8.47,2.597402597402576,1552800,13315025.0
300518.SZ,20260727,20260727 10:35:57,新迅达,19.8,19.8,20.24,19.2,19.64,0.8146639511201537,3443840,68352553.4
300519.SZ,20260727,20260727 10:35:57,新光药业,12.99,12.5,13.07,12.37,12.42,4.589371980676327,2949100,37719533.0
300520.SZ,20260727,20260727 10:35:57,科大国创,23.91,22.66,24.0,22.4,22.31,7.171671896010756,7434562,174487762.38
300521.SZ,20260727,20260727 10:35:51,爱司凯,21.04,20.37,21.53,20.01,20.13,4.520615996025823,2092580,43686516.6
300522.SZ,20260727,20260727 10:35:57,世名科技,11.65,11.27,11.88,11.03,11.25,3.5555555555555562,9151460,105259258.4
300523.SZ,20260727,20260727 10:35:57,辰安科技,18.21,17.6,18.37,17.6,17.63,3.2898468519569013,1051200,19011611.0
300525.SZ,20260727,20260727 10:35:57,博思软件,7.66,7.45,7.67,7.4,7.45,2.8187919463087185,5990608,45411395.16
300527.SZ,20260727,20260727 10:35:51,ST应急,7.21,7.12,7.24,7.09,7.17,0.557880055788007,2768732,19882691.12
300528.SZ,20260727,20260727 10:35:57,幸福蓝海,14.08,14.02,14.45,13.3,13.28,6.024096385542177,12969990,179960345.2
300529.SZ,20260727,20260727 10:35:57,健帆生物,17.17,16.75,17.27,16.67,16.8,2.2023809523809668,3852361,65784445.23
300530.SZ,20260727,20260727 10:35:57,领湃科技,16.43,15.41,17.9,15.16,14.94,9.97322623828647,8596023,143582168.47
300531.SZ,20260727,20260727 10:35:57,优博讯,16.01,15.86,16.15,14.91,16.0,0.06250000000000977,11059599,170725677.04
300532.SZ,20260727,20260727 10:35:57,今天国际,6.71,6.46,6.72,6.41,6.51,3.0721966205837115,5514583,36485864.87
300533.SZ,20260727,20260727 10:35:57,冰川网络,13.31,12.95,13.35,12.9,12.94,2.8593508500772913,2334280,30741075.0
300534.SZ,20260727,20260727 10:35:57,陇神戎发,13.42,10.67,13.42,10.67,11.18,20.035778175313055,76378186,936862147.14
300535.SZ,20260727,20260727 10:35:54,达威股份,12.85,12.48,12.9,12.47,12.42,3.46215780998389,759100,9645882.0
300536.SZ,20260727,20260727 10:35:57,农尚环境,7.86,7.15,7.99,7.1,7.22,8.864265927977844,7864600,60113293.0
300537.SZ,20260727,20260727 10:35:57,广信材料,17.8,17.42,17.94,16.99,17.29,2.949681897050338,4223000,74168650.0
300538.SZ,20260727,20260727 10:35:57,同益股份,12.85,12.62,12.92,12.36,12.43,3.3789219629927647,2763300,35034351.0
300539.SZ,20260727,20260727 10:35:57,横河精密,17.62,16.82,17.65,16.82,16.88,4.383886255924185,2471043,42810365.53
300540.SZ,20260727,20260727 10:35:57,蜀道装备,29.82,29.36,30.38,28.47,30.2,-1.2582781456953573,7824300,231095679.6
300541.SZ,20260727,20260727 10:35:54,先进数通,10.0,9.77,10.02,9.65,9.83,1.729399796541209,4195954,41527642.44
300542.SZ,20260727,20260727 10:35:57,新晨科技,10.82,10.44,10.85,10.4,10.57,2.365184484389782,1970300,21027950.0
300543.SZ,20260727,20260727 10:35:54,朗科智能,6.87,6.57,6.89,6.55,6.62,3.776435045317217,2587800,17543486.0
300545.SZ,20260727,20260727 10:35:57,联得装备,25.26,24.88,25.48,24.35,24.89,1.4865407794294905,2237300,56013316.0
300546.SZ,20260727,20260727 10:35:57,雄帝科技,14.61,13.62,14.67,13.57,13.65,7.03296703296703,4341942,62287233.5
300547.SZ,20260727,20260727 10:35:57,川环科技,25.48,25.41,25.9,24.89,25.39,0.35447026388342184,2302200,58617981.0
300548.SZ,20260727,20260727 10:35:57,长芯博创,162.36,163.46,168.83,159.0,163.01,-0.3987485430341553,4973443,817568333.92
300549.SZ,20260727,20260727 10:35:54,优德精密,12.59,12.0,12.62,12.0,12.08,4.221854304635753,1189500,14750259.0
300550.SZ,20260727,20260727 10:35:57,和仁科技,10.4,10.16,10.49,10.1,10.12,2.7667984189723382,1726100,17848299.0
300551.SZ,20260727,20260727 10:35:57,古鳌科技,8.9,8.36,8.99,8.28,8.39,6.078665077473189,5626500,48635978.0
300552.SZ,20260727,20260727 10:35:57,万集科技,19.07,18.45,19.12,18.4,18.63,2.36178207192701,1405400,26549603.0
300553.SZ,20260727,20260727 10:35:57,集智股份,43.11,41.21,43.67,40.18,41.58,3.6796536796536827,2671570,112099280.2
300554.SZ,20260727,20260727 10:35:57,三超新材,18.52,17.72,18.61,17.72,18.14,2.094818081587646,1688700,30921492.4
300555.SZ,20260727,20260727 10:35:33,ST路通,12.08,11.82,12.08,11.76,11.81,2.28619813717188,467700,5577740.0
300556.SZ,20260727,20260727 10:35:57,丝路视觉,14.43,14.0,14.48,13.9,14.02,2.9243937232525052,2174200,31055684.0
300557.SZ,20260727,20260727 10:35:57,理工光科,24.89,25.02,25.02,24.25,24.9,-0.04016064257027496,1406680,34694256.9
300558.SZ,20260727,20260727 10:35:57,贝达药业,60.35,58.73,62.53,57.96,58.32,3.480795610425247,11209169,683058692.16
300559.SZ,20260727,20260727 10:35:51,佳发教育,10.19,10.27,10.3,10.01,10.27,-0.7789678675754641,2672500,27102878.0
300560.SZ,20260727,20260727 10:35:57,中富通,13.67,13.09,13.9,13.09,13.14,4.033485540334847,5934700,80581167.0
300561.SZ,20260727,20260727 10:35:57,汇金科技,17.21,16.31,17.37,16.01,16.95,1.5339233038348166,10654461,179480945.85
300562.SZ,20260727,20260727 10:35:57,乐心医疗,13.61,12.75,13.83,12.6,12.7,7.165354330708662,7114200,95512474.0
300563.SZ,20260727,20260727 10:35:57,神宇股份,21.6,20.83,21.68,20.8,21.07,2.5154247745609926,1004870,21426725.2
300564.SZ,20260727,20260727 10:35:45,筑博设计,11.25,10.97,11.44,10.97,10.96,2.6459854014598383,1070400,12041186.0
300565.SZ,20260727,20260727 10:35:57,科信技术,8.62,8.37,8.64,8.29,8.29,3.9806996381182236,4148100,35329318.0
300566.SZ,20260727,20260727 10:35:57,激智科技,24.46,24.21,25.09,23.18,24.44,0.08183306055646877,7376458,179118685.56
300567.SZ,20260727,20260727 10:35:57,精测电子,223.71,224.22,232.0,216.0,224.61,-0.4006945371978099,4801882,1080629864.27
300568.SZ,20260727,20260727 10:35:57,星源材质,12.46,12.16,12.5,12.06,12.04,3.488372093023262,24802026,305160214.48
300569.SZ,20260727,20260727 10:35:57,天能重工,4.75,4.61,4.76,4.6,4.6,3.260869565217406,6278081,29465045.92
300570.SZ,20260727,20260727 10:35:57,太辰光,136.67,136.8,139.93,132.55,135.93,0.5443978518354875,5350335,731263266.75
300571.SZ,20260727,20260727 10:35:57,平治信息,30.79,30.24,31.15,29.91,30.28,1.6842800528401591,3888093,119114968.81
300572.SZ,20260727,20260727 10:35:39,安车检测,17.75,17.38,17.85,17.16,17.38,2.128883774453394,2060300,36121108.0
300573.SZ,20260727,20260727 10:35:57,兴齐眼药,40.1,38.53,40.68,38.33,38.66,3.7247801345059672,3970900,158490960.8
300575.SZ,20260727,20260727 10:35:57,中旗股份,5.29,5.14,5.29,5.1,5.16,2.519379844961245,5372350,28084393.5
300576.SZ,20260727,20260727 10:35:57,容大感光,27.15,26.73,27.52,26.2,26.83,1.1926947446887715,8591866,231888024.65
300577.SZ,20260727,20260727 10:35:57,开润股份,16.82,15.76,17.14,15.76,16.18,3.95550061804697,7328900,121985002.0
300578.SZ,20260727,20260727 10:35:57,会畅科技,14.75,14.0,14.98,13.89,14.12,4.461756373937686,2306500,33541339.0
300579.SZ,20260727,20260727 10:35:57,数字认证,20.51,19.72,20.56,19.67,19.99,2.601300650325178,1519933,30793290.3
300580.SZ,20260727,20260727 10:35:57,贝斯特,19.3,17.98,19.95,17.86,17.98,7.341490545050067,9942747,190258405.02
300581.SZ,20260727,20260727 10:35:57,晨曦航空,9.68,9.34,9.75,9.04,9.56,1.2552301255229992,15269579,144626609.99
300582.SZ,20260727,20260727 10:35:57,英飞特,9.96,9.63,10.02,9.51,9.6,3.750000000000009,3149700,31084933.0
300583.SZ,20260727,20260727 10:35:42,赛托生物,11.28,10.86,11.38,10.86,10.95,3.013698630136985,1728400,19360941.86
300584.SZ,20260727,20260727 10:35:57,海辰药业,33.03,31.94,34.2,31.51,31.31,5.493452571063573,4354450,143605239.5
300585.SZ,20260727,20260727 10:35:57,奥联电子,12.8,12.01,13.2,12.01,12.18,5.090311986863716,3052400,38918805.0
300586.SZ,20260727,20260727 10:35:57,美联新材,7.79,7.55,7.89,7.42,7.52,3.590425531914909,11327962,87350793.28
300587.SZ,20260727,20260727 10:35:57,天铁科技,3.72,3.62,3.74,3.53,3.59,3.6211699164345523,15982900,58574860.0
300588.SZ,20260727,20260727 10:35:54,熙菱信息,20.48,19.78,20.6,19.78,19.77,3.591299949418314,1829300,37199918.0
300589.SZ,20260727,20260727 10:35:57,江龙船艇,12.56,12.04,12.63,11.7,12.25,2.5306122448979673,25592594,314266134.46
300590.SZ,20260727,20260727 10:35:57,移为通信,10.02,9.8,10.07,9.79,9.82,2.0366598778003953,7342300,72911664.0
300591.SZ,20260727,20260727 10:35:57,万里马,6.34,5.93,6.39,5.92,6.05,4.793388429752077,13919300,86079976.0
300592.SZ,20260727,20260727 10:35:57,华凯易佰,17.56,17.14,18.25,16.46,16.71,5.086774386594839,10295480,177869769.4
300593.SZ,20260727,20260727 10:35:57,新雷能,24.02,23.47,24.34,23.26,23.7,1.3502109704641274,9247508,219460558.91
300594.SZ,20260727,20260727 10:35:57,ST朗进,12.95,12.48,12.99,12.33,12.5,3.600000000000003,663800,8413361.0
300595.SZ,20260727,20260727 10:35:57,欧普康视,10.87,10.52,10.95,10.52,10.56,2.9356060606060552,7313830,79326588.5
300596.SZ,20260727,20260727 10:35:48,利安隆,38.4,37.76,38.77,37.11,37.75,1.7218543046357615,1941500,73984688.54
300597.SZ,20260727,20260727 10:35:57,吉大通信,6.9,6.63,6.91,6.6,6.67,3.4482758620689724,1893700,12887212.0
300598.SZ,20260727,20260727 10:35:57,诚迈科技,27.19,26.39,27.3,26.11,26.41,2.95342673229837,2233000,59891905.6
300599.SZ,20260727,20260727 10:35:54,雄塑科技,9.26,8.94,9.36,8.8,8.75,5.828571428571427,4313000,39319832.0
300600.SZ,20260727,20260727 10:35:57,国瑞科技,9.39,8.94,9.41,8.81,8.95,4.916201117318453,6438600,59022766.0
300601.SZ,20260727,20260727 10:35:57,康泰生物,12.03,11.78,12.1,11.62,11.72,2.6450511945392385,6906516,82518806.16
300602.SZ,20260727,20260727 10:35:57,飞荣达,36.73,35.38,38.0,34.6,35.38,3.815715093273009,12969883,477386926.73
300603.SZ,20260727,20260727 10:35:57,立昂技术,7.44,7.26,7.46,7.18,7.29,2.0576131687242816,3057650,22551464.07
300604.SZ,20260727,20260727 10:35:57,长川科技,300.99,301.88,312.14,284.01,303.5,-0.8270181219110384,16970192,5063981130.6
300605.SZ,20260727,20260727 10:35:57,恒锋信息,8.76,8.45,8.79,8.37,8.42,4.0380047505938155,2962400,25623499.0
300606.SZ,20260727,20260727 10:35:57,金太阳,33.33,32.66,33.88,32.33,32.5,2.553846153846151,4899399,162853602.46
300607.SZ,20260727,20260727 10:35:57,拓斯达,28.44,27.96,28.75,27.5,27.92,1.8624641833810962,9053614,255625627.3
300608.SZ,20260727,20260727 10:35:57,思特奇,9.6,8.95,9.78,8.95,9.01,6.548279689234193,12196096,116215066.43
300609.SZ,20260727,20260727 10:35:57,汇纳科技,24.18,23.39,24.49,23.15,23.71,1.9822859552931282,905700,21743826.0
300610.SZ,20260727,20260727 10:35:57,晨化股份,8.9,8.66,8.94,8.62,8.68,2.5345622119815836,2348400,20778149.0
300611.SZ,20260727,20260727 10:35:48,美力科技,23.56,23.22,23.73,23.04,23.22,1.4642549526270532,738800,17330949.0
300612.SZ,20260727,20260727 10:35:57,宣亚国际,10.75,10.4,10.77,10.3,10.3,4.3689320388349495,3508224,37193596.76
300613.SZ,20260727,20260727 10:35:57,富瀚微,59.55,57.97,61.5,56.95,58.38,2.0041109969167525,10505800,624541479.39
300614.SZ,20260727,20260727 10:35:54,百川畅银,9.05,8.74,9.1,8.52,8.82,2.6077097505669,1353500,12072256.0
300615.SZ,20260727,20260727 10:35:39,欣天科技,0.0,0.0,0.0,0.0,8.69,-100.0,0,0.0
300616.SZ,20260727,20260727 10:35:57,尚品宅配,9.31,9.0,9.33,8.91,9.02,3.2150776053215147,1742900,15990385.0
300617.SZ,20260727,20260727 10:35:57,安靠智电,42.89,39.99,43.0,39.62,40.43,6.08459065050706,3252800,136302286.0
300618.SZ,20260727,20260727 10:35:57,寒锐钴业,32.66,32.01,32.68,31.95,31.75,2.866141732283456,2328952,75399735.16
300619.SZ,20260727,20260727 10:35:57,金银河,23.62,23.5,23.68,22.99,23.11,2.2068368671570804,2061670,48152338.9
300620.SZ,20260727,20260727 10:35:57,光库科技,230.56,230.72,235.8,226.14,230.05,0.22169093675288298,3844345,889891282.87
300621.SZ,20260727,20260727 10:35:54,维业股份,6.16,5.92,6.18,5.89,5.92,4.054054054054057,2148100,13072847.0
300622.SZ,20260727,20260727 10:35:57,博士眼镜,13.86,13.45,13.93,13.18,13.65,1.538461538461533,4695862,63908301.14
300623.SZ,20260727,20260727 10:35:57,捷捷微电,26.17,25.79,26.55,25.35,26.02,0.5764796310530507,9513430,248112220.7
300624.SZ,20260727,20260727 10:35:57,万兴科技,45.6,44.48,45.82,43.8,44.38,2.748986029743117,2644013,118895962.64
300625.SZ,20260727,20260727 10:35:54,三雄极光,8.74,8.45,8.75,8.35,8.41,3.923900118906065,815500,7039421.0
300626.SZ,20260727,20260727 10:35:57,华瑞股份,29.0,27.97,29.59,27.0,27.92,3.86819484240688,6172560,175940866.4
300627.SZ,20260727,20260727 10:35:57,华测导航,27.08,26.67,27.16,26.59,26.76,1.195814648729443,2558800,68944181.44
300628.SZ,20260727,20260727 10:35:57,亿联网络,37.38,36.41,37.75,36.41,36.42,2.635914332784184,6783039,253582606.7
300629.SZ,20260727,20260727 10:35:57,新劲刚,17.02,16.54,17.09,16.35,16.64,2.2836538461538325,3010402,50615200.78
300631.SZ,20260727,20260727 10:35:57,久吾高科,19.28,18.7,19.32,18.6,18.6,3.6559139784946293,1127300,21433831.0
300632.SZ,20260727,20260727 10:35:57,光莆股份,16.83,15.93,16.98,15.9,16.06,4.794520547945202,7133307,118007871.61
300633.SZ,20260727,20260727 10:35:57,开立医疗,18.76,18.03,18.85,18.01,18.12,3.532008830022071,3009126,56046309.72
300634.SZ,20260727,20260727 10:35:54,彩讯股份,18.02,17.45,18.08,17.33,17.45,3.2664756446991516,3929880,69937469.37
300635.SZ,20260727,20260727 10:35:57,中达安,10.37,9.69,10.5,9.67,9.8,5.816326530612237,3771100,38137971.0
300636.SZ,20260727,20260727 10:35:57,同和药业,6.6,6.42,6.62,6.39,6.42,2.8037383177569986,2524747,16535580.67
300637.SZ,20260727,20260727 10:35:57,扬帆新材,7.77,7.47,7.78,7.35,7.51,3.462050599201061,1877700,14346314.0
300638.SZ,20260727,20260727 10:35:57,广和通,19.83,19.5,20.01,19.1,19.83,0.0,11947244,234651564.28
300639.SZ,20260727,20260727 10:35:57,凯普生物,5.37,5.11,5.41,5.08,5.39,-0.37105751391465214,19384863,101936720.01
300640.SZ,20260727,20260727 10:35:57,德艺文创,5.81,5.67,5.85,5.65,5.69,2.1089630931458547,4363200,25160629.0
300641.SZ,20260727,20260727 10:35:57,正丹股份,14.04,13.81,14.05,13.78,13.91,0.9345794392523255,1938964,27051492.95
300642.SZ,20260727,20260727 10:35:57,透景生命,11.83,11.1,11.9,11.04,11.22,5.43672014260248,2413000,27900285.0
300643.SZ,20260727,20260727 10:35:57,万通智控,19.63,19.99,20.1,19.34,19.9,-1.3567839195979925,5887200,115856339.0
300644.SZ,20260727,20260727 10:35:45,南京聚隆,19.83,19.15,19.9,18.9,19.04,4.1491596638655315,1224500,24015619.0
300645.SZ,20260727,20260727 10:35:57,正元智慧,11.41,11.06,11.44,11.02,11.1,2.7927927927927865,1612800,18160740.0
300647.SZ,20260727,20260727 10:35:57,超频三,4.94,4.76,4.95,4.75,4.73,4.439746300211422,6353300,30986448.0
300648.SZ,20260727,20260727 10:35:57,星云股份,32.82,31.18,33.09,31.18,31.18,5.259781911481731,2039800,66091561.0
300649.SZ,20260727,20260727 10:35:57,杭州园林,21.77,23.12,24.66,21.5,23.14,-5.920484010371652,4638700,104035351.0
300650.SZ,20260727,20260727 10:35:57,太龙股份,10.35,10.07,10.38,10.0,10.15,1.9704433497536922,2876100,29393499.0
300651.SZ,20260727,20260727 10:35:57,金陵体育,15.95,15.37,16.0,14.97,16.06,-0.6849315068493067,6540540,101869355.8
300652.SZ,20260727,20260727 10:35:57,雷迪克,27.26,26.55,27.39,26.28,26.5,2.8679245283018906,785500,21139012.0
300653.SZ,20260727,20260727 10:35:57,正海生物,13.8,13.52,13.85,13.37,13.54,1.9202363367799125,969609,13290896.89
300654.SZ,20260727,20260727 10:35:54,世纪天鸿,11.31,11.15,11.85,10.85,11.17,1.2533572068039511,10517170,119015256.0
300655.SZ,20260727,20260727 10:35:57,晶瑞电材,12.19,12.0,12.38,11.6,12.01,1.4987510407993287,33578685,405551187.42
300656.SZ,20260727,20260727 10:35:57,民德电子,23.74,23.19,23.99,22.45,23.08,2.859618717504331,2032200,47439346.0
300657.SZ,20260727,20260727 10:35:57,弘信电子,31.95,31.77,32.38,31.1,31.8,0.4716981132075526,8747280,279092186.34
300658.SZ,20260727,20260727 10:35:57,延江股份,9.87,9.41,9.98,9.28,9.36,5.448717948717952,6165580,60070158.4
300659.SZ,20260727,20260727 10:35:57,中孚信息,9.21,8.95,9.24,8.83,8.92,3.251121076233199,2968000,27045175.0
300660.SZ,20260727,20260727 10:35:57,江苏雷利,25.38,24.7,25.5,24.54,24.56,3.3387622149837037,2714082,68230485.95
300661.SZ,20260727,20260727 10:35:57,圣邦股份,97.97,99.82,100.93,96.0,100.41,-2.4300368489194257,7381738,726925699.52
300662.SZ,20260727,20260727 10:36:00,科锐国际,18.29,18.03,18.33,17.8,17.9,2.1787709497206764,2558300,46462569.0
300663.SZ,20260727,20260727 10:36:00,科蓝软件,7.41,7.15,7.43,6.92,7.27,1.925722145804687,21966208,157449267.19
300664.SZ,20260727,20260727 10:36:00,鹏鹞环保,4.42,4.34,4.43,4.3,4.36,1.3761467889908063,4590641,20125708.35
300665.SZ,20260727,20260727 10:36:00,飞鹿股份,8.19,7.73,8.27,7.73,7.81,4.865556978233032,5621800,45324287.0
300666.SZ,20260727,20260727 10:36:00,江丰电子,235.95,229.47,241.5,219.01,229.47,2.8238985488299173,11491020,2665979899.66
300667.SZ,20260727,20260727 10:36:00,必创科技,13.36,13.22,13.43,13.06,13.33,0.22505626406601476,2141800,28406062.0
300668.SZ,20260727,20260727 10:36:00,杰恩股份,37.02,36.33,37.69,35.3,36.06,2.66222961730449,2192800,80982858.0
300669.SZ,20260727,20260727 10:36:00,沪宁股份,21.02,20.88,21.34,20.35,20.57,2.1876519202722378,405350,8451739.0
300670.SZ,20260727,20260727 10:36:00,大烨智能,5.39,5.22,5.4,5.2,5.23,3.0592734225621365,2907800,15463886.0
300671.SZ,20260727,20260727 10:36:00,富满微,67.58,66.95,69.42,64.0,67.64,-0.08870490833826628,8373286,562775552.76
300672.SZ,20260727,20260727 10:36:00,国科微,149.52,148.14,154.82,141.75,145.24,2.9468465987331216,6051730,905397675.74
300673.SZ,20260727,20260727 10:35:57,佩蒂股份,11.45,11.08,11.49,11.05,11.04,3.71376811594204,1188200,13488028.0
300674.SZ,20260727,20260727 10:36:00,宇信科技,15.32,14.9,15.4,14.73,15.17,0.9887936717205115,8892760,134252024.96
300675.SZ,20260727,20260727 10:36:00,建科院,11.46,11.24,11.47,11.05,11.06,3.616636528028927,1180600,13391774.0
300676.SZ,20260727,20260727 10:36:00,华大基因,36.84,36.0,37.09,35.91,36.5,0.9315068493150669,2600200,95257481.0
300677.SZ,20260727,20260727 10:36:00,英科医疗,46.17,46.98,47.11,45.95,47.62,-3.0449391012179694,6003128,277974821.42
300678.SZ,20260727,20260727 10:36:00,中科信息,21.99,20.9,22.03,20.8,21.15,3.9716312056737646,4429050,96262858.5
300679.SZ,20260727,20260727 10:36:00,电连技术,41.45,40.0,43.03,39.98,39.86,3.988961364776733,12088697,504686489.74
300680.SZ,20260727,20260727 10:36:00,隆盛科技,20.48,19.72,20.55,19.6,19.76,3.6437246963562764,3630249,73461150.88
300681.SZ,20260727,20260727 10:36:00,英搏尔,20.59,19.6,20.98,19.59,19.61,4.99745028046914,6875027,139813016.53
300682.SZ,20260727,20260727 10:36:00,朗新科技,10.05,9.71,10.08,9.64,9.76,2.9713114754098546,7582367,75221237.93
300683.SZ,20260727,20260727 10:36:00,海特生物,26.71,25.41,27.17,25.22,25.6,4.335937499999987,4133300,109366147.96
300684.SZ,20260727,20260727 10:36:00,中石科技,51.96,47.32,54.1,46.4,46.4,11.98275862068967,13659641,693188489.48
300685.SZ,20260727,20260727 10:36:00,艾德生物,16.96,16.49,17.11,16.4,16.52,2.6634382566586012,3805817,64224026.28
300686.SZ,20260727,20260727 10:36:00,智动力,11.86,11.1,12.0,11.1,11.24,5.516014234875444,5385500,62444899.0
300687.SZ,20260727,20260727 10:36:00,赛意信息,21.31,21.68,21.68,20.9,21.78,-2.157943067033985,7862708,167571359.43
300688.SZ,20260727,20260727 10:36:00,创业黑马,26.64,25.39,26.93,25.3,25.03,6.432281262485007,5816800,152253478.0
300689.SZ,20260727,20260727 10:36:00,澄天伟业,53.66,53.73,54.79,52.13,54.1,-0.8133086876155327,1644500,87814293.0
300690.SZ,20260727,20260727 10:36:00,双一科技,20.22,19.3,20.23,19.28,19.45,3.9588688946015305,1153100,22953308.0
300691.SZ,20260727,20260727 10:35:57,联合光电,12.4,12.02,12.48,11.88,12.01,3.2472939217318864,2018417,24739072.93
300692.SZ,20260727,20260727 10:36:00,中赋科技,8.27,7.96,8.42,7.9,7.98,3.6340852130325674,13926790,114823441.9
300693.SZ,20260727,20260727 10:36:00,盛弘股份,35.23,34.59,35.34,34.24,34.33,2.6216137489076585,4251850,147777856.59
300694.SZ,20260727,20260727 10:36:00,蠡湖股份,9.77,9.37,9.79,9.37,9.36,4.380341880341887,2196100,21148032.0
300695.SZ,20260727,20260727 10:36:00,兆丰股份,44.8,42.62,45.23,41.81,42.21,6.1359867330016415,721105,31872755.6
300696.SZ,20260727,20260727 10:36:00,爱乐达,19.91,19.24,20.01,19.2,19.23,3.5361414456578144,2472300,48541608.0
300697.SZ,20260727,20260727 10:36:00,电工合金,13.15,12.77,13.17,12.71,12.79,2.814698983580932,2025080,26339724.6
300698.SZ,20260727,20260727 10:35:57,万马科技,23.23,22.56,23.28,22.0,22.56,2.969858156028371,1026100,23530115.0
300699.SZ,20260727,20260727 10:36:00,光威复材,24.93,24.4,24.97,24.38,24.51,1.7135862913096656,3904902,96835138.04
300700.SZ,20260727,20260727 10:36:00,岱勒新材,14.37,14.27,14.56,13.89,14.18,1.3399153737658542,3922255,55841267.5
300701.SZ,20260727,20260727 10:36:00,森霸传感,8.58,8.34,8.61,8.32,8.36,2.6315789473684292,1537565,13081016.81
300702.SZ,20260727,20260727 10:36:00,天宇股份,20.1,19.61,20.29,19.3,19.63,2.394294447274592,1502080,30046304.8
300703.SZ,20260727,20260727 10:36:00,创源股份,12.05,11.69,12.08,11.59,11.69,3.0795551753635797,2008700,23886092.0
300705.SZ,20260727,20260727 10:36:00,九典制药,10.51,10.12,10.56,10.11,10.15,3.5467980295566415,3653600,38072383.0
300706.SZ,20260727,20260727 10:36:00,阿石创,48.9,48.0,49.86,46.0,47.8,2.3012552301255207,5085400,245991786.0
300707.SZ,20260727,20260727 10:36:00,威唐工业,11.03,10.61,11.04,10.6,10.64,3.665413533834583,1959900,21247831.0
300708.SZ,20260727,20260727 10:36:00,聚灿光电,7.3,7.1,7.33,7.07,7.28,0.27472527472527375,8328779,60136792.49
300709.SZ,20260727,20260727 10:36:00,精研科技,35.08,34.36,35.62,33.64,34.46,1.7991874637260485,3366083,117447396.19
300710.SZ,20260727,20260727 10:35:57,万隆光电,25.93,25.12,26.1,25.05,25.64,1.1310452418096695,728000,18765155.0
300711.SZ,20260727,20260727 10:36:00,广哈通信,14.43,14.0,14.47,13.94,14.14,2.0509193776520496,1379700,19701833.0
300712.SZ,20260727,20260727 10:35:57,永福股份,20.73,20.42,20.99,20.25,20.55,0.8759124087591275,560100,11511676.0
300713.SZ,20260727,20260727 10:35:57,英可瑞,11.75,11.2,11.78,11.2,11.25,4.444444444444451,2079200,24075698.0
300715.SZ,20260727,20260727 10:36:00,凯伦股份,11.86,11.65,12.0,11.6,11.74,1.0221465076660996,3807200,44975169.0
300716.SZ,20260727,20260727 10:36:00,*ST泉为,16.02,15.48,16.09,15.11,15.69,2.103250478011476,1084400,16883256.0
300717.SZ,20260727,20260727 10:35:57,华信新材,16.73,16.36,16.88,16.1,16.65,0.480480480480483,1696800,28075642.0
300718.SZ,20260727,20260727 10:36:00,长盛轴承,54.66,53.41,55.24,53.0,53.13,2.8797289666854686,2458800,134030629.0
300719.SZ,20260727,20260727 10:36:00,安达维尔,11.05,10.68,11.08,10.59,10.62,4.048964218455753,2611900,28430414.0
300720.SZ,20260727,20260727 10:36:00,海川智能,60.46,61.0,62.88,58.3,61.48,-1.6590761223161943,7113850,431142708.15
300721.SZ,20260727,20260727 10:36:00,怡达股份,21.17,20.71,21.44,20.43,20.91,1.2434241989478734,4053877,84965001.26
300722.SZ,20260727,20260727 10:36:00,新余国科,20.86,20.21,20.96,19.8,20.68,0.8704061895551174,3665582,75118046.4
300723.SZ,20260727,20260727 10:36:00,一品红,35.26,33.52,35.95,33.41,33.85,4.165435745937951,6471171,226485742.01
300724.SZ,20260727,20260727 10:36:00,捷佳伟创,56.84,55.74,56.9,55.41,55.76,1.9368723098995844,3269010,184035721.08
300725.SZ,20260727,20260727 10:36:00,药石科技,38.57,37.46,39.4,37.12,37.46,2.9631607047517328,9008002,346994204.47
300726.SZ,20260727,20260727 10:36:00,宏达电子,49.55,48.81,50.45,47.95,48.46,2.2492777548493548,5611584,277429741.71
300727.SZ,20260727,20260727 10:36:00,润禾材料,26.51,26.0,26.76,25.87,26.18,1.26050420168069,849400,22399655.0
300729.SZ,20260727,20260727 10:35:48,乐歌股份,9.74,9.53,9.78,9.5,9.58,1.6701461377870652,789000,7651057.0
300730.SZ,20260727,20260727 10:35:57,科创信息,10.96,10.72,11.0,10.52,10.6,3.396226415094361,2051800,22287550.0
300731.SZ,20260727,20260727 10:36:00,科创新源,34.99,35.04,35.96,34.42,34.97,0.05719187875321552,2940780,103676738.0
300732.SZ,20260727,20260727 10:36:00,设研院,5.52,5.31,5.54,5.31,5.35,3.1775700934579376,3638884,19887832.0
300733.SZ,20260727,20260727 10:35:57,西菱动力,12.13,12.19,12.38,11.92,12.38,-2.0193861066235885,3962750,48206144.7
300735.SZ,20260727,20260727 10:36:00,光弘科技,19.02,18.93,19.2,18.52,18.75,1.4399999999999968,5031039,95352166.78
300736.SZ,20260727,20260727 10:36:00,百邦科技,28.19,27.0,28.32,26.52,27.18,3.715967623252392,2316963,64226149.55
300737.SZ,20260727,20260727 10:36:00,科顺股份,4.66,4.54,4.69,4.52,4.55,2.417582417582431,8293100,38266448.0
300738.SZ,20260727,20260727 10:36:00,奥飞数据,21.14,20.67,21.47,20.4,20.8,1.6346153846153788,29356582,617793711.46
300739.SZ,20260727,20260727 10:36:00,明阳电路,21.23,20.98,21.47,20.49,20.88,1.676245210727978,3548252,74834709.79
300740.SZ,20260727,20260727 10:36:00,水羊股份,19.09,17.16,19.17,17.08,17.01,12.228101116989997,22633446,408678398.19
300741.SZ,20260727,20260727 10:36:00,华宝股份,12.33,12.1,12.34,12.01,12.1,1.900826446281001,1144000,14005849.0
300743.SZ,20260727,20260727 10:36:00,天地数码,13.33,12.95,13.39,12.91,13.0,2.538461538461534,1492300,19674117.0
300745.SZ,20260727,20260727 10:36:00,欣锐科技,28.17,28.66,28.86,27.49,28.12,0.17780938833571458,2962700,83704559.0
300746.SZ,20260727,20260727 10:35:57,汉嘉数智,10.22,10.08,10.22,9.94,9.97,2.507522567703102,712600,7199221.0
300747.SZ,20260727,20260727 10:36:00,锐科激光,33.82,33.22,34.26,32.6,33.19,1.8981620970171864,9465053,318675470.26
300748.SZ,20260727,20260727 10:36:00,金力永磁,24.52,24.22,24.6,24.1,24.23,1.1968633924886563,8777626,213769772.46
300749.SZ,20260727,20260727 10:36:00,顶固集创,17.33,17.3,17.45,16.77,17.11,1.2857977790765585,1053000,18042707.0
300750.SZ,20260727,20260727 10:36:00,宁德时代,399.87,398.01,403.6,394.0,383.01,4.401973838803164,25085773,9981410182.97
300751.SZ,20260727,20260727 10:36:00,迈为股份,179.68,182.39,183.36,175.36,181.3,-0.8935466078323295,2412595,433096580.59
300752.SZ,20260727,20260727 10:36:00,隆利科技,9.41,9.07,9.49,8.85,8.97,4.905239687848373,4867920,45056246.8
300753.SZ,20260727,20260727 10:36:00,爱朋医疗,21.91,18.5,21.91,18.5,18.26,19.989047097480817,14344811,301965712.82
300755.SZ,20260727,20260727 10:36:00,华致酒行,10.59,10.32,10.62,10.22,10.3,2.8155339805825186,1627300,17082339.0
300756.SZ,20260727,20260727 10:36:00,金马游乐,24.69,24.13,24.8,23.92,24.13,2.320762536261922,1055400,25881883.8
300757.SZ,20260727,20260727 10:36:00,罗博特科,415.02,413.28,427.0,407.98,411.96,0.7427905621905095,2315563,966007845.37
300758.SZ,20260727,20260727 10:36:00,七彩化学,9.57,9.15,9.59,9.15,9.15,4.590163934426239,3843100,36196709.0
300759.SZ,20260727,20260727 10:36:00,康龙化成,39.16,38.41,40.96,38.21,38.53,1.6350895406176846,43765222,1737924042.65
300760.SZ,20260727,20260727 10:36:00,迈瑞医疗,148.39,145.65,149.28,145.5,146.38,1.3731384068861763,3554739,527044813.82
300761.SZ,20260727,20260727 10:36:00,立华股份,18.24,17.81,18.45,17.75,17.87,2.0705092333519692,4202800,76722637.99
300762.SZ,20260727,20260727 10:36:00,上海瀚讯,30.11,28.2,30.49,28.0,27.45,9.690346083788715,22418342,660620435.02
300763.SZ,20260727,20260727 10:36:00,锦浪科技,63.96,63.9,64.41,62.26,63.69,0.42392840320302216,6244220,395587700.34
300765.SZ,20260727,20260727 10:36:00,石药创新,36.71,36.43,37.99,36.43,36.9,-0.5149051490514811,7087616,262731307.52
300766.SZ,20260727,20260727 10:36:00,每日互动,20.78,20.08,20.96,19.68,20.38,1.962708537782154,13910101,282912521.1
300767.SZ,20260727,20260727 10:36:00,震安科技,15.94,14.81,16.13,14.72,14.7,8.435374149659868,6060556,94553609.95
300768.SZ,20260727,20260727 10:35:57,迪普科技,15.89,15.67,16.15,15.56,15.78,0.6970849176172411,5661047,90192616.63
300769.SZ,20260727,20260727 10:36:00,德方纳米,44.72,43.73,44.79,43.0,42.16,6.072106261859589,9956335,437331825.51
300770.SZ,20260727,20260727 10:35:45,新媒股份,33.39,32.85,33.5,32.6,32.85,1.6438356164383494,852886,28362728.18
300771.SZ,20260727,20260727 10:36:00,智莱科技,10.53,10.19,10.55,10.16,10.32,2.034883720930214,1471019,15382462.07
300772.SZ,20260727,20260727 10:36:00,运达股份,11.59,11.2,11.59,11.16,11.16,3.853046594982068,9450557,107703769.12
300773.SZ,20260727,20260727 10:36:00,拉卡拉,14.48,14.03,14.53,13.92,14.17,2.1877205363443952,13299560,190065536.64
300774.SZ,20260727,20260727 10:36:00,倍杰特,9.39,9.29,9.43,9.11,9.2,2.0652173913043637,3892100,36153462.0
300775.SZ,20260727,20260727 10:36:00,三角防务,20.19,19.69,20.26,19.5,19.85,1.7128463476070444,6138606,122707461.43
300776.SZ,20260727,20260727 10:36:00,帝尔激光,115.62,112.73,118.17,112.73,110.56,4.576700434153413,5638918,652580662.97
300777.SZ,20260727,20260727 10:36:00,中简科技,23.25,22.3,23.3,22.3,22.39,3.8410004466279624,3752569,86257005.33
300778.SZ,20260727,20260727 10:36:00,新城市,9.3,8.92,9.32,8.92,8.95,3.9106145251396773,1432100,13154000.0
300779.SZ,20260727,20260727 10:36:00,惠城环保,78.0,70.28,78.74,70.28,77.22,1.0101010101010166,13079242,983950044.65
300780.SZ,20260727,20260727 10:36:00,德恩精工,19.66,18.87,19.74,18.48,18.82,4.463336875664181,3179400,61063413.0
300781.SZ,20260727,20260727 10:35:57,因赛集团,23.78,23.06,23.92,22.71,22.89,3.8881607688947106,1847074,43323865.38
300782.SZ,20260727,20260727 10:36:00,卓胜微,72.08,71.44,72.88,69.5,71.0,1.5211267605633738,5006425,357888351.95
300783.SZ,20260727,20260727 10:36:00,三只松鼠,16.36,15.94,16.44,15.91,15.94,2.634880803011286,2482375,40384259.0
300784.SZ,20260727,20260727 10:35:57,利安科技,36.64,34.98,36.84,34.98,35.08,4.446978335233753,370400,13364494.0
300785.SZ,20260727,20260727 10:36:00,值得买,32.94,32.08,33.09,31.66,32.15,2.457231726283049,2045600,66499954.0
300786.SZ,20260727,20260727 10:36:00,国林科技,15.0,14.63,15.12,14.02,14.46,3.734439834024883,9545500,140350262.0
300787.SZ,20260727,20260727 10:36:00,海能实业,7.79,7.6,7.81,7.43,7.54,3.3156498673740042,1777100,13692446.0
300788.SZ,20260727,20260727 10:35:57,中信出版,23.12,22.9,23.28,22.65,22.6,2.3008849557522026,810400,18682465.0
300789.SZ,20260727,20260727 10:36:00,唐源电气,16.48,15.35,16.55,15.35,15.2,8.421052631578952,3007800,48338911.0
300790.SZ,20260727,20260727 10:36:00,宇瞳光学,16.49,15.95,16.87,15.95,15.89,3.7759597230962783,11158723,184454112.84
300791.SZ,20260727,20260727 10:35:57,仙乐健康,16.0,15.63,16.07,15.52,15.63,2.3672424824056293,654100,10370618.0
300792.SZ,20260727,20260727 10:36:00,壹网壹创,22.16,21.58,22.34,21.32,21.42,3.4547152194210895,2198700,48244646.0
300793.SZ,20260727,20260727 10:36:00,佳禾智能,10.49,10.09,10.53,10.03,10.08,4.067460317460325,4164800,43215871.0
300795.SZ,20260727,20260727 10:36:00,米奥会展,12.41,10.52,12.66,10.28,11.07,12.104787714543818,29160214,335119428.3
300796.SZ,20260727,20260727 10:36:00,贝斯美,6.12,6.01,6.13,5.97,6.02,1.661129568106312,2031200,12357295.0
300797.SZ,20260727,20260727 10:36:00,钢研纳克,11.62,11.45,11.64,11.39,11.45,1.4847161572052459,1048000,12084662.0
300798.SZ,20260727,20260727 10:36:00,锦鸡股份,6.24,5.93,6.26,5.92,5.98,4.347826086956519,6981000,42910881.0
300800.SZ,20260727,20260727 10:35:57,力合科技,8.89,8.67,8.92,8.62,8.64,2.893518518518512,1341400,11824280.0
300801.SZ,20260727,20260727 10:36:00,泰和科技,24.33,22.44,25.44,22.22,22.75,6.945054945054929,13057906,316507481.12
300802.SZ,20260727,20260727 10:36:00,矩子科技,21.7,18.89,22.15,18.6,18.93,14.632857897517159,11805309,240567998.68
300803.SZ,20260727,20260727 10:36:00,指南针,75.03,73.96,76.34,73.5,73.96,1.4467279610600459,8215165,615820770.14
300804.SZ,20260727,20260727 10:36:00,广康生化,35.79,35.4,36.09,34.8,36.15,-0.9958506224066355,1369300,48380166.58
300805.SZ,20260727,20260727 10:36:00,电声股份,7.66,7.37,7.72,7.2,7.48,2.4064171122994527,9459972,71013281.28
300806.SZ,20260727,20260727 10:36:00,斯迪克,44.33,41.0,45.81,40.69,41.1,7.858880778588806,22520985,977663215.09
300807.SZ,20260727,20260727 10:35:57,天迈科技,34.39,33.7,34.55,33.4,33.99,1.1768167107972793,290000,9925443.0
300808.SZ,20260727,20260727 10:36:00,久量股份,17.03,16.46,17.14,16.37,16.46,3.4629404617253945,971100,16285207.0
300809.SZ,20260727,20260727 10:36:00,华辰装备,21.84,21.6,21.93,21.0,21.28,2.631578947368407,1594700,34558243.2
300810.SZ,20260727,20260727 10:35:57,中科海讯,23.11,21.88,23.22,21.5,22.04,4.854809437386565,1670679,37974362.65
300811.SZ,20260727,20260727 10:36:00,铂科新材,63.45,63.39,65.22,61.99,63.19,0.41145750909954426,4827202,307447101.7
300812.SZ,20260727,20260727 10:36:00,易天股份,17.86,17.11,18.04,17.03,17.26,3.476245654692911,3712920,65514857.0
300813.SZ,20260727,20260727 10:35:57,泰林生物,17.81,16.94,17.85,16.94,17.08,4.27400468384076,844700,14803696.0
300814.SZ,20260727,20260727 10:36:00,中富电路,132.82,131.9,138.87,127.12,132.86,-0.030106879421964994,3703116,493895681.23
300815.SZ,20260727,20260727 10:36:00,玉禾田,15.91,16.2,16.3,15.64,15.5,2.645161290322573,6373700,100907910.8
300816.SZ,20260727,20260727 10:36:00,艾可蓝,48.06,46.8,48.23,46.25,46.87,2.538937486665249,865400,41049607.0
300817.SZ,20260727,20260727 10:36:00,双飞集团,14.05,13.38,14.1,13.34,13.65,2.930402930402942,982536,13725449.44
300818.SZ,20260727,20260727 10:36:00,耐普矿机,19.59,19.76,20.77,19.46,19.8,-1.0606060606060619,4038149,80145706.69
300819.SZ,20260727,20260727 10:36:00,聚杰微纤,44.25,43.3,45.0,42.4,43.07,2.739726027397249,1444800,63498876.0
300820.SZ,20260727,20260727 10:36:00,英杰电气,50.39,50.0,51.55,49.41,50.36,0.05957108816521117,1639550,83006285.0
300821.SZ,20260727,20260727 10:36:00,东岳硅材,15.75,15.39,15.97,15.05,15.5,1.6129032258064502,28647193,445683629.9
300822.SZ,20260727,20260727 10:36:00,贝仕达克,10.56,10.23,10.58,10.13,10.17,3.834808259587019,2261200,23511740.0
300823.SZ,20260727,20260727 10:35:57,建科智能,13.27,12.75,13.33,12.56,12.67,4.735595895816891,2029020,26518911.2
300824.SZ,20260727,20260727 10:36:00,北鼎股份,7.29,6.94,7.32,6.94,7.03,3.69843527738265,2237500,16081928.0
300825.SZ,20260727,20260727 10:36:00,阿尔特,9.98,9.62,10.19,9.53,9.61,3.8501560874089513,14598815,144192306.0
300826.SZ,20260727,20260727 10:36:00,测绘股份,11.56,11.45,11.79,11.36,11.5,0.521739130434784,4769424,55448426.76
300827.SZ,20260727,20260727 10:36:00,上能电气,24.62,24.04,24.68,24.02,24.03,2.455264253017053,5881888,143254795.28
300828.SZ,20260727,20260727 10:36:00,锐新科技,14.26,13.79,14.29,13.62,13.69,4.163623082542012,1456900,20444464.0
300829.SZ,20260727,20260727 10:35:57,金丹科技,13.32,12.94,13.35,12.94,13.02,2.304147465437789,733700,9695239.0
300830.SZ,20260727,20260727 10:36:00,金现代,7.5,7.19,7.52,7.15,7.21,4.022191400832176,4781700,35368753.0
300831.SZ,20260727,20260727 10:35:57,ST派瑞,14.8,14.25,15.18,14.16,14.49,2.139406487232587,3138100,46437758.0
300832.SZ,20260727,20260727 10:36:00,新产业,46.77,47.94,48.32,46.65,48.32,-3.20778145695364,3751799,176680593.54
300833.SZ,20260727,20260727 10:35:54,浩洋股份,32.92,31.96,33.05,31.96,32.1,2.55451713395638,395200,12908131.0
300834.SZ,20260727,20260727 10:35:57,星辉环材,38.19,38.0,38.6,37.31,38.64,-1.164596273291929,1218996,46443478.76
300835.SZ,20260727,20260727 10:36:00,龙磁科技,138.47,136.27,141.08,131.51,134.73,2.7759222147999862,1805800,247749172.0
300836.SZ,20260727,20260727 10:36:00,佰奥智能,59.39,56.72,59.88,55.81,57.5,3.286956521739137,702400,41070204.0
300837.SZ,20260727,20260727 10:35:42,浙矿股份,20.51,19.85,20.58,19.85,19.9,3.0653266331658546,815200,16566874.0
300838.SZ,20260727,20260727 10:36:00,浙江力诺,11.68,11.28,11.73,11.18,11.39,2.5460930640913038,1160900,13402902.0
300839.SZ,20260727,20260727 10:36:00,博汇股份,10.07,9.61,10.11,9.5,9.94,1.307847082494984,4875700,48153071.44
300840.SZ,20260727,20260727 10:36:00,酷特智能,15.81,14.9,16.16,14.9,14.9,6.1073825503355605,4264300,66613636.0
300841.SZ,20260727,20260727 10:36:00,康华生物,44.24,42.81,44.68,42.31,42.86,3.219785347643489,1283155,56370917.46
300842.SZ,20260727,20260727 10:36:00,帝科股份,55.29,54.11,55.89,53.28,54.28,1.8607221812822372,1864954,102315756.36
300843.SZ,20260727,20260727 10:36:00,胜蓝股份,125.61,114.62,128.65,114.18,113.5,10.669603524229077,6313743,776338239.9
300844.SZ,20260727,20260727 10:35:57,山水比德,20.49,19.63,20.67,19.63,19.86,3.1722054380664666,427800,8643478.0
300845.SZ,20260727,20260727 10:35:54,捷安高科,10.15,9.9,10.33,9.84,9.92,2.318548387096775,2859974,29038218.16
300846.SZ,20260727,20260727 10:36:00,首都在线,18.48,17.93,18.68,17.69,18.11,2.043070127001667,11925009,217476140.21
300847.SZ,20260727,20260727 10:36:00,中船汉光,14.37,13.8,14.46,13.75,14.23,0.9838369641602229,5265672,74799725.86
300848.SZ,20260727,20260727 10:35:57,美瑞新材,12.29,12.3,12.38,12.2,12.26,0.2446982055464897,1062600,13066112.0
300849.SZ,20260727,20260727 10:36:00,锦盛新材,17.62,17.13,17.83,17.03,17.38,1.3808975834292303,659700,11619687.0
300850.SZ,20260727,20260727 10:36:00,新强联,27.22,26.0,27.57,25.6,25.85,5.299806576402322,14747664,398786656.57
300851.SZ,20260727,20260727 10:35:57,交大思诺,21.35,20.6,21.4,20.55,20.74,2.941176470588247,568300,12014316.0
300852.SZ,20260727,20260727 10:36:00,四会富仕,38.75,38.13,39.35,37.5,37.91,2.215774202057519,2761369,106673189.62
300853.SZ,20260727,20260727 10:36:00,申昊科技,21.3,20.72,21.38,20.67,21.0,1.4285714285714235,1599200,33677274.0
300854.SZ,20260727,20260727 10:36:00,中兰环保,14.25,14.16,14.37,13.92,14.34,-0.6276150627615107,3191916,45224330.6
300855.SZ,20260727,20260727 10:36:00,图南股份,26.91,26.74,27.25,26.36,26.43,1.8161180476730987,1963828,52690730.76
300856.SZ,20260727,20260727 10:35:54,科思股份,10.5,10.25,10.55,10.23,10.27,2.2395326192794496,1779340,18581955.4
300857.SZ,20260727,20260727 10:36:00,协创数据,222.0,226.0,231.9,220.0,230.4,-3.645833333333337,8762004,1980519134.66
300858.SZ,20260727,20260727 10:36:00,科拓生物,13.44,13.13,13.47,13.04,13.03,3.1465848042977695,1260701,16812125.05
300859.SZ,20260727,20260727 10:36:00,西域旅游,24.45,23.87,24.72,23.72,23.72,3.0775716694772415,1579400,38646317.0
300860.SZ,20260727,20260727 10:36:00,锋尚文化,23.04,23.0,23.43,22.87,23.08,-0.17331022530329143,1322500,30598380.0
300861.SZ,20260727,20260727 10:35:57,美畅股份,15.62,15.32,15.69,15.0,15.25,2.426229508196709,5828552,90036550.52
300862.SZ,20260727,20260727 10:35:42,蓝盾光电,0.0,0.0,0.0,0.0,19.01,-100.0,0,0.0
300863.SZ,20260727,20260727 10:36:00,卡倍亿,35.28,35.2,35.64,34.28,35.19,0.2557544757033403,2557870,89798290.07
300864.SZ,20260727,20260727 10:36:00,南大环境,18.1,17.46,18.17,17.45,17.58,2.9579067121729308,929100,16731811.0
300865.SZ,20260727,20260727 10:36:00,大宏立,21.0,20.0,21.01,20.0,20.21,3.9089559623948444,629214,12983463.6
300866.SZ,20260727,20260727 10:36:00,安克创新,116.96,114.0,117.69,112.41,114.26,2.363031682128458,1311200,151923627.7
300867.SZ,20260727,20260727 10:36:00,圣元环保,15.67,15.15,15.74,15.15,15.22,2.9566360052562413,2110900,32902738.0
300868.SZ,20260727,20260727 10:36:00,杰美特,79.85,80.92,85.88,78.03,80.0,-0.1875000000000071,2329500,188337573.0
300869.SZ,20260727,20260727 10:36:00,康泰医学,10.58,10.2,10.59,10.2,10.26,3.1189083820662766,2101500,22019149.0
300870.SZ,20260727,20260727 10:36:00,欧陆通,201.3,204.0,209.55,199.48,202.97,-0.8227816918756403,2730291,559125445.44
300871.SZ,20260727,20260727 10:35:54,回盛生物,20.71,20.0,20.85,19.92,20.13,2.8812717337307614,1917418,39335914.6
300872.SZ,20260727,20260727 10:36:00,天阳科技,14.07,13.93,14.15,13.72,13.95,0.8602150537634579,3783500,52879947.2
300873.SZ,20260727,20260727 10:36:00,海晨股份,16.13,15.9,16.4,15.5,15.9,1.4465408805031332,6861481,109298640.0
300875.SZ,20260727,20260727 10:36:00,捷强装备,33.01,30.77,33.99,30.28,32.81,0.6095702529716363,6675408,215763203.44
300876.SZ,20260727,20260727 10:36:00,蒙泰高新,13.23,12.73,13.25,12.25,12.65,4.584980237154146,1289298,16746729.92
300877.SZ,20260727,20260727 10:36:00,金春股份,21.97,21.99,22.46,21.66,21.62,1.618871415356149,740900,16278006.0
300878.SZ,20260727,20260727 10:35:57,维康药业,29.19,27.5,30.31,27.25,27.33,6.805708013172351,2500200,72599275.76
300879.SZ,20260727,20260727 10:35:54,大叶股份,15.04,14.62,15.07,14.52,14.63,2.8024606971975174,1675956,24854240.72
300880.SZ,20260727,20260727 10:36:00,迦南智能,17.55,17.33,17.56,17.19,17.24,1.7981438515081383,989000,17235991.0
300881.SZ,20260727,20260727 10:35:54,盛德鑫泰,32.03,31.3,32.29,31.2,31.65,1.2006319115323905,653800,20900940.0
300882.SZ,20260727,20260727 10:36:00,万胜智能,14.08,13.62,14.1,13.57,13.7,2.7737226277372296,1219100,17007416.0
300883.SZ,20260727,20260727 10:36:00,龙利得,5.18,4.99,5.18,4.95,5.01,3.3932135728542923,3221555,16360386.6
300884.SZ,20260727,20260727 10:36:00,狄耐克,10.75,9.91,10.77,9.91,9.98,7.715430861723438,4027920,42189525.8
300885.SZ,20260727,20260727 10:36:00,海昌新材,19.33,18.5,19.48,18.5,18.45,4.769647696476964,1946089,37196963.25
300886.SZ,20260727,20260727 10:35:57,华业香料,20.51,19.45,20.65,19.45,19.66,4.323499491353,678680,13752270.2
300887.SZ,20260727,20260727 10:35:57,谱尼测试,6.77,6.35,6.79,6.35,6.39,5.946791862284817,5063992,33588959.18
300888.SZ,20260727,20260727 10:36:00,稳健医疗,29.34,28.8,29.48,28.6,28.88,1.5927977839335306,1563240,45647544.25
300889.SZ,20260727,20260727 10:35:51,爱克股份,17.53,16.79,17.7,16.7,16.79,4.4073853484216885,1890400,32766837.0
300890.SZ,20260727,20260727 10:36:00,翔丰华,25.02,24.1,25.09,23.99,23.95,4.4676409185803845,2603332,64174064.83
300891.SZ,20260727,20260727 10:36:00,惠云钛业,6.38,6.17,6.4,6.04,6.22,2.5723472668810254,7602202,47714338.39
300892.SZ,20260727,20260727 10:35:54,品渥食品,18.79,18.11,18.84,17.84,18.15,3.526170798898076,951050,17589562.5
300893.SZ,20260727,20260727 10:36:00,松原安全,14.9,14.4,14.91,14.25,14.39,3.5441278665740095,965700,14155632.0
300894.SZ,20260727,20260727 10:36:00,火星人,9.21,8.86,9.27,8.6,8.86,3.950338600451486,3877300,34773859.0
300895.SZ,20260727,20260727 10:35:57,铜牛信息,48.8,48.45,50.3,47.31,49.03,-0.4691005506832657,3614139,176578107.22
300896.SZ,20260727,20260727 10:36:00,爱美客,103.69,97.92,104.85,97.14,98.6,5.162271805273844,4279920,435999080.48
300897.SZ,20260727,20260727 10:35:57,山科智能,14.94,12.52,14.94,12.46,12.45,19.999999999999996,4818126,68555166.12
300898.SZ,20260727,20260727 10:35:54,熊猫乳品,18.25,17.9,18.37,17.7,17.79,2.5857223159078124,1569400,28492282.0
300899.SZ,20260727,20260727 10:35:54,上海凯鑫,25.29,24.6,25.59,24.36,24.6,2.804878048780468,269600,6807541.0
300900.SZ,20260727,20260727 10:36:00,广联航空,22.57,21.75,22.76,21.37,21.77,3.674781809830052,6545471,145348667.13
300901.SZ,20260727,20260727 10:36:00,中胤时尚,12.8,12.2,13.07,12.13,12.21,4.832104832104833,1830400,23246156.0
300902.SZ,20260727,20260727 10:35:57,国安达,14.1,13.51,14.43,13.32,13.43,4.988830975428149,2393377,33561760.47
300903.SZ,20260727,20260727 10:36:00,科翔股份,60.68,60.82,62.72,55.88,60.78,-0.16452780519907728,10724397,640878596.07
300904.SZ,20260727,20260727 10:36:00,威力传动,36.55,35.08,36.68,35.07,35.5,2.9577464788732355,551387,19868478.72
300905.SZ,20260727,20260727 10:36:00,宝丽迪,37.43,36.16,37.92,36.16,36.57,2.3516543614984897,1949165,72705941.85
300906.SZ,20260727,20260727 10:35:42,日月明,23.23,22.34,23.62,22.34,22.02,5.495004541326076,1246600,28938350.0
300907.SZ,20260727,20260727 10:36:00,康平科技,39.29,38.68,39.63,37.62,38.4,2.317708333333335,937800,36496834.0
300908.SZ,20260727,20260727 10:36:00,仲景食品,22.29,22.0,22.38,21.86,21.97,1.4565316340464207,390444,8687111.8
300909.SZ,20260727,20260727 10:36:00,汇创达,42.14,41.3,42.74,39.95,40.86,3.132648066568766,1250700,52197005.0
300910.SZ,20260727,20260727 10:35:57,瑞丰新材,28.43,28.18,28.47,28.15,28.18,0.8871540099361308,1387510,39264581.2
300911.SZ,20260727,20260727 10:36:00,亿田智能,18.98,19.44,19.49,18.12,18.13,4.68836183121899,8662767,162894395.69
300912.SZ,20260727,20260727 10:36:00,凯龙高科,23.75,22.62,24.38,22.28,22.31,6.454504706409692,4131600,97074905.73
300913.SZ,20260727,20260727 10:36:00,兆龙互连,33.66,33.01,33.94,32.94,33.0,1.9999999999999796,2413220,80889581.75
300915.SZ,20260727,20260727 10:35:54,海融科技,18.11,17.6,18.16,17.53,17.7,2.3163841807909646,299850,5396311.0
300916.SZ,20260727,20260727 10:36:00,朗特智能,18.95,18.06,19.2,17.89,18.72,1.2286324786324743,3435600,64487018.0
300917.SZ,20260727,20260727 10:36:00,特发服务,24.59,23.56,24.79,23.42,23.62,4.1066892464013405,3982100,97296158.18
300918.SZ,20260727,20260727 10:35:57,南山智尚,9.59,9.21,9.6,9.21,9.27,3.4519956850054045,3247918,30888755.7
300919.SZ,20260727,20260727 10:36:00,中伟新材,40.59,40.48,41.0,40.0,39.96,1.5765765765765938,6611144,267396094.14
300920.SZ,20260727,20260727 10:36:00,润阳科技,28.88,27.36,29.3,26.66,27.4,5.40145985401459,1217690,34575158.7
300921.SZ,20260727,20260727 10:36:00,南凌科技,13.45,12.94,13.53,12.88,13.02,3.3026113671274837,3389904,45001015.24
300922.SZ,20260727,20260727 10:36:00,天秦装备,15.91,15.27,16.09,14.71,16.16,-1.5470297029702929,7604405,117514446.23
300923.SZ,20260727,20260727 10:35:54,研奥股份,19.94,19.16,20.0,18.69,19.2,3.8541666666666696,596700,11744952.0
300925.SZ,20260727,20260727 10:36:00,法本信息,13.84,13.36,13.87,13.32,13.48,2.6706231454005858,2860923,39137090.84
300926.SZ,20260727,20260727 10:36:00,博俊科技,16.54,16.2,16.55,16.13,16.14,2.4783147459727317,1404216,23063503.52
300927.SZ,20260727,20260727 10:36:00,江天化学,20.47,19.6,20.5,19.32,19.9,2.864321608040199,1656339,33280141.82
300928.SZ,20260727,20260727 10:36:00,华安鑫创,23.24,22.44,23.5,22.3,22.51,3.2430031097290035,523700,12044721.0
300929.SZ,20260727,20260727 10:35:57,华骐环保,15.02,14.88,15.3,14.15,14.79,1.5551048005409074,5477440,81889378.4
300930.SZ,20260727,20260727 10:36:00,屹通新材,22.31,21.66,22.37,21.59,21.7,2.8110599078341014,693700,15318879.0
300931.SZ,20260727,20260727 10:35:57,通用电梯,11.0,10.5,11.22,10.38,10.64,3.383458646616533,2041700,22351030.0
300932.SZ,20260727,20260727 10:36:00,三友联众,8.81,8.8,8.98,8.58,8.68,1.497695852534564,6840701,60409671.28
300933.SZ,20260727,20260727 10:36:00,中辰股份,5.9,5.67,5.92,5.63,5.69,3.690685413005279,7233234,41678839.46
300935.SZ,20260727,20260727 10:36:00,盈建科,21.77,21.05,21.94,20.9,21.26,2.3988711194731893,1158700,25047690.0
300936.SZ,20260727,20260727 10:36:00,中英科技,62.88,62.18,65.49,61.18,61.83,1.6982047549733315,1758847,111630612.56
300937.SZ,20260727,20260727 10:36:00,药易购,24.67,24.3,24.98,23.5,23.98,2.877397831526274,7789680,189857177.19
300938.SZ,20260727,20260727 10:36:00,信测标准,28.07,28.8,28.97,26.54,28.81,-2.5685525859076686,12748090,355076523.35
300939.SZ,20260727,20260727 10:36:00,秋田微,47.8,45.53,48.5,45.01,46.12,3.6426712922809967,2068800,96598897.0
300940.SZ,20260727,20260727 10:36:00,南极光,12.81,12.8,12.96,12.41,12.88,-0.5434782608695676,5877300,74389170.0
300941.SZ,20260727,20260727 10:35:57,创识科技,13.45,12.99,13.47,12.94,13.0,3.4615384615384492,1615300,21400530.0
300942.SZ,20260727,20260727 10:36:00,易瑞生物,5.93,5.66,5.95,5.65,5.72,3.6713286713286664,3449732,20213070.12
300943.SZ,20260727,20260727 10:36:00,春晖智控,23.68,23.03,24.0,22.35,23.01,2.9117774880486724,5270943,122294191.81
300945.SZ,20260727,20260727 10:36:00,曼卡龙,10.67,10.39,10.69,10.28,10.24,4.19921875,5092200,53725810.0
300946.SZ,20260727,20260727 10:36:00,恒而达,36.29,34.52,37.5,34.51,35.18,3.1552018192154696,701640,25668079.4
300947.SZ,20260727,20260727 10:36:00,德必集团,12.4,11.94,12.4,11.82,11.94,3.8525963149078857,1023200,12511421.0
300948.SZ,20260727,20260727 10:36:00,冠中生态,16.93,16.89,16.98,16.27,16.89,0.2368265245707546,1971100,32822735.0
300949.SZ,20260727,20260727 10:36:00,奥雅股份,19.23,18.45,19.29,18.31,18.56,3.6099137931034475,494425,9395716.7
300950.SZ,20260727,20260727 10:36:00,德固特,14.93,14.69,14.95,14.3,14.5,2.9655172413793007,700900,10322732.0
300951.SZ,20260727,20260727 10:36:00,博硕科技,50.45,49.42,51.5,48.49,50.59,-0.27673453251630953,2919400,146294800.9
300952.SZ,20260727,20260727 10:36:00,恒辉安防,15.76,15.0,15.78,15.0,15.06,4.648074369189903,2684940,41847363.4
300953.SZ,20260727,20260727 10:36:00,震裕科技,92.34,89.9,94.28,89.9,90.6,1.920529801324511,2946159,272536010.89
300955.SZ,20260727,20260727 10:35:45,嘉亨家化,0.0,0.0,0.0,0.0,32.68,-100.0,0,0.0
300956.SZ,20260727,20260727 10:36:00,英力股份,9.75,9.46,9.79,9.37,9.37,4.055496264674496,2619080,25260256.6
300957.SZ,20260727,20260727 10:36:00,贝泰妮,32.2,31.01,32.35,30.78,31.46,2.3521932612841745,4190112,133597550.2
300958.SZ,20260727,20260727 10:35:54,建工修复,10.67,10.44,10.7,10.4,10.48,1.8129770992366456,858750,9078898.5
300959.SZ,20260727,20260727 10:36:00,线上线下,97.53,96.4,99.95,93.2,94.86,2.8146742567994876,1337200,130103212.0
300960.SZ,20260727,20260727 10:35:57,通业科技,14.72,14.0,14.88,13.91,14.05,4.768683274021357,885800,12872060.0
300961.SZ,20260727,20260727 10:36:00,深水海纳,9.64,9.3,9.67,9.16,9.33,3.3226152197213255,2222200,20980662.0
300962.SZ,20260727,20260727 10:36:00,中金辐照,12.36,11.9,12.4,11.9,11.99,3.0859049207673017,1189400,14598841.0
300963.SZ,20260727,20260727 10:36:00,中洲特材,11.07,10.58,11.12,10.51,10.58,4.6313799621928275,4013997,43651588.08
300964.SZ,20260727,20260727 10:36:00,本川智能,50.55,49.31,51.16,48.22,49.3,2.535496957403649,1927960,96392706.84
300965.SZ,20260727,20260727 10:36:00,恒宇信通,38.42,37.03,38.49,36.67,37.1,3.557951482479793,360700,13611917.0
300966.SZ,20260727,20260727 10:35:57,共同药业,23.64,22.64,23.96,22.5,22.82,3.59333917616127,1906391,44634987.72
300967.SZ,20260727,20260727 10:36:00,晓鸣股份,14.06,13.77,14.11,13.72,13.75,2.2545454545454646,883200,12339701.0
300968.SZ,20260727,20260727 10:36:00,格林精密,10.21,10.4,10.4,9.58,10.5,-2.7619047619047543,16926774,168853054.96
300969.SZ,20260727,20260727 10:36:00,恒帅股份,72.6,71.53,74.39,70.85,71.53,1.4958758562840568,952752,69204550.9
300970.SZ,20260727,20260727 10:36:00,华绿生物,15.45,14.87,15.49,14.86,14.97,3.2064128256512836,2232880,33902925.6
300971.SZ,20260727,20260727 10:35:48,博亚精工,17.24,16.72,17.27,16.7,16.83,2.4361259655377276,975800,16644314.0
300972.SZ,20260727,20260727 10:35:57,万辰集团,192.25,185.91,193.74,182.88,187.2,2.697649572649574,613900,117083686.0
300973.SZ,20260727,20260727 10:36:00,立高食品,23.01,21.99,23.22,21.8,21.95,4.829157175398646,2694791,61516236.97
300975.SZ,20260727,20260727 10:36:00,商络电子,26.22,25.79,26.78,25.02,25.85,1.4313346228239654,28263457,737800569.95
300976.SZ,20260727,20260727 10:36:00,达瑞电子,54.31,54.34,56.37,52.29,53.31,1.875820671543793,3574529,197574553.95
300977.SZ,20260727,20260727 10:35:57,深圳瑞捷,14.28,13.61,14.35,13.61,13.79,3.5532994923857864,613300,8616186.0
300978.SZ,20260727,20260727 10:35:45,东箭科技,8.01,7.78,8.04,7.76,7.78,2.956298200514129,1391000,11071656.0
300979.SZ,20260727,20260727 10:35:54,华利集团,34.0,32.85,34.28,32.52,32.83,3.5638135851355557,1970000,66416490.0
300980.SZ,20260727,20260727 10:36:00,祥源新材,20.19,19.7,20.33,19.1,19.25,4.883116883116889,3548432,70320000.4
300981.SZ,20260727,20260727 10:36:00,中红医疗,10.58,10.24,10.65,10.19,10.27,3.018500486854925,3350899,35086056.04
300982.SZ,20260727,20260727 10:35:45,苏文电能,14.37,13.95,14.4,13.93,13.99,2.716225875625433,791408,11252108.62
300983.SZ,20260727,20260727 10:36:00,尤安设计,33.5,31.08,33.67,30.51,31.39,6.721885950939788,1606244,51725447.99
300984.SZ,20260727,20260727 10:36:00,金沃股份,33.11,32.52,33.52,30.01,32.51,1.845585973546604,1171940,38484490.6
300985.SZ,20260727,20260727 10:35:57,致远新能,33.39,34.22,34.22,32.68,33.89,-1.4753614635585666,1476660,49284180.4
300986.SZ,20260727,20260727 10:36:00,志特新材,10.03,9.62,10.05,9.62,9.71,3.295571575695133,5626100,55705072.06
300987.SZ,20260727,20260727 10:36:00,川网传媒,12.07,11.73,12.1,11.7,11.78,2.461799660441444,1573400,18810801.0
300988.SZ,20260727,20260727 10:36:00,津荣天宇,14.78,14.1,15.02,14.0,14.18,4.231311706629048,4533224,65959501.68
300989.SZ,20260727,20260727 10:35:57,蕾奥规划,10.11,9.84,10.16,9.61,9.77,3.480040941658147,2608815,26145734.1
300990.SZ,20260727,20260727 10:36:00,同飞股份,88.94,87.74,90.5,86.58,87.74,1.3676772281741467,2655800,236222805.56
300991.SZ,20260727,20260727 10:36:00,创益通,25.51,24.02,25.83,24.02,24.35,4.763860369609851,1821000,45918818.0
300992.SZ,20260727,20260727 10:35:57,泰福泵业,20.52,20.01,20.6,19.36,19.89,3.1674208144796268,556100,11285955.0
300993.SZ,20260727,20260727 10:36:00,玉马科技,9.3,9.14,9.32,9.03,9.1,2.197802197802212,797900,7367129.0
300994.SZ,20260727,20260727 10:35:51,久祺股份,10.08,10.0,10.09,9.72,9.71,3.8105046343975157,1038000,10368032.0
300995.SZ,20260727,20260727 10:36:00,奇德新材,24.13,22.9,24.35,22.85,23.0,4.91304347826087,1019400,24283993.0
300996.SZ,20260727,20260727 10:35:39,普联软件,0.0,0.0,0.0,0.0,12.93,-100.0,0,0.0
300997.SZ,20260727,20260727 10:36:00,欢乐家,14.19,13.64,14.22,13.53,13.7,3.5766423357664223,2447159,34269065.01
300998.SZ,20260727,20260727 10:36:00,宁波方正,20.94,21.16,21.19,20.22,21.16,-1.03969754253308,2208000,45778078.0
300999.SZ,20260727,20260727 10:36:00,金龙鱼,25.86,25.61,26.06,25.5,25.61,0.9761811792268649,3806700,98411644.0
301000.SZ,20260727,20260727 10:36:00,肇民科技,23.04,21.88,23.09,21.76,21.89,5.253540429419812,2802935,63022261.48
301001.SZ,20260727,20260727 10:35:57,凯淳股份,20.86,20.26,20.97,19.78,20.14,3.5749751737835123,565700,11666439.0
301002.SZ,20260727,20260727 10:36:00,崧盛股份,28.06,27.03,28.25,26.67,27.4,2.4087591240876005,1892900,52455232.0
301003.SZ,20260727,20260727 10:36:00,江苏博云,48.66,47.29,49.74,46.35,46.96,3.6201022146507666,930196,44764486.68
301004.SZ,20260727,20260727 10:36:00,嘉益股份,33.37,32.24,33.38,32.24,32.57,2.456248081056178,236802,7792310.48
301005.SZ,20260727,20260727 10:36:00,超捷股份,65.0,62.6,65.68,61.78,62.6,3.833865814696491,3627536,233136617.36
301006.SZ,20260727,20260727 10:35:54,迈拓股份,11.92,11.36,11.95,11.35,11.37,4.837291116974507,1052200,12362470.4
301007.SZ,20260727,20260727 10:36:00,德迈仕,26.24,25.22,26.37,25.11,25.22,4.044409199048382,1101500,28580269.0
301008.SZ,20260727,20260727 10:36:00,宏昌科技,30.62,29.43,30.75,28.6,29.58,3.515889114266413,2351703,70137499.55
301009.SZ,20260727,20260727 10:36:00,可靠股份,8.23,7.87,8.25,7.86,7.95,3.5220125786163514,1737081,14089939.82
301010.SZ,20260727,20260727 10:35:51,晶雪节能,14.85,14.34,14.9,14.21,14.34,3.556485355648542,729100,10686389.0
301011.SZ,20260727,20260727 10:35:57,华立科技,13.87,13.48,13.89,13.3,13.35,3.8951310861423227,988200,13487418.6
301012.SZ,20260727,20260727 10:36:00,扬电科技,25.97,26.2,26.75,25.11,26.63,-2.478407810739769,12893945,333260748.55
301013.SZ,20260727,20260727 10:36:00,利和兴,38.68,36.99,39.79,36.58,37.46,3.256807261078487,12136247,466271071.65
301015.SZ,20260727,20260727 10:36:00,百洋医药,23.0,22.64,23.36,22.48,22.64,1.590106007067127,3352487,76963603.11
301016.SZ,20260727,20260727 10:36:00,雷尔伟,11.84,11.25,11.85,11.25,11.45,3.406113537117905,785460,9174252.4
301017.SZ,20260727,20260727 10:36:00,漱玉平民,12.63,12.16,12.76,12.0,12.04,4.9003322259136395,3895100,48892610.0
301018.SZ,20260727,20260727 10:36:00,申菱环境,87.8,84.52,89.5,83.19,85.4,2.810304449648693,6764002,588902285.59
301019.SZ,20260727,20260727 10:35:54,宁波色母,14.27,13.85,14.39,13.69,13.9,2.661870503597119,1542609,21764072.01
301020.SZ,20260727,20260727 10:35:57,密封科技,17.99,17.1,18.08,17.09,17.13,5.020431990659668,1300000,23071694.0
301021.SZ,20260727,20260727 10:36:00,英诺激光,64.14,65.35,65.7,62.03,64.2,-0.09345794392523477,2778400,178432952.0
301022.SZ,20260727,20260727 10:36:00,海泰科,21.74,19.69,21.89,19.69,19.68,10.467479674796731,1519997,31799695.93
301023.SZ,20260727,20260727 10:35:57,奕帆传动,26.44,25.87,26.44,25.12,25.22,4.837430610626492,788860,20504587.6
301024.SZ,20260727,20260727 10:35:45,霍普股份,28.79,27.62,28.95,27.56,27.61,4.27381383556682,370200,10494331.0
301025.SZ,20260727,20260727 10:36:00,读客文化,7.71,7.4,7.73,7.37,7.4,4.18918918918918,2686900,20443472.0
301026.SZ,20260727,20260727 10:36:00,浩通科技,16.99,16.7,17.03,16.57,16.62,2.2262334536702566,1491412,25144152.36
301027.SZ,20260727,20260727 10:35:57,华蓝集团,18.88,18.62,19.13,18.55,18.75,0.6933333333333236,1185400,22410669.0
301028.SZ,20260727,20260727 10:35:51,鼎熔岩,11.32,11.0,11.35,10.99,11.0,2.9090909090909056,1591800,17837084.0
301029.SZ,20260727,20260727 10:35:54,怡合达,24.15,23.84,24.46,23.63,23.69,1.9417475728155331,3743407,90407985.84
301030.SZ,20260727,20260727 10:35:57,*ST仕净,8.1,7.91,8.14,7.87,8.1,0.0,2508000,20146489.0
301031.SZ,20260727,20260727 10:36:00,中熔电气,81.37,80.73,82.56,80.2,81.45,-0.09821976672804711,838029,68413838.19
301032.SZ,20260727,20260727 10:35:57,新柴股份,9.29,9.08,9.3,9.02,9.06,2.538631346578346,1310299,12033588.77
301033.SZ,20260727,20260727 10:36:00,迈普医学,56.63,54.01,57.29,53.48,54.0,4.870370370370369,1024894,57626106.84
301035.SZ,20260727,20260727 10:36:00,润丰股份,53.14,51.49,53.66,51.13,51.81,2.5670719938235775,1094858,57950318.4
301036.SZ,20260727,20260727 10:36:00,双乐股份,19.06,18.22,19.09,18.2,18.3,4.153005464480852,742000,13921417.0
301037.SZ,20260727,20260727 10:35:51,保立佳,11.01,10.53,11.1,10.42,10.5,4.857142857142849,1039064,11260781.0
301038.SZ,20260727,20260727 10:35:57,深水规院,14.72,14.75,15.01,14.31,14.79,-0.47329276538200515,2242100,32781548.0
301039.SZ,20260727,20260727 10:36:00,中集车辆,7.41,7.31,7.5,7.3,7.32,1.2295081967213184,6477234,48035440.11
301040.SZ,20260727,20260727 10:35:39,中环海陆,21.97,21.61,22.06,21.23,21.54,1.9962859795728871,737700,16028931.0
301041.SZ,20260727,20260727 10:36:00,金百泽,21.45,20.65,21.56,20.5,20.79,3.1746031746031855,1740150,36865187.0
301042.SZ,20260727,20260727 10:36:00,安联锐视,26.33,25.71,26.6,25.51,25.71,2.411513029949419,3825306,99938793.71
301043.SZ,20260727,20260727 10:36:00,绿岛风,39.8,38.8,39.98,37.95,38.73,2.7627162406403283,334500,13067033.0
301045.SZ,20260727,20260727 10:35:57,天禄科技,62.95,61.0,63.8,59.06,61.41,2.5077348965966584,1553013,95890445.93
301046.SZ,20260727,20260727 10:35:57,能辉科技,17.48,17.31,17.7,16.93,17.17,1.80547466511356,1319411,22973252.07
301047.SZ,20260727,20260727 10:36:00,义翘神州,69.54,67.99,70.39,67.67,68.3,1.8155197657393929,1023980,70947021.94
301048.SZ,20260727,20260727 10:35:48,金鹰重工,8.59,8.38,8.59,8.35,8.46,1.5366430260047137,1366290,11637820.4
301049.SZ,20260727,20260727 10:35:36,超越科技,17.53,16.9,17.6,16.83,16.9,3.7278106508875863,515800,8916175.0
301050.SZ,20260727,20260727 10:36:00,雷电微力,29.49,28.29,29.64,28.03,28.32,4.131355932203373,2475040,71809126.21
301051.SZ,20260727,20260727 10:36:00,信濠光电,13.22,13.04,13.3,12.8,13.01,1.6141429669485063,2664596,34789941.88
301052.SZ,20260727,20260727 10:36:00,果麦文化,21.38,20.8,21.44,20.42,20.59,3.8368139873725005,1352600,28565279.0
301053.SZ,20260727,20260727 10:36:00,远信工业,37.66,37.35,37.85,37.26,37.82,-0.4230565838180933,382000,14354951.72
301055.SZ,20260727,20260727 10:35:54,张小泉,28.81,27.68,28.99,26.77,27.68,4.082369942196529,1969499,55374931.15
301056.SZ,20260727,20260727 10:35:57,森赫股份,9.38,9.02,9.4,9.02,9.13,2.7382256297918905,1310600,12138066.0
301057.SZ,20260727,20260727 10:36:00,汇隆新材,19.71,18.96,20.45,18.46,18.4,7.1195652173913215,2576600,50758172.0
301058.SZ,20260727,20260727 10:35:54,中粮科工,7.99,7.82,7.99,7.8,7.82,2.1739130434782705,1458203,11584381.88
301059.SZ,20260727,20260727 10:35:57,金三江,10.49,10.26,10.57,10.1,10.13,3.5538005923000826,1270600,13185074.0
301060.SZ,20260727,20260727 10:36:00,兰卫医学,8.46,8.08,8.5,8.08,8.17,3.549571603427193,3736200,31279661.44
301061.SZ,20260727,20260727 10:36:00,匠心家居,34.68,34.71,35.59,33.9,35.19,-1.449275362318836,1757900,61310844.9
301062.SZ,20260727,20260727 10:36:00,上海艾录,5.7,5.53,5.74,5.5,5.53,3.074141048824597,4156523,23481195.35
301063.SZ,20260727,20260727 10:35:39,海锅股份,15.77,15.13,15.77,15.13,15.31,3.0045721750489918,906900,14097787.0
301065.SZ,20260727,20260727 10:36:00,本立科技,17.23,16.87,17.31,16.7,16.87,2.1339656194427903,622350,10656235.5
301066.SZ,20260727,20260727 10:35:57,万事利,10.99,10.69,11.0,10.5,10.6,3.6792452830188838,1185400,12848566.0
301067.SZ,20260727,20260727 10:36:00,显盈科技,24.98,24.96,25.38,23.82,25.19,-0.833664152441449,2930480,72317183.06
301068.SZ,20260727,20260727 10:35:57,大地海洋,24.56,23.5,24.93,23.16,23.48,4.599659284497437,602660,14538050.8
301069.SZ,20260727,20260727 10:36:00,凯盛新材,15.62,15.35,15.66,15.25,15.18,2.898550724637672,2838100,43899859.0
301070.SZ,20260727,20260727 10:35:57,开勒股份,61.66,59.13,63.58,57.5,59.12,4.29634641407306,2184540,133696996.99
301071.SZ,20260727,20260727 10:36:00,力量钻石,58.85,58.51,59.8,57.0,58.5,0.5982905982905962,4945517,289971454.09
301072.SZ,20260727,20260727 10:36:00,中捷精工,34.19,34.5,35.12,33.16,34.52,-0.9559675550405711,1705400,57978841.0
301073.SZ,20260727,20260727 10:36:00,君亭酒店,16.77,16.75,17.16,16.29,15.6,7.499999999999996,7693986,128856099.36
301075.SZ,20260727,20260727 10:35:57,多瑞医药,50.0,50.0,50.9,49.08,50.22,-0.43807248108322927,428100,21458684.0
301076.SZ,20260727,20260727 10:36:00,新瀚新材,20.47,19.6,20.79,19.4,19.5,4.974358974358961,2990083,60430280.62
301077.SZ,20260727,20260727 10:36:00,星华新材,18.73,18.41,18.84,18.0,18.19,2.9686641011544834,630200,11699962.0
301078.SZ,20260727,20260727 10:36:00,孩子王,6.9,6.72,6.94,6.64,6.78,1.7699115044247815,7871784,53957618.68
301079.SZ,20260727,20260727 10:36:00,邵阳液压,26.28,25.19,26.37,25.01,25.23,4.161712247324623,1700500,43740426.0
301080.SZ,20260727,20260727 10:36:00,百普赛斯,53.4,52.22,55.0,51.3,52.22,2.259670624281873,3360370,180653246.48
301081.SZ,20260727,20260727 10:35:57,严牌股份,10.94,10.42,11.1,10.42,10.56,3.5984848484848397,1444900,15650416.4
301082.SZ,20260727,20260727 10:36:00,久盛电气,8.63,8.26,8.66,8.26,8.24,4.7330097087378675,4554290,38540875.58
301083.SZ,20260727,20260727 10:36:00,百胜智能,12.3,11.94,12.3,11.72,11.93,3.1014249790444426,842400,10226903.0
301085.SZ,20260727,20260727 10:36:00,亚康股份,57.81,50.81,58.58,50.81,51.26,12.777994537651205,4086327,228769504.99
301086.SZ,20260727,20260727 10:36:00,鸿富瀚,112.07,112.21,115.47,108.88,110.01,1.8725570402690517,2064700,233061753.6
301087.SZ,20260727,20260727 10:36:00,可孚医疗,53.35,53.73,54.68,52.7,53.73,-0.7072399032197918,1816213,97048817.07
301088.SZ,20260727,20260727 10:36:00,戎美股份,11.14,10.85,11.16,10.85,10.89,2.2956841138659367,473900,5216448.0
301089.SZ,20260727,20260727 10:36:00,拓新药业,22.73,21.38,22.79,21.25,21.39,6.264609630668527,2427884,54159220.0
301090.SZ,20260727,20260727 10:36:00,华润材料,6.31,6.17,6.34,6.16,6.2,1.7741935483870819,2659938,16654303.02
301091.SZ,20260727,20260727 10:36:00,深城交,15.32,14.76,15.33,14.71,14.78,3.653585926928282,2361290,35597318.58
301092.SZ,20260727,20260727 10:36:00,争光股份,43.04,43.18,44.31,41.7,43.7,-1.5102974828375415,3020940,129560367.8
301093.SZ,20260727,20260727 10:36:00,华兰股份,61.88,60.8,64.49,58.96,60.8,1.7763157894737036,2422706,150296129.66
301095.SZ,20260727,20260727 10:36:00,广立微,69.63,69.4,71.0,66.67,68.5,1.649635036496333,3384871,234863341.27
301096.SZ,20260727,20260727 10:36:00,百诚医药,39.26,38.38,40.77,38.23,38.4,2.2395833333333393,2770500,109914160.0
301097.SZ,20260727,20260727 10:35:42,天益医疗,31.63,30.75,31.96,30.48,30.72,2.962239583333326,259872,8149278.74
301098.SZ,20260727,20260727 10:36:00,金埔园林,6.89,6.62,6.96,6.6,6.68,3.143712574850288,2756824,18706559.88
301099.SZ,20260727,20260727 10:36:00,雅创电子,49.46,49.44,50.64,48.02,49.72,-0.5229283990345945,4406123,218621410.59
301100.SZ,20260727,20260727 10:35:51,风光股份,14.8,14.4,14.85,14.24,14.39,2.8492008339124464,738000,10795214.0
301101.SZ,20260727,20260727 10:36:00,明月镜片,27.71,26.99,27.88,26.88,27.03,2.515723270440251,1029000,28370335.0
301102.SZ,20260727,20260727 10:35:48,兆讯传媒,8.94,8.85,9.0,8.78,8.78,1.8223234624145768,768200,6850198.0
301103.SZ,20260727,20260727 10:36:00,何氏眼科,15.01,14.64,15.06,14.5,14.65,2.457337883959032,978900,14558988.0
301105.SZ,20260727,20260727 10:36:00,鸿铭股份,41.8,38.98,41.8,38.5,39.1,6.9053708439897665,341200,13818099.0
301106.SZ,20260727,20260727 10:35:57,骏成科技,15.35,14.99,15.39,14.41,14.89,3.0893216924110067,816980,12392619.8
301107.SZ,20260727,20260727 10:35:57,瑜欣电子,16.98,16.3,17.09,16.09,16.17,5.009276437847854,1028615,17210404.95
301108.SZ,20260727,20260727 10:36:00,洁雅股份,30.43,28.15,30.64,27.85,27.85,9.263913824057447,1866560,55283320.4
301109.SZ,20260727,20260727 10:36:00,军信股份,13.8,13.42,13.87,13.4,13.45,2.602230483271395,2786160,38198183.3
301110.SZ,20260727,20260727 10:36:00,青木科技,32.47,31.5,32.69,31.2,31.59,2.7856916745805593,1460618,46979478.12
301111.SZ,20260727,20260727 10:36:00,粤万年青,18.3,17.38,18.62,17.11,17.38,5.293440736478727,2536100,45886511.0
301112.SZ,20260727,20260727 10:35:57,信邦智能,27.68,27.67,27.97,27.07,27.07,2.2534170668636833,452600,12491871.0
301113.SZ,20260727,20260727 10:35:45,雅艺科技,13.95,13.11,13.99,13.11,13.24,5.36253776435045,667240,9073803.5
301115.SZ,20260727,20260727 10:36:00,联检科技,23.42,23.24,23.82,22.79,23.0,1.8260869565217552,1846600,43146096.0
301116.SZ,20260727,20260727 10:36:00,益客食品,8.24,8.14,8.3,8.03,8.08,1.980198019801982,1330000,10901039.0
301117.SZ,20260727,20260727 10:36:00,佳缘科技,17.08,16.45,17.08,16.4,16.59,2.9535864978902815,2621441,44013973.97
301118.SZ,20260727,20260727 10:36:00,恒光股份,19.15,18.39,19.24,18.16,18.43,3.90667390124797,1802400,33908110.0
301119.SZ,20260727,20260727 10:36:00,正强股份,19.14,18.63,19.2,18.52,18.8,1.8085106382978777,495211,9396863.83
301120.SZ,20260727,20260727 10:36:00,新特电气,14.11,13.56,14.13,13.42,13.66,3.2942898975109713,5290800,73521698.0
301121.SZ,20260727,20260727 10:35:57,紫建电子,33.86,30.6,33.86,30.05,28.22,19.98582565556344,2104684,69954740.57
301122.SZ,20260727,20260727 10:36:00,采纳股份,32.06,27.77,32.5,27.52,28.66,11.863224005582707,6117629,185511954.05
301123.SZ,20260727,20260727 10:36:00,奕东电子,69.0,68.01,71.3,66.1,67.91,1.6050655279045811,3111000,213862269.24
301125.SZ,20260727,20260727 10:35:57,腾亚精工,12.04,11.82,12.15,11.7,11.82,1.8612521150592087,939623,11266503.83
301126.SZ,20260727,20260727 10:36:00,达嘉维康,8.43,8.0,8.46,7.92,8.0,5.3749999999999964,3218300,26700394.0
301127.SZ,20260727,20260727 10:36:00,武汉天源,15.53,17.92,17.92,15.24,19.05,-18.477690288713923,34727889,544116455.08
301128.SZ,20260727,20260727 10:36:00,强瑞技术,101.66,101.43,104.5,98.88,101.43,0.22675736961450532,1639458,167496841.1
301129.SZ,20260727,20260727 10:36:00,瑞纳智能,19.17,18.2,19.24,18.2,18.35,4.468664850136239,833819,15711931.61
301130.SZ,20260727,20260727 10:36:00,西点药业,22.71,22.22,22.95,22.0,22.22,2.205220522052209,621200,14040352.0
301131.SZ,20260727,20260727 10:36:00,聚赛龙,29.52,28.45,29.57,28.24,28.57,3.325166258312917,461900,13448233.2
301132.SZ,20260727,20260727 10:36:00,满坤科技,28.51,27.89,28.88,27.52,27.8,2.553956834532367,2129301,60162120.42
301133.SZ,20260727,20260727 10:36:00,金钟股份,24.59,25.9,25.9,23.38,24.24,1.4438943894389489,4300089,105729059.72
301135.SZ,20260727,20260727 10:36:00,瑞德智能,14.74,14.23,14.75,14.09,14.23,3.5839775122979534,683836,9938179.52
301136.SZ,20260727,20260727 10:36:00,招标股份,10.46,9.99,10.48,9.9,10.05,4.079601990049753,3510000,36097561.0
301137.SZ,20260727,20260727 10:36:00,哈焊华通,30.63,29.18,30.78,29.01,29.33,4.432321854756216,1778461,53469206.74
301138.SZ,20260727,20260727 10:35:33,华研精机,24.22,23.49,24.35,23.46,23.44,3.327645051194539,372300,8939599.0
301139.SZ,20260727,20260727 10:36:00,*ST元道,2.59,2.39,2.7,2.34,2.39,8.368200836820062,11412900,29682810.0
301141.SZ,20260727,20260727 10:35:54,中科磁业,34.57,34.01,34.58,33.7,33.78,2.3386619301361655,483700,16563359.4
301148.SZ,20260727,20260727 10:36:00,嘉戎技术,43.47,41.9,43.93,41.29,41.73,4.169662113587358,515400,22013361.0
301149.SZ,20260727,20260727 10:36:00,隆华新材,7.1,6.89,7.11,6.88,6.92,2.6011560693641522,2581547,18143309.33
301150.SZ,20260727,20260727 10:36:00,中一科技,36.38,35.26,37.53,35.07,35.01,3.9131676663810566,9846923,357764713.31
301151.SZ,20260727,20260727 10:36:00,冠龙节能,16.92,16.96,17.17,16.55,16.98,-0.35335689045935537,1351911,22756047.56
301152.SZ,20260727,20260727 10:36:00,天力锂能,20.4,19.19,20.53,19.19,19.11,6.750392464678168,3412300,68377628.0
301153.SZ,20260727,20260727 10:35:57,中科江南,16.24,15.77,16.28,15.61,15.77,2.9803424223208586,1888140,30272666.4
301155.SZ,20260727,20260727 10:36:00,海力风电,39.98,38.39,40.22,38.39,38.86,2.8821410190427166,1619600,64115983.0
301156.SZ,20260727,20260727 10:36:00,美农生物,10.36,9.91,10.38,9.86,9.96,4.016064257028096,1533993,15601472.52
301157.SZ,20260727,20260727 10:35:57,华塑科技,50.08,48.48,50.38,48.48,48.88,2.45499181669393,347100,17248049.0
301158.SZ,20260727,20260727 10:36:00,德石股份,14.58,14.17,14.67,13.6,15.72,-7.251908396946572,11228432,158954281.96
301159.SZ,20260727,20260727 10:36:00,三维天地,26.99,25.68,27.15,25.6,25.93,4.087929039722327,783800,20869294.0
301160.SZ,20260727,20260727 10:35:57,翔楼新材,36.39,35.34,37.17,35.16,35.54,2.391671356218339,1127696,41149508.22
301161.SZ,20260727,20260727 10:36:00,唯万密封,25.51,24.8,25.82,24.32,24.81,2.821442966545762,2225900,56103513.0
301162.SZ,20260727,20260727 10:36:00,国能日新,35.62,35.0,35.7,34.73,35.0,1.7714285714285571,715680,25201075.8
301163.SZ,20260727,20260727 10:36:00,宏德股份,20.65,20.07,20.77,19.95,20.04,3.0439121756486998,516700,10536498.0
301165.SZ,20260727,20260727 10:36:00,锐捷网络,125.37,128.02,132.66,122.0,132.0,-5.022727272727268,17629525,2255741514.59
301166.SZ,20260727,20260727 10:36:00,优宁维,24.69,23.89,24.83,23.89,24.09,2.49066002490661,530900,13027382.0
301167.SZ,20260727,20260727 10:35:48,建研设计,11.96,11.5,11.97,11.5,11.54,3.6395147313691645,1144640,13514426.4
301168.SZ,20260727,20260727 10:36:00,通灵股份,40.5,39.6,40.88,39.6,39.52,2.47975708502024,862000,34839996.0
301169.SZ,20260727,20260727 10:36:00,零点有数,47.28,46.7,48.5,46.11,46.7,1.2419700214132634,716200,33776338.0
301170.SZ,20260727,20260727 10:36:00,锡南科技,20.61,19.81,20.62,19.62,19.88,3.6720321931589472,586573,11919245.08
301171.SZ,20260727,20260727 10:36:00,易点天下,25.92,25.16,26.2,24.67,25.2,2.857142857142869,11182610,286246181.71
301172.SZ,20260727,20260727 10:36:00,君逸数码,20.78,20.04,20.92,19.93,20.19,2.9222387320455567,1746768,35937082.08
301173.SZ,20260727,20260727 10:36:00,毓恬冠佳,28.53,27.52,28.55,27.27,27.65,3.1826401446654717,338968,9524463.52
301175.SZ,20260727,20260727 10:35:57,中科环保,5.19,5.1,5.22,5.09,5.12,1.3671875,7405811,38362071.98
301176.SZ,20260727,20260727 10:36:00,逸豪新材,40.22,38.53,40.96,37.6,38.39,4.766866371450895,5099828,201385216.38
301177.SZ,20260727,20260727 10:36:00,迪阿股份,21.48,20.98,21.54,20.63,20.67,3.9187227866473107,477811,10145638.81
301178.SZ,20260727,20260727 10:35:48,天亿马,30.88,29.4,31.2,28.88,29.05,6.299483648881243,1778299,54219785.79
301179.SZ,20260727,20260727 10:36:00,泽宇智能,18.2,17.7,18.25,17.6,17.93,1.5058561070830923,1312584,23700193.24
301180.SZ,20260727,20260727 10:36:00,万祥科技,10.5,10.15,10.52,10.09,10.15,3.4482758620689724,1739000,18060635.0
301181.SZ,20260727,20260727 10:36:00,标榜股份,19.66,18.88,19.67,18.88,19.01,3.4192530247238118,839960,16302827.03
301182.SZ,20260727,20260727 10:36:00,凯旺科技,57.23,57.64,58.62,55.81,56.02,2.15994287754373,1551700,89041877.0
301183.SZ,20260727,20260727 10:36:00,东田微,177.68,178.11,184.36,175.36,180.5,-1.5623268698060855,1662059,298778047.86
301185.SZ,20260727,20260727 10:35:42,鸥玛软件,15.7,15.46,15.79,15.33,15.53,1.0946555054732743,769800,12051214.0
301186.SZ,20260727,20260727 10:36:00,超达装备,31.94,32.94,33.5,31.42,32.86,-2.799756542909304,1062300,34080939.4
301187.SZ,20260727,20260727 10:36:00,欧圣电气,13.54,12.95,13.57,12.63,12.89,5.042668735453826,2309400,30746166.04
301188.SZ,20260727,20260727 10:36:00,力诺药包,37.28,35.08,38.48,35.02,34.96,6.636155606407312,9163471,338582603.78
301189.SZ,20260727,20260727 10:36:00,奥尼电子,43.47,41.41,44.28,41.28,42.21,2.985074626865658,1916280,82189289.4
301190.SZ,20260727,20260727 10:36:00,善水科技,16.85,16.6,17.1,16.25,16.98,-0.7656065959952829,4265550,71152952.18
301191.SZ,20260727,20260727 10:36:00,菲菱科思,105.15,107.46,110.01,101.2,107.41,-2.1040871427241314,3811982,405248590.52
301192.SZ,20260727,20260727 10:35:51,泰祥股份,17.48,16.73,17.58,16.73,16.82,3.923900118906065,543300,9362691.0
301193.SZ,20260727,20260727 10:36:00,家联科技,15.86,15.44,16.0,14.82,15.09,5.102717031146442,2096502,32779721.64
301195.SZ,20260727,20260727 10:36:00,北路智控,24.37,23.8,24.4,23.68,23.75,2.6105263157894854,395200,9539643.0
301196.SZ,20260727,20260727 10:36:00,唯科科技,75.43,75.3,76.77,72.41,75.1,0.4394141145140029,2287889,171423625.91
301197.SZ,20260727,20260727 10:35:57,工大科雅,21.81,19.91,22.0,19.76,20.02,8.941058941058944,2733800,57703058.0
301198.SZ,20260727,20260727 10:36:00,喜悦智行,10.58,10.11,10.85,9.97,10.36,2.1235521235521304,4541525,47789817.48
301199.SZ,20260727,20260727 10:36:00,迈赫股份,17.05,16.61,17.09,16.5,16.5,3.3333333333333437,671940,11348031.6
301200.SZ,20260727,20260727 10:36:00,大族数控,254.56,259.51,264.4,252.81,260.34,-2.2201736191134525,1930300,499002185.4
301201.SZ,20260727,20260727 10:36:00,诚达药业,29.0,27.57,29.39,27.38,27.8,4.316546762589923,3293400,94141891.0
301202.SZ,20260727,20260727 10:35:57,朗威股份,31.36,30.52,32.53,30.52,30.55,2.6513911620294595,934400,29604681.0
301203.SZ,20260727,20260727 10:35:57,国泰环保,31.1,30.7,31.27,30.5,30.41,2.2689904636632674,287700,8914273.0
301205.SZ,20260727,20260727 10:36:00,联特科技,234.26,236.64,251.95,234.01,231.16,1.3410624675549432,5930956,1451188421.33
301206.SZ,20260727,20260727 10:35:48,三元生物,22.59,22.12,22.62,22.06,22.26,1.482479784366575,334500,7523342.0
301207.SZ,20260727,20260727 10:35:57,华兰疫苗,16.7,16.01,16.76,16.0,16.13,3.533787972721636,2786472,46074356.92
301208.SZ,20260727,20260727 10:35:42,中亦科技,26.73,26.1,26.78,25.8,26.16,2.178899082568808,582400,15409191.0
301209.SZ,20260727,20260727 10:35:57,联合化学,43.76,42.58,44.15,41.45,42.6,2.7230046948356623,1133600,48559292.2
301210.SZ,20260727,20260727 10:36:00,金杨精密,21.96,20.98,22.04,20.88,20.86,5.273250239693206,2234340,48206676.2
301211.SZ,20260727,20260727 10:36:00,亨迪药业,10.84,10.14,10.92,10.13,10.21,6.170421155729677,7472099,79317403.22
301212.SZ,20260727,20260727 10:36:00,联盛化学,20.03,19.45,20.09,19.15,19.24,4.10602910602913,560900,11085603.0
301213.SZ,20260727,20260727 10:35:57,观想科技,39.37,38.48,39.77,37.99,40.04,-1.6733266733266805,1636359,63888119.1
301215.SZ,20260727,20260727 10:36:00,中汽股份,5.07,5.02,5.08,4.98,5.0,1.4000000000000012,3882008,19603923.44
301216.SZ,20260727,20260727 10:35:57,万凯新材,15.55,15.07,15.62,15.05,15.07,3.1851360318513544,6027300,92599673.5
301217.SZ,20260727,20260727 10:36:00,铜冠铜箔,92.22,90.11,94.73,87.96,90.11,2.341582510265239,15824221,1454426749.4
301218.SZ,20260727,20260727 10:36:00,华是科技,41.72,40.95,42.92,40.34,40.95,1.8803418803418737,2850307,119059334.23
301219.SZ,20260727,20260727 10:36:00,腾远钴业,44.3,44.09,44.36,43.41,43.35,2.1914648212225885,3042991,133872752.27
301220.SZ,20260727,20260727 10:36:00,亚香股份,26.26,25.17,26.46,25.17,25.16,4.3720190779014345,516100,13415159.0
301221.SZ,20260727,20260727 10:35:51,光庭信息,25.47,24.33,25.54,24.33,24.74,2.95068714632174,545246,13711212.24
301222.SZ,20260727,20260727 10:36:00,浙江恒威,23.99,23.52,24.28,23.47,23.52,1.9982993197278809,801860,19156346.6
301223.SZ,20260727,20260727 10:36:00,中荣股份,15.54,15.27,15.58,15.27,15.35,1.237785016286641,343029,5310141.89
301225.SZ,20260727,20260727 10:36:00,恒勃股份,51.97,51.0,52.33,49.28,50.54,2.829442026117923,1150460,58957613.68
301226.SZ,20260727,20260727 10:36:00,祥明智能,26.35,24.63,26.35,24.63,24.64,6.9399350649350655,1510200,38568518.0
301227.SZ,20260727,20260727 10:36:00,森鹰窗业,18.06,16.66,18.38,16.66,16.99,6.297822248381402,1317320,23129685.6
301228.SZ,20260727,20260727 10:36:00,实朴检测,60.35,59.85,61.47,58.13,59.85,0.8354218880534781,1198700,72049323.0
301229.SZ,20260727,20260727 10:36:00,纽泰格,11.05,10.67,11.1,10.61,10.65,3.7558685446009488,1580100,17264931.0
301230.SZ,20260727,20260727 10:36:00,泓博医药,25.65,24.5,26.1,24.36,24.7,3.8461538461538325,6398298,162713457.51
301231.SZ,20260727,20260727 10:36:00,荣信文化,22.43,21.51,22.5,21.4,21.68,3.4594095940959413,1199529,26558111.99
301232.SZ,20260727,20260727 10:36:00,飞沃科技,108.0,106.0,109.09,103.38,104.79,3.0632693959347312,1600339,170785119.6
301233.SZ,20260727,20260727 10:36:00,盛帮股份,29.28,28.08,29.33,27.81,28.2,3.82978723404257,261000,7558002.8
301234.SZ,20260727,20260727 10:36:00,五洲医疗,70.5,70.5,70.5,63.05,58.75,19.999999999999996,10020981,685377994.3
301235.SZ,20260727,20260727 10:36:00,华康洁净,38.61,36.5,39.12,36.06,36.28,6.422271223814779,5164453,194066042.23
301236.SZ,20260727,20260727 10:36:00,软通动力,35.15,34.56,35.5,33.91,35.0,0.4285714285714226,8492091,295906800.33
301237.SZ,20260727,20260727 10:36:00,和顺科技,50.89,48.51,51.75,48.25,49.09,3.6667345691586917,841200,42448998.0
301238.SZ,20260727,20260727 10:36:00,瑞泰新材,15.7,14.97,15.77,14.95,14.87,5.581708137188968,8925728,137749457.42
301239.SZ,20260727,20260727 10:36:00,普瑞眼科,30.94,30.13,31.11,29.62,29.99,3.1677225741914006,1161900,35675221.0
301246.SZ,20260727,20260727 10:36:00,宏源药业,19.31,18.5,19.38,18.47,18.5,4.378378378378378,8330268,158034782.6
301248.SZ,20260727,20260727 10:36:00,杰创智能,55.8,53.83,56.39,52.2,54.12,3.104212860310418,2796863,152823265.8
301251.SZ,20260727,20260727 10:35:57,威尔高,31.58,30.8,32.13,30.54,30.8,2.5324675324675194,2727355,85887317.77
301252.SZ,20260727,20260727 10:36:00,同星科技,27.93,27.31,28.48,27.12,27.67,0.9396458258041029,1404900,39224685.0
301255.SZ,20260727,20260727 10:35:51,通力科技,18.54,17.82,18.58,17.66,17.99,3.0572540300166873,552300,10102590.0
301256.SZ,20260727,20260727 10:36:00,华融化学,9.39,9.08,9.4,9.03,9.18,2.2875816993464193,2032600,18798420.0
301257.SZ,20260727,20260727 10:36:00,普蕊斯,44.8,43.4,45.76,43.01,43.96,1.9108280254777066,2979172,132767572.13
301258.SZ,20260727,20260727 10:35:57,富士莱,22.84,21.82,22.92,21.78,21.91,4.244637151985398,497300,11192425.0
301259.SZ,20260727,20260727 10:36:00,艾布鲁,21.35,20.54,21.66,20.39,20.63,3.4900630150266787,3907559,82558677.11
301260.SZ,20260727,20260727 10:35:39,格力博,12.42,12.08,12.45,12.08,12.14,2.3064250411861664,782085,9660495.85
301261.SZ,20260727,20260727 10:36:00,恒工精密,53.26,51.64,53.84,51.64,51.59,3.2370614460166536,808380,42882646.0
301262.SZ,20260727,20260727 10:35:57,海看股份,18.33,17.86,18.35,17.76,17.88,2.5167785234899265,1208416,21939734.84
301263.SZ,20260727,20260727 10:36:00,泰恩康,19.36,18.5,19.5,18.3,18.5,4.648648648648646,2421280,46436184.2
301265.SZ,20260727,20260727 10:36:00,华新科技,18.98,19.25,19.52,18.6,19.21,-1.197293076522643,3096000,58866397.0
301266.SZ,20260727,20260727 10:36:00,宇邦新材,19.29,18.6,19.3,18.39,18.67,3.320835565077651,1015160,19325995.2
301267.SZ,20260727,20260727 10:36:00,华厦眼科,15.77,15.45,15.86,15.31,15.45,2.071197411003234,1961140,30784079.4
301268.SZ,20260727,20260727 10:36:00,铭利达,12.26,11.9,12.29,11.82,11.9,3.0252100840336027,1861327,22483178.0
301269.SZ,20260727,20260727 10:36:00,华大九天,91.68,90.9,92.85,88.38,91.45,0.2515035538545707,3443146,313387482.68
301270.SZ,20260727,20260727 10:36:00,汉仪股份,27.94,27.0,28.24,26.9,26.88,3.9434523809523947,1561785,43474169.57
301272.SZ,20260727,20260727 10:35:54,英华特,30.19,29.08,30.27,29.08,29.35,2.8620102214650833,289300,8648939.0
301273.SZ,20260727,20260727 10:36:00,瑞晨环保,39.01,37.62,40.5,37.11,38.68,0.8531540847983354,3339206,129925977.76
301275.SZ,20260727,20260727 10:35:57,汉朔科技,40.35,39.6,40.6,39.45,39.8,1.3819095477387133,1581459,63619138.77
301276.SZ,20260727,20260727 10:36:00,嘉曼服饰,17.75,16.39,17.87,16.39,16.83,5.4664289958407775,2200201,38225881.74
301277.SZ,20260727,20260727 10:36:00,新天地,9.8,9.35,9.85,9.3,9.44,3.8135593220339103,3357050,32593176.5
301278.SZ,20260727,20260727 10:36:00,快可电子,25.58,24.94,25.63,24.67,24.7,3.5627530364372495,506500,12794581.0
301279.SZ,20260727,20260727 10:36:00,金道科技,16.61,16.04,16.68,15.87,16.07,3.3602986932171675,898660,14786754.5
301280.SZ,20260727,20260727 10:35:54,珠城科技,37.74,37.02,38.21,36.2,37.02,1.944894651539708,950860,35580402.62
301281.SZ,20260727,20260727 10:36:00,科源制药,35.21,33.71,36.12,33.38,34.0,3.55882352941177,2562596,89457893.75
301282.SZ,20260727,20260727 10:36:00,金禄电子,22.45,21.1,22.56,21.1,21.31,5.349601126231818,4355600,96359700.8
301283.SZ,20260727,20260727 10:36:00,聚胶股份,24.03,23.64,24.16,23.43,23.6,1.8220338983050866,390185,9361985.85
301285.SZ,20260727,20260727 10:36:00,鸿日达,73.64,71.5,75.95,69.53,70.98,3.747534516765283,1771200,129869540.0
301286.SZ,20260727,20260727 10:35:57,侨源股份,39.15,36.85,39.63,36.85,37.7,3.8461538461538325,992400,38266579.0
301287.SZ,20260727,20260727 10:35:45,康力源,32.09,31.43,32.24,30.65,31.45,2.0349761526232246,264600,8368688.0
301288.SZ,20260727,20260727 10:36:00,清研环境,14.6,14.29,14.71,14.09,14.25,2.4561403508772006,764800,11088710.0
301289.SZ,20260727,20260727 10:35:57,国缆检测,40.93,40.15,41.2,40.15,40.38,1.3620604259534375,159400,6482198.0
301290.SZ,20260727,20260727 10:35:54,东星医疗,25.0,24.33,25.18,23.75,24.42,2.375102375102367,1742400,42811609.0
301291.SZ,20260727,20260727 10:36:00,明阳电气,38.5,37.44,38.73,37.33,38.04,1.2092534174553027,3448300,131891253.0
301292.SZ,20260727,20260727 10:36:00,海科新源,65.35,66.33,68.32,64.12,63.76,2.493726474278546,13001852,858911160.93
301293.SZ,20260727,20260727 10:36:00,三博脑科,57.95,51.89,58.85,51.88,51.55,12.415130940834151,15129859,848638424.57
301295.SZ,20260727,20260727 10:36:00,美硕科技,35.39,34.0,35.98,32.85,34.0,4.088235294117659,1521700,52662976.0
301296.SZ,20260727,20260727 10:35:57,新巨丰,6.1,5.94,6.1,5.92,5.94,2.6936026936026813,1093800,6601932.0
301297.SZ,20260727,20260727 10:36:00,富乐德,31.74,31.71,32.22,29.8,31.71,0.09460737937558861,11063007,345372958.5
301298.SZ,20260727,20260727 10:36:00,东利机械,11.03,10.63,11.08,10.51,10.63,3.76293508936969,975966,10622977.72
301299.SZ,20260727,20260727 10:36:00,卓创资讯,39.25,37.95,39.36,37.3,37.98,3.343865192206441,433900,16806448.0
301300.SZ,20260727,20260727 10:36:00,远翔新材,27.57,26.98,27.63,26.41,26.63,3.5298535486293803,468045,12710875.3
301301.SZ,20260727,20260727 10:35:57,川宁生物,8.55,8.33,8.62,8.33,8.37,2.1505376344086224,5082000,43319015.0
301302.SZ,20260727,20260727 10:36:00,华如科技,21.28,20.6,21.36,20.4,21.14,0.6622516556291425,3545950,74159683.5
301303.SZ,20260727,20260727 10:35:54,真兰仪表,13.16,12.95,13.21,12.83,12.95,1.6216216216216273,926200,12122515.0
301305.SZ,20260727,20260727 10:36:00,朗坤科技,21.18,20.78,21.36,20.55,20.77,1.9740009629273025,2363800,49753938.0
301306.SZ,20260727,20260727 10:36:00,西测测试,88.27,85.79,89.26,84.4,85.03,3.810419851817004,1504600,130727673.01
301307.SZ,20260727,20260727 10:36:00,美利信,58.16,58.54,59.79,56.28,59.17,-1.7069460875443698,3639004,211274923.2
301308.SZ,20260727,20260727 10:36:00,江波龙,367.31,365.06,375.66,348.9,370.01,-0.7297100078376251,8019989,2919666289.52
301309.SZ,20260727,20260727 10:36:00,万得凯,27.51,25.17,27.61,25.11,25.1,9.601593625498017,1214500,32604907.0
301310.SZ,20260727,20260727 10:36:00,鑫宏业,57.71,51.53,58.82,51.53,50.61,14.028848053744314,8550139,480355828.75
301311.SZ,20260727,20260727 10:35:54,昆船智能,13.07,12.53,13.08,12.35,12.78,2.2691705790297334,3021006,38582324.0
301312.SZ,20260727,20260727 10:36:00,智立方,64.39,62.94,65.5,61.88,62.13,3.637534202478676,3046797,195592733.99
301313.SZ,20260727,20260727 10:36:00,凡拓数创,31.79,31.38,32.09,30.57,31.4,1.2420382165605037,1908900,60239392.0
301314.SZ,20260727,20260727 10:36:00,科瑞思,36.09,34.56,36.14,34.18,35.0,3.114285714285714,358053,12694929.93
301315.SZ,20260727,20260727 10:36:00,威士顿,34.61,33.01,34.65,32.5,33.25,4.090225563909766,608477,20677029.4
301316.SZ,20260727,20260727 10:36:00,慧博云通,35.05,34.27,35.73,33.38,34.89,0.45858412152477435,6149145,213474735.21
301317.SZ,20260727,20260727 10:36:00,鑫磊股份,45.31,43.05,46.79,42.0,43.4,4.400921658986179,1623100,73439712.0
301318.SZ,20260727,20260727 10:35:57,维海德,19.02,18.46,19.09,18.35,18.58,2.3681377825619077,455200,8557111.0
301319.SZ,20260727,20260727 10:36:00,唯特偶,95.35,90.23,98.83,87.8,90.52,5.335837384003539,5634276,527925108.44
301320.SZ,20260727,20260727 10:35:57,豪江智能,11.72,11.22,11.74,11.09,11.26,4.085257548845478,1196500,13792960.0
301321.SZ,20260727,20260727 10:36:00,翰博高新,34.35,34.83,35.37,32.21,35.47,-3.1575979701155887,3831300,130508340.0
301322.SZ,20260727,20260727 10:36:00,绿通科技,32.98,31.45,33.43,31.22,31.94,3.2561051972448185,1889694,61496999.14
301323.SZ,20260727,20260727 10:36:00,新莱福,74.01,74.0,74.63,71.88,74.13,-0.16187778227436667,834200,61272873.0
301325.SZ,20260727,20260727 10:36:00,曼恩斯特,28.31,27.32,28.35,27.12,27.13,4.349428676741618,792572,22110620.8
301326.SZ,20260727,20260727 10:36:00,捷邦科技,87.26,85.21,88.83,83.52,84.92,2.7555346208195886,866556,75110302.55
301327.SZ,20260727,20260727 10:35:57,华宝新能,43.26,42.0,43.35,41.95,42.24,2.414772727272707,520878,22347812.8
301328.SZ,20260727,20260727 10:36:00,维峰电子,56.62,57.75,57.97,54.12,57.65,-1.7866435385949675,1514385,85003380.5
301329.SZ,20260727,20260727 10:36:00,信音电子,17.81,17.5,17.93,17.29,17.37,2.5331030512377506,1473500,26053393.0
301330.SZ,20260727,20260727 10:36:00,熵基科技,22.8,21.32,22.99,21.21,21.42,6.442577030812324,2956976,66385380.05
301331.SZ,20260727,20260727 10:36:00,恩威医药,19.72,18.87,19.86,18.87,19.09,3.300157150340488,852900,16600799.0
301332.SZ,20260727,20260727 10:36:00,德尔玛,7.61,7.49,7.63,7.4,7.49,1.602136181575431,1138800,8617748.0
301333.SZ,20260727,20260727 10:36:00,诺思格,49.05,47.47,49.98,47.12,47.67,2.8949024543738044,1349020,66015117.2
301335.SZ,20260727,20260727 10:36:00,天元宠物,20.15,19.38,20.29,19.29,19.4,3.8659793814433074,759500,15099924.0
301336.SZ,20260727,20260727 10:36:00,趣睡科技,35.68,34.5,35.83,34.5,34.9,2.2349570200573154,257580,9078330.0
301337.SZ,20260727,20260727 10:35:57,亚华电子,22.14,21.05,22.33,20.76,21.01,5.378391242265579,1001479,21848567.64
301338.SZ,20260727,20260727 10:36:00,凯格精机,92.88,92.51,95.0,89.81,91.89,1.0773751224289807,1804263,167551222.05
301339.SZ,20260727,20260727 10:36:00,通行宝,10.82,10.7,10.92,10.59,10.64,1.6917293233082775,4251180,45875336.33
301345.SZ,20260727,20260727 10:36:00,涛涛车业,255.95,255.01,259.89,250.0,256.9,-0.36979369404437357,728700,185994404.0
301348.SZ,20260727,20260727 10:36:00,蓝箭电子,18.45,18.0,18.61,17.61,18.13,1.765030336458917,4256188,77470592.12
301349.SZ,20260727,20260727 10:36:00,信德新材,39.53,38.47,39.7,38.31,38.43,2.862347124642217,1702148,66652745.65
301353.SZ,20260727,20260727 10:35:54,普莱得,15.53,15.0,15.62,14.8,15.03,3.3266799733865593,733030,11283945.6
301355.SZ,20260727,20260727 10:35:57,南王科技,9.0,8.72,9.03,8.69,8.72,3.2110091743119185,1159400,10344403.0
301356.SZ,20260727,20260727 10:36:00,天振股份,16.83,16.69,17.25,16.38,16.88,-0.2962085308056861,1965440,32867964.19
301357.SZ,20260727,20260727 10:36:00,北方长龙,99.33,88.61,99.9,84.88,92.58,7.290991574854178,6545667,618956520.65
301358.SZ,20260727,20260727 10:36:00,湖南裕能,65.59,65.2,66.5,64.3,63.92,2.6126408010012536,10654039,696904646.81
301359.SZ,20260727,20260727 10:35:54,东南电子,14.76,14.18,14.79,14.0,14.15,4.310954063604244,751100,10921151.0
301360.SZ,20260727,20260727 10:36:00,荣旗科技,47.01,45.65,47.66,45.17,45.63,3.024326101249164,1052880,49113718.9
301361.SZ,20260727,20260727 10:35:51,众智科技,26.91,26.25,26.98,26.1,26.31,2.2805017103762815,439506,11750971.2
301362.SZ,20260727,20260727 10:36:00,民爆光电,115.85,115.01,117.93,111.35,114.66,1.0378510378510342,2193305,252258115.64
301363.SZ,20260727,20260727 10:36:00,美好医疗,16.55,15.2,16.7,15.17,15.25,8.52459016393443,12381744,200636018.76
301365.SZ,20260727,20260727 10:36:00,矩阵股份,37.25,36.43,37.8,36.19,36.66,1.6093835242771526,1083302,40203077.84
301366.SZ,20260727,20260727 10:36:00,一博科技,38.45,38.01,38.88,36.9,37.56,2.3695420660276856,2404820,91884904.03
301367.SZ,20260727,20260727 10:36:00,瑞迈特,46.39,45.54,47.24,44.88,46.86,-1.002987622705931,2396540,110556181.2
301368.SZ,20260727,20260727 10:36:00,丰立智能,38.16,36.33,38.16,36.18,36.35,4.9793672627235,1093713,41051189.78
301369.SZ,20260727,20260727 10:36:00,联动科技,135.33,138.17,140.15,132.98,138.15,-2.04125950054288,1248315,170267539.25
301370.SZ,20260727,20260727 10:36:00,国科恒泰,8.42,8.09,8.46,8.06,8.14,3.439803439803435,2219600,18561117.0
301371.SZ,20260727,20260727 10:35:54,敷尔佳,23.32,23.19,23.45,22.65,22.96,1.5679442508710784,1260620,29095951.0
301372.SZ,20260727,20260727 10:36:00,科净源,27.8,26.99,28.03,26.75,26.99,3.001111522786215,440700,12128060.0
301373.SZ,20260727,20260727 10:36:00,凌玮科技,86.4,86.54,88.49,83.95,85.01,1.6351017527349798,1622800,140394944.13
301376.SZ,20260727,20260727 10:35:57,致欧科技,18.28,17.93,18.31,17.81,18.02,1.4428412874583962,542500,9829991.0
301377.SZ,20260727,20260727 10:36:00,鼎泰高科,404.22,399.61,417.27,393.71,396.6,1.9213313161875911,2204364,895918244.48
301378.SZ,20260727,20260727 10:36:00,通达海,22.4,21.49,22.58,21.02,21.17,5.810108644307976,1047687,22972801.04
301379.SZ,20260727,20260727 10:36:00,天山电子,22.72,22.2,23.14,21.2,22.67,0.2205558006175501,12720792,282769684.04
301380.SZ,20260727,20260727 10:36:00,挖金客,29.26,28.48,29.53,28.2,28.56,2.4509803921568762,1530345,44454537.5
301381.SZ,20260727,20260727 10:36:00,赛维时代,22.42,21.95,23.0,21.82,22.32,0.44802867383513245,5530027,124765430.66
301382.SZ,20260727,20260727 10:36:00,蜂助手,34.88,34.58,35.3,32.57,35.6,-2.0224719101123556,8386959,285494723.93
301383.SZ,20260727,20260727 10:36:00,天键股份,20.36,19.6,20.47,19.16,19.36,5.165289256198347,1001700,20028994.0
301386.SZ,20260727,20260727 10:35:51,未来电器,18.81,18.14,18.84,18.14,18.38,2.3394994559303495,454200,8474921.0
301387.SZ,20260727,20260727 10:36:00,光大同创,53.22,51.63,54.15,50.43,50.72,4.92902208201893,1694391,88866233.9
301388.SZ,20260727,20260727 10:36:00,欣灵电气,21.77,21.01,21.8,20.71,21.03,3.5187826913932296,733200,15685195.0
301389.SZ,20260727,20260727 10:36:00,隆扬电子,49.4,48.71,50.54,48.08,47.95,3.023983315954104,3481808,172132977.09
301390.SZ,20260727,20260727 10:36:00,经纬股份,26.78,25.49,26.87,25.11,25.49,5.06080816006278,473900,12479265.0
301391.SZ,20260727,20260727 10:36:00,卡莱特,45.4,43.58,45.89,43.58,44.18,2.761430511543672,724695,32567384.0
301392.SZ,20260727,20260727 10:36:00,汇成真空,158.92,159.86,163.63,153.59,159.01,-0.0566002138230326,1779736,283058436.24
301393.SZ,20260727,20260727 10:36:00,昊帆生物,60.4,57.01,61.79,57.0,57.85,4.407951598962834,1566909,93838672.84
301395.SZ,20260727,20260727 10:36:00,仁信新材,8.99,8.5,9.01,8.4,8.46,6.264775413711576,1853505,16290609.8
301396.SZ,20260727,20260727 10:36:00,宏景科技,172.63,176.68,180.4,169.02,179.34,-3.74149659863946,6566637,1149805233.35
301397.SZ,20260727,20260727 10:36:00,溯联股份,27.36,26.35,27.77,26.09,26.35,3.8330170777988615,2854759,76876279.26
301398.SZ,20260727,20260727 10:36:00,星源卓镁,33.4,32.06,33.91,31.68,32.04,4.24469413233457,812063,26773846.44
301399.SZ,20260727,20260727 10:36:00,英特科技,14.73,14.26,14.76,14.22,14.23,3.5137034434293835,675792,9839428.52
301408.SZ,20260727,20260727 10:36:00,华人健康,13.7,13.03,13.78,12.94,13.08,4.740061162079501,10565980,143146140.8
301413.SZ,20260727,20260727 10:36:00,安培龙,55.53,54.0,56.0,53.56,54.21,2.434975096845604,1136732,62535309.06
301418.SZ,20260727,20260727 10:36:00,协昌科技,33.55,32.7,33.81,32.68,33.11,1.3289036544850363,1049100,34966064.0
301419.SZ,20260727,20260727 10:36:00,阿莱德,28.12,27.74,28.37,27.34,27.78,1.223902087832962,1408750,39425535.75
301421.SZ,20260727,20260727 10:36:00,波长光电,66.59,66.16,67.96,63.98,66.33,0.3919794964571066,2432044,161032952.96
301428.SZ,20260727,20260727 10:35:57,世纪恒通,26.32,25.33,26.48,25.04,25.39,3.6628593934619813,2124245,55084683.39
301429.SZ,20260727,20260727 10:35:39,森泰股份,15.48,14.78,15.55,14.74,14.93,3.6838580040187585,724700,11080880.0
301439.SZ,20260727,20260727 10:36:00,泓淋电力,13.96,13.85,13.99,13.55,14.14,-1.2729844413012725,6298943,87046770.73
301446.SZ,20260727,20260727 10:35:30,福事特,32.0,31.36,32.8,30.33,30.82,3.8286826735885793,638750,20187174.0
301448.SZ,20260727,20260727 10:35:42,开创电气,38.26,37.5,39.13,37.3,38.07,0.4990806409246096,558130,21382439.5
301449.SZ,20260727,20260727 10:36:00,天溯计量,31.84,30.6,31.87,30.6,31.06,2.5112685125563416,272141,8596963.27
301456.SZ,20260727,20260727 10:35:54,盘古智能,21.3,20.5,21.31,20.5,20.63,3.24769752787204,608200,12820615.0
301458.SZ,20260727,20260727 10:36:00,钧崴电子,35.08,34.15,35.5,33.62,34.3,2.2740524781341254,3425900,118984609.0
301459.SZ,20260727,20260727 10:35:57,丰茂股份,30.17,29.58,30.27,29.57,29.67,1.6852039096730609,171600,5153263.0
301468.SZ,20260727,20260727 10:36:00,博盈特焊,29.02,28.13,29.18,28.1,28.14,3.1272210376688037,2240982,64058813.44
301469.SZ,20260727,20260727 10:35:57,恒达新材,24.39,23.57,24.39,23.51,23.72,2.8246205733558183,576700,13919607.0
301479.SZ,20260727,20260727 10:36:00,弘景光电,46.09,44.87,46.44,44.79,45.13,2.1271881231996526,471494,21668247.8
301486.SZ,20260727,20260727 10:36:00,致尚科技,145.0,140.5,147.78,136.99,140.5,3.2028469750889688,2197400,317598655.2
301487.SZ,20260727,20260727 10:36:00,盟固利,15.87,15.0,15.93,14.9,14.81,7.157326130992558,9158316,141933689.57
301488.SZ,20260727,20260727 10:36:00,豪恩汽电,96.53,94.23,96.8,92.89,93.67,3.053272125547135,504810,47974409.1
301489.SZ,20260727,20260727 10:36:00,思泉新材,109.23,106.7,111.0,102.8,106.51,2.5537508215190963,2450630,262870735.9
301491.SZ,20260727,20260727 10:36:00,汉桑科技,36.88,36.69,36.95,36.15,36.38,1.374381528312263,202300,7394613.0
301498.SZ,20260727,20260727 10:36:00,乖宝宠物,38.96,37.48,39.75,37.1,37.64,3.506907545164717,3181932,123726328.72
301499.SZ,20260727,20260727 10:36:00,维科精密,22.58,21.98,22.65,21.87,22.2,1.7117117117117164,1025995,22935217.75
301500.SZ,20260727,20260727 10:36:00,飞南资源,20.99,20.74,21.17,20.71,20.51,2.3403217942467025,6345669,132653867.52
301501.SZ,20260727,20260727 10:35:57,恒鑫生活,27.1,26.53,27.15,26.25,26.65,1.6885553470919357,385800,10315589.0
301502.SZ,20260727,20260727 10:36:00,华阳智能,49.58,47.87,49.95,44.21,47.86,3.5938152946092705,541900,26472210.0
301503.SZ,20260727,20260727 10:35:51,智迪科技,26.18,25.04,26.2,25.0,25.14,4.1368337311058045,320700,8242074.0
301505.SZ,20260727,20260727 10:36:00,苏州规划,14.79,14.1,14.8,14.1,14.21,4.081632653061207,1140683,16643628.91
301507.SZ,20260727,20260727 10:36:00,民生健康,11.86,11.46,11.92,11.4,11.45,3.580786026200866,2331690,27362492.7
301508.SZ,20260727,20260727 10:36:00,中机认检,22.46,22.0,22.49,21.95,22.09,1.6749660479855155,438300,9788691.0
301509.SZ,20260727,20260727 10:36:00,金凯生科,27.71,26.55,27.95,26.55,26.76,3.550074738415532,1462650,40343522.2
301510.SZ,20260727,20260727 10:36:00,固高科技,24.78,24.0,24.93,23.86,24.0,3.2499999999999973,3128162,76713160.36
301511.SZ,20260727,20260727 10:36:00,德福科技,76.63,76.83,79.2,74.93,75.48,1.523582405935331,10174787,784284061.48
301512.SZ,20260727,20260727 10:35:57,智信精密,38.14,36.11,38.38,36.11,36.3,5.06887052341598,624399,23441052.52
301515.SZ,20260727,20260727 10:36:00,港通医疗,16.8,16.26,16.94,16.08,16.22,3.5758323057953234,936100,15492555.0
301516.SZ,20260727,20260727 10:36:00,中远通,16.25,15.92,16.4,15.71,16.08,1.0572139303482775,2865900,46208362.0
301517.SZ,20260727,20260727 10:36:00,陕西华达,37.57,36.0,37.69,35.91,36.32,3.4416299559471453,1131193,41901383.84
301518.SZ,20260727,20260727 10:35:54,长华化学,22.43,21.32,22.45,21.32,21.6,3.8425925925925863,872972,19211329.84
301519.SZ,20260727,20260727 10:36:00,舜禹股份,10.4,10.02,10.42,10.02,10.15,2.4630541871921263,1386000,14300464.0
301520.SZ,20260727,20260727 10:36:00,万邦医药,59.5,53.0,61.09,52.35,53.59,11.028176898675124,10771267,613930267.16
301522.SZ,20260727,20260727 10:36:00,上大股份,21.79,21.26,21.83,21.02,21.09,3.3191085822664723,1673000,36015063.0
301525.SZ,20260727,20260727 10:36:00,儒竞科技,37.06,36.02,37.11,36.02,35.97,3.03030303030305,470480,17245608.2
301526.SZ,20260727,20260727 10:36:00,国际复材,28.73,26.13,29.7,25.99,25.7,11.789883268482493,136753531,3854545488.01
301528.SZ,20260727,20260727 10:36:00,多浦乐,45.84,45.5,46.57,44.37,45.31,1.1697197086735889,570812,26079404.46
301529.SZ,20260727,20260727 10:36:00,福赛科技,78.05,75.67,79.68,74.78,75.35,3.583278035832782,979980,75917008.6
301533.SZ,20260727,20260727 10:35:51,威马农机,23.69,22.85,23.71,22.7,22.96,3.179442508710806,461425,10818167.0
301535.SZ,20260727,20260727 10:36:00,浙江华远,16.33,16.75,16.87,15.01,16.41,-0.48750761730652625,8375656,133571176.36
301536.SZ,20260727,20260727 10:36:00,星宸科技,127.54,132.0,133.0,120.0,131.8,-3.2321699544764826,15445216,1970200052.12
301538.SZ,20260727,20260727 10:36:00,骏鼎达,35.83,34.34,35.97,34.03,34.55,3.704775687409545,821928,29045012.72
301539.SZ,20260727,20260727 10:36:00,宏鑫科技,13.39,12.85,13.42,12.85,12.81,4.527712724434041,940000,12410330.0
301548.SZ,20260727,20260727 10:36:00,崇德科技,61.6,60.57,61.98,59.15,60.56,1.7173051519154603,661926,40136907.17
301550.SZ,20260727,20260727 10:36:00,斯菱智驱,72.35,72.0,73.46,70.45,71.57,1.0898421126170232,1974795,142696412.02
301551.SZ,20260727,20260727 10:36:00,无线传媒,19.38,18.81,19.44,18.65,18.95,2.2691292875989477,2506099,48100117.87
301552.SZ,20260727,20260727 10:35:57,科力装备,23.29,22.0,23.96,21.8,22.16,5.099277978339356,3325374,76432189.99
301555.SZ,20260727,20260727 10:35:57,惠柏新材,28.71,28.09,28.9,27.79,28.09,2.207191171235312,687791,19596034.62
301556.SZ,20260727,20260727 10:35:57,托普云农,53.44,52.29,53.54,51.73,52.18,2.41471828286699,398700,21113554.0
301557.SZ,20260727,20260727 10:36:00,常友科技,75.94,76.2,76.6,74.69,74.63,1.7553262762963984,189765,14403865.95
301558.SZ,20260727,20260727 10:36:00,三态股份,6.26,6.05,6.27,6.0,6.09,2.791461412151075,3189800,19792910.3
301559.SZ,20260727,20260727 10:36:00,中集环科,12.79,12.53,12.81,12.51,12.55,1.9123505976095467,654541,8321128.29
301560.SZ,20260727,20260727 10:35:48,众捷汽车,22.45,21.81,22.51,21.74,22.04,1.8602540834845804,399700,8894794.0
301563.SZ,20260727,20260727 10:36:00,云汉芯城,119.73,117.68,121.41,116.33,118.5,1.0379746835443182,636390,76037498.94
301565.SZ,20260727,20260727 10:36:00,中仑新材,18.78,17.99,18.84,17.99,18.11,3.699613473219232,1587300,29392836.07
301566.SZ,20260727,20260727 10:36:00,达利凯普,22.17,21.43,22.62,21.43,21.51,3.0683403068340276,10540662,233117141.69
301567.SZ,20260727,20260727 10:36:00,贝隆精密,30.99,29.5,31.18,29.46,29.87,3.7495815199196425,504200,15379618.0
301568.SZ,20260727,20260727 10:36:00,思泰克,66.04,65.6,67.08,63.28,65.0,1.6000000000000014,1963467,128598675.59
301571.SZ,20260727,20260727 10:36:00,国科天成,64.63,61.1,65.87,60.92,62.27,3.7899470049783,3544609,227814532.6
301575.SZ,20260727,20260727 10:35:48,艾芬达,25.68,25.06,25.75,25.02,25.07,2.4331870761866714,284415,7265953.75
301577.SZ,20260727,20260727 10:35:51,美信科技,52.08,50.66,52.5,50.05,51.25,1.6195121951219527,697772,35972312.6
301578.SZ,20260727,20260727 10:36:00,辰奕智能,20.9,20.45,21.08,20.15,21.0,-0.4761904761904856,1414690,29214767.35
301580.SZ,20260727,20260727 10:36:00,爱迪特,51.6,49.83,52.43,49.36,49.58,4.074223477208561,3901338,200231006.72
301581.SZ,20260727,20260727 10:35:42,黄山谷捷,33.38,32.3,33.57,32.1,32.3,3.3436532507740147,320800,10632061.0
301584.SZ,20260727,20260727 10:36:00,建发致新,21.08,19.91,21.83,19.91,20.1,4.875621890547244,2953670,61903194.32
301585.SZ,20260727,20260727 10:36:00,蓝宇股份,24.77,24.0,24.8,24.0,23.9,3.640167364016733,414500,10141735.0
301586.SZ,20260727,20260727 10:35:48,佳力奇,29.46,28.26,29.55,28.03,28.7,2.648083623693376,520700,15105083.0
301587.SZ,20260727,20260727 10:36:00,中瑞股份,20.87,20.67,21.27,20.24,20.42,2.203721841332018,3190144,66135359.21
301588.SZ,20260727,20260727 10:36:00,美新科技,33.98,32.77,34.59,32.38,32.77,3.6924015868171844,1608101,54014063.54
301589.SZ,20260727,20260727 10:36:00,诺瓦星云,132.0,130.37,132.77,129.4,130.31,1.2969073747218118,292934,38532995.38
301590.SZ,20260727,20260727 10:35:54,优优绿能,102.04,99.01,103.88,99.01,99.0,3.0707070707070683,328300,33424365.0
301591.SZ,20260727,20260727 10:36:00,肯特股份,27.0,26.15,27.2,25.94,26.41,2.2340022718667196,1698128,45240615.72
301592.SZ,20260727,20260727 10:35:57,六九一二,93.56,92.0,93.99,90.51,93.1,0.4940923737916325,571972,52731799.56
301595.SZ,20260727,20260727 10:36:00,太力科技,34.48,33.7,34.65,33.33,33.88,1.7709563164108433,272800,9314359.0
301596.SZ,20260727,20260727 10:36:00,瑞迪智驱,40.45,39.03,40.8,38.76,38.99,3.7445498845857905,917638,36675586.74
301598.SZ,20260727,20260727 10:36:00,博科测试,45.58,44.56,45.65,44.15,44.59,2.22022875084098,184229,8306133.45
301600.SZ,20260727,20260727 10:36:00,慧翰股份,87.81,84.06,90.57,82.56,84.11,4.399001307811212,1221149,105080824.12
301601.SZ,20260727,20260727 10:35:57,惠通科技,14.49,14.14,14.53,14.05,14.15,2.402826855123674,870368,12519376.64
301602.SZ,20260727,20260727 10:35:54,超研股份,14.62,14.08,14.68,14.08,14.22,2.8129395218002617,1071900,15550585.0
301603.SZ,20260727,20260727 10:36:00,乔锋智能,105.93,103.83,107.7,102.09,104.85,1.0300429184549431,898200,94459572.1
301606.SZ,20260727,20260727 10:36:00,绿联科技,52.26,53.4,53.45,50.51,53.45,-2.226379794200195,2009214,103932418.42
301607.SZ,20260727,20260727 10:36:00,富特科技,36.25,35.89,36.88,34.87,36.15,0.2766251728907321,3997849,143977237.37
301608.SZ,20260727,20260727 10:35:57,博实结,42.9,42.0,43.0,41.38,41.8,2.6315789473684292,509124,21598982.2
301609.SZ,20260727,20260727 10:36:00,山大电力,34.84,33.6,35.35,33.18,34.12,2.110199296600257,2072437,71648047.76
301611.SZ,20260727,20260727 10:36:00,珂玛科技,96.61,94.6,98.8,89.59,94.6,2.124735729386895,7458119,708341262.52
301613.SZ,20260727,20260727 10:35:57,新铝时代,37.76,37.22,38.0,37.22,37.45,0.8277703604806286,246300,9288619.0
301616.SZ,20260727,20260727 10:35:57,浙江华业,33.71,32.1,34.6,31.55,32.09,5.048301651604858,592700,19886193.14
301617.SZ,20260727,20260727 10:35:57,博苑新材,45.93,45.31,46.46,45.0,45.31,1.3683513573162553,322501,14771865.13
301618.SZ,20260727,20260727 10:35:57,长联科技,31.35,30.6,31.45,30.0,30.8,1.7857142857142794,831647,25517683.77
301622.SZ,20260727,20260727 10:35:57,英思特,39.51,39.05,39.66,38.66,38.66,2.1986549405069944,513226,20184734.42
301626.SZ,20260727,20260727 10:36:00,苏州天脉,219.49,211.45,223.5,208.48,212.4,3.3380414312617734,888900,192904464.39
301628.SZ,20260727,20260727 10:35:48,强达电路,73.76,71.03,74.38,71.03,72.0,2.444444444444449,575771,42250007.72
301629.SZ,20260727,20260727 10:36:00,矽电股份,249.0,247.77,255.0,236.48,249.39,-0.15638157103331496,562500,139302576.0
301630.SZ,20260727,20260727 10:36:00,同宇新材,166.29,162.67,169.43,160.46,160.44,3.6462228870605795,904058,149790504.04
301631.SZ,20260727,20260727 10:36:00,壹连科技,58.68,57.01,59.24,55.77,57.28,2.44413407821229,1661124,95693090.36
301632.SZ,20260727,20260727 10:36:00,广东建科,14.34,14.0,14.35,13.9,14.02,2.2824536376604865,953111,13543557.42
301633.SZ,20260727,20260727 10:35:54,港迪技术,55.9,54.34,57.58,53.6,55.42,0.8661133164922452,1178100,65987328.4
301636.SZ,20260727,20260727 10:36:00,泽润新能,36.76,35.44,36.77,35.44,35.76,2.796420581655479,368253,13340573.67
301638.SZ,20260727,20260727 10:36:00,南网数字,23.07,22.78,23.2,22.4,23.0,0.3043478260869481,6695072,153324304.64
301656.SZ,20260727,20260727 10:35:54,联合动力,16.29,16.1,16.32,16.0,16.17,0.7421150278293043,1498911,24216096.48
301658.SZ,20260727,20260727 10:36:00,首航新能,23.55,22.54,23.58,22.54,22.67,3.8817820908689793,2291848,53103423.6
301662.SZ,20260727,20260727 10:36:00,宏工科技,65.35,62.71,66.66,62.71,62.23,5.013659006909843,1641617,106282913.33
301665.SZ,20260727,20260727 10:35:51,泰禾股份,22.6,22.49,22.78,22.39,22.48,0.5338078291815096,740207,16719423.04
301667.SZ,20260727,20260727 10:36:00,纳百川,56.59,54.87,56.88,54.6,55.0,2.8909090909090995,527412,29613700.31
301668.SZ,20260727,20260727 10:36:00,昊创瑞通,30.43,29.75,30.46,29.49,29.65,2.6306913996627435,317582,9572560.77
301678.SZ,20260727,20260727 10:36:00,新恒汇,42.34,41.86,42.85,40.83,41.6,1.7788461538461586,1545650,64954413.94
301687.SZ,20260727,20260727 10:36:00,新广益,47.02,46.2,47.66,45.5,46.2,1.7748917748917847,1188674,55651134.22
302132.SZ,20260727,20260727 10:36:00,中航成飞,55.79,55.19,56.3,54.28,55.69,0.17956545160711102,4502567,249250382.15
600000.SH,20260727,20260727 10:36:00,浦发银行,9.02,9.0,9.11,8.96,9.04,-0.22123893805309214,20414575,184431947.0
600004.SH,20260727,20260727 10:36:03,白云机场,7.66,7.67,7.73,7.64,7.67,-0.13037809647978849,4393515,33747412.0
600006.SH,20260727,20260727 10:36:02,东风股份,5.42,5.35,5.45,5.32,5.33,1.6885553470919357,11505500,62063986.0
600007.SH,20260727,20260727 10:36:03,中国国贸,18.84,18.85,18.95,18.76,18.86,-0.10604453870625141,730110,13765573.0
600008.SH,20260727,20260727 10:36:03,首创环保,2.88,2.88,2.91,2.87,2.89,-0.34602076124568004,31495350,90872020.0
600009.SH,20260727,20260727 10:36:01,上海机场,23.73,23.7,23.98,23.7,23.7,0.12658227848101333,3631371,86513921.0
600010.SH,20260727,20260727 10:36:01,包钢股份,2.17,2.16,2.18,2.15,2.16,0.4629629629629539,119791040,259898674.0
600011.SH,20260727,20260727 10:36:02,华能国际,7.09,7.01,7.13,6.98,7.09,0.0,41048497,290102462.0
600012.SH,20260727,20260727 10:36:00,皖通高速,18.37,17.87,18.58,17.7,17.87,2.7979854504756485,3680418,67114803.0
600015.SH,20260727,20260727 10:36:01,华夏银行,7.01,6.99,7.05,6.98,7.01,0.0,32657441,228956599.0
600016.SH,20260727,20260727 10:36:02,民生银行,3.5,3.5,3.53,3.48,3.5,0.0,125121151,438408074.0
600017.SH,20260727,20260727 10:36:01,日照港,2.71,2.69,2.72,2.67,2.7,0.37037037037035425,12620000,34076623.0
600018.SH,20260727,20260727 10:36:01,上港集团,5.15,5.14,5.19,5.11,5.14,0.1945525291829009,17478413,90080241.0
600019.SH,20260727,20260727 10:36:01,宝钢股份,5.94,5.91,5.96,5.89,5.91,0.5076142131979822,32748415,194158455.0
600020.SH,20260727,20260727 10:36:01,中原高速,3.75,3.71,3.76,3.71,3.73,0.536193029490617,5534100,20712643.0
600021.SH,20260727,20260727 10:36:01,上海电力,14.26,13.9,14.29,13.9,14.21,0.3518648838845895,20723724,293275349.0
600022.SH,20260727,20260727 10:36:03,山东钢铁,1.34,1.32,1.35,1.32,1.32,1.5151515151515138,45184221,60498879.0
600023.SH,20260727,20260727 10:36:02,浙能电力,5.32,5.33,5.37,5.3,5.36,-0.7462686567164201,20725400,110500193.0
600025.SH,20260727,20260727 10:36:03,华能水电,9.95,10.01,10.12,9.9,10.04,-0.8964143426294813,17315000,173094798.0
600026.SH,20260727,20260727 10:36:02,中远海能,15.76,15.52,15.89,15.3,15.55,1.3504823151125445,28974057,453468051.0
600027.SH,20260727,20260727 10:36:00,华电国际,4.67,4.68,4.74,4.65,4.69,-0.4264392324093924,29298461,137314556.0
600028.SH,20260727,20260727 10:36:03,中国石化,5.14,5.13,5.16,5.09,5.19,-0.9633911368015502,111307067,570713463.0
600029.SH,20260727,20260727 10:36:00,南方航空,5.13,5.13,5.19,5.11,5.04,1.7857142857142794,49419299,254527850.0
600030.SH,20260727,20260727 10:36:01,中信证券,28.07,28.3,28.3,27.77,27.95,0.42933810375671566,46362298,1298517979.0
600031.SH,20260727,20260727 10:36:01,三一重工,19.6,19.98,19.98,19.3,19.58,0.10214504596528506,28617972,558226035.0
600032.SH,20260727,20260727 10:36:01,浙江新能,7.34,6.96,7.35,6.95,7.1,3.3802816901408406,21055301,151630854.0
600033.SH,20260727,20260727 10:36:01,福建高速,3.53,3.53,3.55,3.49,3.52,0.28409090909089496,7729900,27265527.0
600035.SH,20260727,20260727 10:35:56,楚天高速,3.46,3.44,3.48,3.43,3.44,0.5813953488372103,6443900,22318932.0
600036.SH,20260727,20260727 10:36:03,招商银行,38.92,39.12,39.16,38.69,39.2,-0.7142857142857117,34136062,1329381843.0
600037.SH,20260727,20260727 10:36:02,歌华有线,6.66,6.58,6.68,6.54,6.57,1.3698630136986356,7230600,47841204.0
600038.SH,20260727,20260727 10:36:02,中直股份,26.16,25.8,26.3,25.7,25.81,1.356063541263075,2781835,72602126.0
600039.SH,20260727,20260727 10:36:01,四川路桥,8.78,8.82,8.9,8.74,8.81,-0.34052213393871433,6333500,55831725.0
600048.SH,20260727,20260727 10:36:03,保利发展,5.01,4.92,5.06,4.92,4.95,1.2121212121211977,55369783,277455165.0
600050.SH,20260727,20260727 10:36:03,中国联通,4.41,4.45,4.45,4.39,4.42,-0.2262443438914019,56654274,250486635.0
600051.SH,20260727,20260727 10:36:02,宁波联合,5.63,5.58,5.65,5.54,5.56,1.25899280575541,2265300,12735319.0
600052.SH,20260727,20260727 10:36:02,东望时代,3.49,3.41,3.5,3.4,3.42,2.046783625731008,3569750,12376733.0
600053.SH,20260727,20260727 10:36:03,*ST九鼎,6.73,6.67,6.75,6.53,6.58,2.2796352583586588,670421,4482649.0
600054.SH,20260727,20260727 10:35:57,黄山旅游,10.84,10.71,10.92,10.71,10.82,0.1848428835489857,2219608,24093596.0
600055.SH,20260727,20260727 10:36:00,万东医疗,10.56,10.29,10.66,10.22,10.31,2.424830261881672,3247098,34216267.0
600056.SH,20260727,20260727 10:36:00,中国医药,9.37,9.17,9.41,9.15,9.2,1.8478260869565277,8328621,77856812.0
600057.SH,20260727,20260727 10:36:01,厦门象屿,6.39,6.24,6.42,6.15,6.25,2.2399999999999975,10579402,67186095.0
600058.SH,20260727,20260727 10:36:02,五矿发展,8.84,8.35,8.88,8.3,8.35,5.868263473053892,8673606,75508875.0
600059.SH,20260727,20260727 10:36:02,古越龙山,7.77,7.65,7.8,7.65,7.69,1.0403120936280708,3125900,24227493.0
600060.SH,20260727,20260727 10:36:03,海信视像,27.28,26.5,27.54,26.09,26.5,2.943396226415107,5202900,140473229.0
600061.SH,20260727,20260727 10:36:02,国投资本,6.37,6.31,6.38,6.26,6.3,1.1111111111111072,14447900,91571659.0
600062.SH,20260727,20260727 10:36:00,华润双鹤,16.76,16.56,16.91,16.53,16.63,0.781719783523771,3644020,61182534.0
600063.SH,20260727,20260727 10:36:02,皖维高新,5.64,5.41,5.72,5.41,5.45,3.4862385321100753,27095700,151368184.0
600064.SH,20260727,20260727 10:36:01,南京高科,7.52,7.47,7.55,7.44,7.48,0.53475935828875,6878062,51680417.0
600066.SH,20260727,20260727 10:36:01,宇通客车,31.74,31.66,31.93,31.28,31.66,0.25268477574225123,3650450,115208134.0
600067.SH,20260727,20260727 10:36:02,冠城新材,2.59,2.5,2.6,2.5,2.51,3.1872509960159334,7117802,18239690.0
600071.SH,20260727,20260727 10:36:03,凤凰光学,14.61,14.11,14.61,14.11,14.19,2.9598308668076,1017676,14690637.0
600072.SH,20260727,20260727 10:36:03,中船科技,8.61,8.28,8.63,8.26,8.34,3.237410071942448,12928464,109693665.0
600073.SH,20260727,20260727 10:35:58,光明肉业,5.01,4.95,5.03,4.91,4.95,1.2121212121211977,3075284,15347277.0
600075.SH,20260727,20260727 10:36:01,新疆天业,4.47,4.41,4.47,4.35,4.47,0.0,12553800,55377821.0
600076.SH,20260727,20260727 10:36:03,康欣新材,2.7,2.65,2.72,2.64,2.66,1.5037593984962516,4671200,12559113.0
600078.SH,20260727,20260727 10:36:01,澄星股份,9.37,9.18,9.39,9.13,9.2,1.8478260869565277,5802200,53777792.0
600079.SH,20260727,20260727 10:36:02,ST人福,17.42,17.22,17.52,17.22,17.19,1.3379872018615568,4863583,84825982.0
600080.SH,20260727,20260727 10:35:38,ST金花,4.58,4.5,4.61,4.5,4.54,0.8810572687224738,560300,2561011.0
600081.SH,20260727,20260727 10:35:58,东风科技,9.59,9.45,9.6,9.33,9.39,2.1299254526091493,953055,9068362.0
600082.SH,20260727,20260727 10:35:53,ST海泰,2.57,2.5,2.57,2.48,2.5,2.8000000000000025,2685001,6834337.0
600084.SH,20260727,20260727 10:36:03,*ST尼雅,3.99,3.83,4.02,3.83,3.88,2.8350515463917647,1235001,4866527.0
600085.SH,20260727,20260727 10:36:02,同仁堂,25.26,25.01,25.47,24.97,25.06,0.7980845969672856,3930571,99323817.0
600088.SH,20260727,20260727 10:36:03,中视传媒,10.92,10.64,10.95,10.55,10.67,2.3430178069353325,2342420,25270311.0
600089.SH,20260727,20260727 10:36:02,特变电工,20.47,20.49,20.8,20.21,20.39,0.3923491907797949,61045224,1250744664.0
600094.SH,20260727,20260727 10:36:02,大名城,3.61,3.58,3.66,3.53,3.57,1.1204481792717047,7856278,28457487.0
600095.SH,20260727,20260727 10:36:02,湘财股份,8.49,8.43,8.56,8.15,8.53,-0.4689331770222682,36561434,305476779.0
600096.SH,20260727,20260727 10:36:01,云天化,29.1,28.66,29.15,28.51,28.8,1.041666666666674,9073391,262339662.0
600097.SH,20260727,20260727 10:35:59,开创国际,7.72,7.49,7.73,7.47,7.49,3.0707610146862407,1863200,14252368.0
600098.SH,20260727,20260727 10:36:02,广州发展,6.29,6.19,6.32,6.15,6.19,1.6155088852988664,13357341,83697243.0
600099.SH,20260727,20260727 10:35:57,林海股份,7.9,7.75,7.92,7.72,7.69,2.7308192457737412,1211200,9502618.0
600100.SH,20260727,20260727 10:36:02,同方股份,6.86,6.68,6.91,6.68,6.79,1.0309278350515427,12088428,82498766.0
600101.SH,20260727,20260727 10:36:02,明星电力,8.04,7.82,8.11,7.8,7.93,1.387137452711218,6344844,50749071.0
600103.SH,20260727,20260727 10:36:01,青山纸业,2.68,2.59,2.69,2.58,2.6,3.076923076923088,29519477,78355867.0
600104.SH,20260727,20260727 10:36:03,上汽集团,10.46,10.38,10.53,10.37,10.38,0.7707129094412402,18692900,195650500.0
600105.SH,20260727,20260727 10:36:01,永鼎股份,34.14,34.19,34.88,32.83,33.57,1.6979445933869464,40844680,1390719141.0
600106.SH,20260727,20260727 10:36:03,重庆路桥,4.13,4.01,4.17,4.01,4.02,2.736318407960203,7742200,31863448.0
600107.SH,20260727,20260727 10:35:48,*ST尔雅,5.27,5.13,5.28,5.13,5.19,1.541425818882458,706400,3708878.0
600108.SH,20260727,20260727 10:36:01,亚盛集团,2.99,2.86,3.0,2.84,2.87,4.181184668989557,39784400,117278427.0
600109.SH,20260727,20260727 10:36:03,国金证券,8.49,8.45,8.52,8.38,8.44,0.5924170616113722,10243900,86571475.0
600110.SH,20260727,20260727 10:36:02,诺德股份,9.03,8.84,9.15,8.66,8.7,3.7931034482758585,48676211,435835537.0
600111.SH,20260727,20260727 10:36:03,北方稀土,39.41,39.76,39.76,39.01,39.03,0.9736100435562278,15861319,624377413.0
600113.SH,20260727,20260727 10:36:03,浙江东日,28.94,28.35,29.08,27.63,27.9,3.7275985663082434,3313692,94637529.0
600114.SH,20260727,20260727 10:36:00,东睦股份,26.06,25.8,26.7,25.63,25.75,1.203883495145619,6022692,157592915.0
600115.SH,20260727,20260727 10:36:02,中国东航,3.61,3.59,3.68,3.59,3.54,1.9774011299434902,97533219,354815567.0
600116.SH,20260727,20260727 10:36:02,三峡水利,6.45,6.36,6.48,6.34,6.37,1.2558869701726927,10604297,68122799.0
600117.SH,20260727,20260727 10:35:59,西宁特钢,2.16,2.17,2.18,2.14,2.15,0.46511627906977715,4638500,10013130.0
600118.SH,20260727,20260727 10:36:01,中国卫星,59.53,57.6,59.95,57.06,57.78,3.028729664243679,14816820,869625460.0
600119.SH,20260727,20260727 10:36:00,*ST长投,4.15,4.09,4.15,4.09,4.08,1.71568627450982,523200,2149663.0
600120.SH,20260727,20260727 10:36:02,浙江东方,4.94,4.83,4.95,4.81,4.85,1.8556701030927991,17553600,86025739.0
600121.SH,20260727,20260727 10:36:03,郑州煤电,3.64,3.47,3.67,3.47,3.64,0.0,27904976,100360096.0
600123.SH,20260727,20260727 10:36:03,兰花科创,6.43,6.26,6.5,6.26,6.41,0.31201248049921304,15107120,96829589.0
600125.SH,20260727,20260727 10:36:03,铁龙物流,5.41,5.38,5.43,5.38,5.41,0.0,3920800,21235760.0
600126.SH,20260727,20260727 10:36:02,杭钢股份,6.09,5.99,6.12,5.89,6.07,0.32948929159801743,31964397,192182747.0
600127.SH,20260727,20260727 10:36:03,金健米业,5.51,5.44,5.52,5.39,5.45,1.1009174311926495,4229800,23147989.0
600128.SH,20260727,20260727 10:36:01,苏豪弘业,7.44,7.15,7.45,7.15,7.26,2.4793388429752206,1698400,12491817.0
600129.SH,20260727,20260727 10:36:01,太极集团,15.16,14.5,15.28,14.5,14.73,2.919212491513923,13519044,203085502.0
600130.SH,20260727,20260727 10:36:01,波导股份,3.72,3.61,3.73,3.6,3.63,2.4793388429752206,7756400,28554882.0
600131.SH,20260727,20260727 10:36:03,国网信通,15.45,14.91,15.5,14.91,15.06,2.589641434262946,4484546,68920907.0
600132.SH,20260727,20260727 10:36:02,重庆啤酒,43.7,43.8,44.12,43.21,43.5,0.45977011494253706,1215805,53313145.0
600133.SH,20260727,20260727 10:36:01,东湖高新,7.83,7.6,7.87,7.56,7.66,2.2193211488250597,10583090,82194019.0
600135.SH,20260727,20260727 10:36:03,乐凯胶片,6.86,6.58,6.9,6.56,6.58,4.255319148936176,4018300,27248426.0
600136.SH,20260727,20260727 10:36:02,ST明诚,1.39,1.37,1.4,1.36,1.36,2.2058823529411686,3612000,4999190.0
600137.SH,20260727,20260727 10:35:57,浪莎股份,15.9,15.16,15.9,15.09,15.16,4.881266490765168,879000,13728501.0
600138.SH,20260727,20260727 10:36:01,中青旅,6.92,6.79,6.95,6.79,6.78,2.0648967551622377,3471500,23956678.0
600141.SH,20260727,20260727 10:36:01,兴发集团,29.8,28.99,30.15,28.98,29.62,0.6076975016880537,14692058,435113125.0
600143.SH,20260727,20260727 10:36:00,金发科技,14.46,14.05,14.53,14.02,14.05,2.918149466192177,13696049,196829996.0
600148.SH,20260727,20260727 10:36:03,长春一东,14.27,13.83,14.28,13.78,13.94,2.3672883787661414,1134108,15928237.0
600149.SH,20260727,20260727 10:36:02,廊坊发展,4.46,4.29,4.47,4.29,4.31,3.480278422273786,4814800,21186161.0
600150.SH,20260727,20260727 10:36:00,中国船舶,33.36,33.3,33.55,32.95,33.06,0.9074410163339319,29673889,986588747.0
600151.SH,20260727,20260727 10:36:02,航天机电,9.16,8.71,9.23,8.6,8.72,5.045871559633031,16453178,148264663.0
600152.SH,20260727,20260727 10:36:01,维科技术,7.58,7.2,7.6,7.16,7.21,5.131761442441052,11946312,88835021.0
600153.SH,20260727,20260727 10:36:02,建发股份,8.7,8.49,8.77,8.49,8.56,1.635514018691575,8831300,76808053.0
600155.SH,20260727,20260727 10:36:01,华创云信,5.7,5.58,5.72,5.54,5.53,3.074141048824597,19344102,109359546.0
600156.SH,20260727,20260727 10:36:01,华升股份,7.22,6.97,7.23,6.94,6.97,3.5868005738880937,4570300,32579962.0
600157.SH,20260727,20260727 10:36:01,永泰能源,1.58,1.56,1.58,1.55,1.56,1.2820512820512775,166972353,261776094.0
600158.SH,20260727,20260727 10:36:02,中体产业,6.58,6.45,6.62,6.36,6.6,-0.3030303030302939,29152949,189599985.0
600159.SH,20260727,20260727 10:36:03,大龙地产,2.26,2.19,2.27,2.17,2.19,3.1963470319634535,9154558,20557796.0
600160.SH,20260727,20260727 10:36:03,巨化股份,39.8,39.58,40.4,39.15,39.78,0.05027652086475598,13354672,532954709.0
600161.SH,20260727,20260727 10:36:02,天坛生物,12.24,12.1,12.32,12.02,12.05,1.5767634854771728,5639662,68862939.0
600162.SH,20260727,20260727 10:36:01,香江控股,2.72,2.69,2.77,2.6,2.72,0.0,100353691,271305981.0
600163.SH,20260727,20260727 10:36:02,中闽能源,5.26,5.02,5.31,5.01,5.09,3.3398821218074692,15376079,79868497.0
600165.SH,20260727,20260727 10:36:03,ST宁科,2.43,2.32,2.43,2.3,2.21,9.954751131221728,8753350,20887822.0
600166.SH,20260727,20260727 10:36:02,福田汽车,3.02,2.97,3.06,2.96,2.95,2.372881355932188,74017900,223544451.0
600167.SH,20260727,20260727 10:36:03,联美控股,5.7,5.64,5.73,5.63,5.66,0.7067137809187329,4133500,23509499.0
600168.SH,20260727,20260727 10:36:01,武汉控股,4.18,4.18,4.19,4.11,4.15,0.7228915662650381,1792100,7475534.0
600169.SH,20260727,20260727 10:36:02,ST太重,2.01,1.97,2.01,1.97,1.97,2.030456852791862,4200302,8378974.0
600170.SH,20260727,20260727 10:36:01,上海建工,2.32,2.29,2.32,2.28,2.3,0.8695652173912993,38098976,87943621.0
600171.SH,20260727,20260727 10:36:03,上海贝岭,22.54,22.3,22.69,21.97,22.4,0.6250000000000089,5235844,117431213.0
600172.SH,20260727,20260727 10:36:04,黄河旋风,11.16,11.05,11.38,10.59,11.03,1.1786038077969296,66937221,740327407.0
600173.SH,20260727,20260727 10:36:02,卧龙新能,5.97,5.9,6.01,5.8,5.9,1.186440677966094,7127127,42341488.0
600176.SH,20260727,20260727 10:36:03,中国巨石,38.83,37.2,40.24,37.13,37.34,3.9903588644884636,125807669,4906765278.0
600177.SH,20260727,20260727 10:36:03,雅戈尔,7.76,7.74,7.81,7.71,7.74,0.2583979328165231,11438100,88886811.0
600178.SH,20260727,20260727 10:36:02,东安动力,9.4,9.31,9.82,9.05,9.5,-1.0526315789473606,14028200,132402575.0
600179.SH,20260727,20260727 10:36:04,安通控股,4.18,4.14,4.21,4.13,4.14,0.9661835748792313,9376300,39207219.0
600180.SH,20260727,20260727 10:35:56,*ST瑞茂,1.37,1.31,1.38,1.31,1.33,3.007518796992481,9704100,13087411.0
600182.SH,20260727,20260727 10:36:02,S佳通,12.79,12.61,12.86,12.58,12.63,1.2668250197941378,658600,8431554.0
600183.SH,20260727,20260727 10:36:04,生益科技,119.55,120.0,122.63,114.66,118.71,0.7076067728076785,27391046,3274969776.0
600184.SH,20260727,20260727 10:36:03,光电股份,16.92,16.6,17.12,16.4,16.84,0.47505938242280443,9023185,151516156.0
600185.SH,20260727,20260727 10:36:01,珠免集团,4.58,4.48,4.59,4.44,4.46,2.6905829596412634,9861906,44767293.0
600186.SH,20260727,20260727 10:36:02,莲花控股,8.65,8.38,8.83,8.3,8.48,2.004716981132071,57765043,497494897.0
600187.SH,20260727,20260727 10:36:03,*ST国中,1.39,1.38,1.4,1.35,1.39,0.0,11234900,15462315.0
600188.SH,20260727,20260727 10:36:03,兖矿能源,19.48,19.02,19.7,18.91,19.73,-1.2671059300557563,38731901,746468045.0
600189.SH,20260727,20260727 10:36:04,泉阳泉,6.97,6.89,7.05,6.89,6.88,1.3081395348837122,4963300,34622726.0
600191.SH,20260727,20260727 10:36:01,华资实业,8.56,8.4,8.63,8.4,8.51,0.5875440658049458,2483401,21160380.0
600192.SH,20260727,20260727 10:36:01,长城电工,6.34,6.05,6.34,6.04,6.08,4.2763157894736725,4495400,28096357.0
600195.SH,20260727,20260727 10:36:02,中牧股份,6.36,6.27,6.37,6.22,6.27,1.435406698564612,1961100,12413089.0
600196.SH,20260727,20260727 10:36:03,XD复星医,22.7,22.35,22.79,22.22,22.28,1.8850987432674993,10317957,233049677.0
600197.SH,20260727,20260727 10:36:04,伊力特,10.05,10.06,10.09,9.99,10.03,0.1994017946161719,1831300,18408018.0
600198.SH,20260727,20260727 10:36:03,大唐电信,6.79,6.6,6.82,6.6,6.65,2.105263157894721,6078900,40836738.0
600199.SH,20260727,20260727 10:36:04,金种子酒,6.74,6.62,6.87,6.58,6.69,0.7473841554558991,7292100,48887132.0
600201.SH,20260727,20260727 10:36:03,生物股份,11.19,11.21,11.33,11.01,11.19,0.0,7195000,80643313.0
600202.SH,20260727,20260727 10:35:48,哈空调,4.42,4.29,4.43,4.26,4.25,4.0000000000000036,3229500,14105915.0
600203.SH,20260727,20260727 10:36:02,福日电子,9.22,8.82,9.29,8.82,8.97,2.7870680044593144,9258398,84355421.0
600206.SH,20260727,20260727 10:36:02,有研新材,46.59,43.3,47.7,41.08,44.0,5.886363636363634,95078305,4269055083.0
600207.SH,20260727,20260727 10:36:03,安彩高科,4.07,3.91,4.1,3.91,3.91,4.092071611253201,9676300,38964356.0
600208.SH,20260727,20260727 10:36:04,衢州发展,2.8,2.75,2.81,2.74,2.76,1.449275362318847,35471302,98723574.0
600210.SH,20260727,20260727 10:36:03,紫江企业,6.1,6.04,6.12,6.02,6.04,0.9933774834437026,6458200,39258868.0
600211.SH,20260727,20260727 10:36:02,西藏药业,37.88,37.0,38.21,36.78,37.22,1.773240193444403,1874960,70726358.0
600212.SH,20260727,20260727 10:36:01,绿能慧充,5.03,4.85,5.04,4.85,4.88,3.073770491803285,4206307,20926318.0
600215.SH,20260727,20260727 10:36:03,派斯林,5.42,5.4,5.45,5.29,5.33,1.6885553470919357,2366300,12770397.0
600216.SH,20260727,20260727 10:36:03,浙江医药,11.86,11.52,11.92,11.51,11.63,1.9776440240756532,8136745,95999196.0
600217.SH,20260727,20260727 10:36:04,中再资环,3.09,3.0,3.09,3.0,3.04,1.6447368421052655,10383300,31630841.0
600218.SH,20260727,20260727 10:36:04,全柴动力,7.24,7.0,7.25,7.0,7.07,2.40452616690241,2337399,16761556.0
600219.SH,20260727,20260727 10:36:02,南山铝业,4.44,4.47,4.51,4.37,4.46,-0.4484304932735328,120573693,532204002.0
600221.SH,20260727,20260727 10:36:02,海航控股,1.33,1.33,1.34,1.32,1.33,0.0,87892407,117014298.0
600222.SH,20260727,20260727 10:36:04,太龙药业,7.04,6.9,7.06,6.83,6.9,2.0289855072463725,5066200,35293413.0
600223.SH,20260727,20260727 10:35:56,福瑞达,5.38,5.2,5.4,5.2,5.22,3.065134099616862,4769700,25460998.0
600226.SH,20260727,20260727 10:36:02,亨通股份,5.53,5.42,5.6,5.32,5.4,2.4074074074074137,53856592,294973103.0
600227.SH,20260727,20260727 10:36:01,赤天化,3.15,2.82,3.19,2.82,3.13,0.6389776357827559,104045799,313989667.0
600228.SH,20260727,20260727 10:36:03,返利科技,5.8,5.65,5.87,5.63,5.69,1.9332161687170446,9927600,57548278.0
600229.SH,20260727,20260727 10:36:04,城市传媒,4.7,4.62,4.72,4.6,4.61,1.9522776572667988,1967951,9214496.0
600230.SH,20260727,20260727 10:36:02,沧州大化,12.91,12.49,13.02,12.37,12.55,2.868525896414331,8817400,111772996.0
600231.SH,20260727,20260727 10:36:01,凌钢股份,1.64,1.62,1.65,1.59,1.61,1.8633540372670732,6121500,9962717.0
600232.SH,20260727,20260727 10:36:02,金鹰股份,5.64,5.34,5.66,5.34,5.4,4.444444444444429,3288800,18278362.0
600233.SH,20260727,20260727 10:36:03,圆通速递,17.36,17.32,17.48,17.21,17.26,0.5793742757821407,6629465,115194472.0
600234.SH,20260727,20260727 10:36:02,科新发展,18.78,18.28,19.32,17.8,18.11,3.699613473219232,1723995,32191737.0
600235.SH,20260727,20260727 10:36:03,民丰特纸,5.12,5.01,5.13,4.96,5.01,2.1956087824351433,2960600,14984273.0
600236.SH,20260727,20260727 10:36:02,桂冠电力,10.38,10.39,10.56,10.13,10.7,-2.990654205607468,16617694,172215152.0
600237.SH,20260727,20260727 10:36:02,铜峰电子,7.8,7.62,7.86,7.5,7.63,2.2280471821756187,12278108,94870507.0
600238.SH,20260727,20260727 10:35:42,*ST椰岛,3.94,3.89,3.95,3.88,3.9,1.025641025641022,1054600,4144521.0
600239.SH,20260727,20260727 10:35:58,ST云城,1.33,1.32,1.34,1.3,1.32,0.7575757575757569,6387499,8479315.0
600241.SH,20260727,20260727 10:36:01,时代万恒,6.69,6.33,6.91,6.33,6.28,6.52866242038217,7579185,50845527.0
600243.SH,20260727,20260727 10:36:03,*ST海华,3.01,3.06,3.09,2.94,3.01,0.0,2277700,6931255.0
600246.SH,20260727,20260727 10:36:02,万通发展,13.55,13.13,13.78,13.01,13.52,0.22189349112426981,59843789,802669648.0
600248.SH,20260727,20260727 10:36:04,陕建股份,2.83,2.81,2.85,2.78,2.81,0.7117437722419906,9804800,27770127.0
600249.SH,20260727,20260727 10:36:02,两面针,4.84,4.69,4.86,4.68,4.72,2.5423728813559254,3140002,15086049.0
600250.SH,20260727,20260727 10:36:01,南京商旅,7.76,7.58,7.77,7.55,7.58,2.37467018469657,2799000,21580954.0
600251.SH,20260727,20260727 10:36:03,冠农股份,9.15,9.25,9.25,9.06,9.14,0.1094091903719896,4016880,36708405.0
600252.SH,20260727,20260727 10:36:02,中恒集团,2.17,2.11,2.19,2.09,2.11,2.8436018957346043,28793303,62149266.0
600255.SH,20260727,20260727 10:36:02,鑫科材料,3.02,2.96,3.03,2.95,2.96,2.0270270270270396,21295200,63748153.0
600256.SH,20260727,20260727 10:36:03,广汇能源,5.34,5.32,5.37,5.16,5.42,-1.4760147601476037,75910152,399885683.0
600257.SH,20260727,20260727 10:36:02,大湖股份,4.81,4.71,4.82,4.69,4.73,1.6913319238900382,6862600,32790266.0
600258.SH,20260727,20260727 10:36:03,首旅酒店,11.81,11.8,12.08,11.7,11.54,2.3396880415944565,12186964,144391847.0
600259.SH,20260727,20260727 10:36:03,中稀有色,72.12,71.49,72.98,70.42,71.11,1.4203346927295746,3737062,267883543.0
600261.SH,20260727,20260727 10:36:01,阳光照明,2.96,2.92,2.97,2.92,2.92,1.3698630136986356,2126109,6265458.0
600262.SH,20260727,20260727 10:36:01,北方股份,13.72,13.3,13.76,13.22,13.31,3.0803906836964767,1892460,25714250.0
600265.SH,20260727,20260727 10:35:35,*ST景谷,20.84,20.29,20.86,20.29,20.49,1.70815031722793,204810,4239966.0
600266.SH,20260727,20260727 10:36:03,城建发展,3.98,3.87,4.0,3.87,3.9,2.051282051282044,14784214,58559146.0
600267.SH,20260727,20260727 10:36:01,海正药业,11.78,11.59,11.98,11.51,11.56,1.903114186851207,25625962,302271181.0
600268.SH,20260727,20260727 10:36:02,国电南自,10.97,10.8,11.15,10.73,10.88,0.8272058823529438,14584786,159131811.0
600269.SH,20260727,20260727 10:36:03,赣粤高速,3.97,3.96,4.0,3.93,3.96,0.2525252525252597,7640233,30333222.0
600271.SH,20260727,20260727 10:36:03,航天信息,6.63,6.51,6.64,6.46,6.51,1.8433179723502224,5305400,34848477.0
600272.SH,20260727,20260727 10:36:04,开开实业,10.25,10.03,10.3,9.95,10.03,2.193419740777669,1317600,13427580.0
600273.SH,20260727,20260727 10:36:04,嘉化能源,6.76,6.64,6.77,6.62,6.66,1.501501501501501,5472550,36775282.0
600276.SH,20260727,20260727 10:36:04,恒瑞医药,53.81,53.9,54.56,52.88,53.45,0.6735266604303014,30151959,1622692252.0
600278.SH,20260727,20260727 10:36:00,东方创业,6.12,6.02,6.13,6.01,6.03,1.4925373134328401,1532400,9331351.0
600279.SH,20260727,20260727 10:36:04,重庆港,4.09,4.06,4.11,4.01,4.06,0.7389162561576512,3021500,12293798.0
600280.SH,20260727,20260727 10:36:02,中央商场,2.55,2.5,2.57,2.42,2.49,2.409638554216853,20054400,50780121.0
600281.SH,20260727,20260727 10:36:04,华阳新材,3.87,3.81,3.88,3.75,3.78,2.3809523809523947,3379200,12940992.0
600282.SH,20260727,20260727 10:36:03,南钢股份,4.82,4.84,4.91,4.81,4.86,-0.8230452674897082,13237440,64150081.0
600283.SH,20260727,20260727 10:35:50,钱江水利,7.69,7.61,7.7,7.61,7.65,0.5228758169934622,546340,4194495.0
600284.SH,20260727,20260727 10:35:59,浦东建设,4.89,4.81,4.91,4.8,4.83,1.2422360248447228,4360355,21168734.0
600285.SH,20260727,20260727 10:36:03,羚锐制药,22.27,22.2,22.48,21.93,21.91,1.6430853491556263,3780235,84399998.0
600287.SH,20260727,20260727 10:35:59,苏豪时尚,4.24,4.08,4.25,4.08,4.11,3.1630170316301776,2103300,8838335.0
600288.SH,20260727,20260727 10:36:03,大恒科技,10.02,9.6,10.08,9.49,9.62,4.158004158004158,27992344,276424696.0
600289.SH,20260727,20260727 10:36:02,ST信通,4.4,4.29,4.42,4.23,4.33,1.616628175519641,1199500,5198789.0
600292.SH,20260727,20260727 10:36:04,电投水电,12.1,12.0,12.24,11.91,12.0,0.8333333333333304,4015900,48510885.0
600293.SH,20260727,20260727 10:36:04,三峡新材,2.59,2.52,2.6,2.49,2.52,2.777777777777768,12203899,31339670.0
600295.SH,20260727,20260727 10:36:04,鄂尔多斯,12.43,12.52,12.59,12.32,12.44,-0.0803858520900258,4644552,57715742.0
600298.SH,20260727,20260727 10:36:01,安琪酵母,37.88,37.96,38.23,37.6,37.99,-0.2895498815477793,3581905,135811431.0
600299.SH,20260727,20260727 10:36:02,安迪苏,8.13,7.95,8.14,7.88,7.97,2.0075282308657627,16166114,129624396.0
600300.SH,20260727,20260727 10:35:59,维维股份,3.03,3.01,3.05,2.99,3.01,0.6644518272425293,6833400,20680054.0
600301.SH,20260727,20260727 10:36:02,华锡有色,40.8,40.23,41.33,39.65,39.6,3.0303030303030276,3925697,159085729.0
600302.SH,20260727,20260727 10:36:02,ST标准,5.57,5.52,5.64,5.4,5.5,1.2727272727272698,2720900,15065062.0
600303.SH,20260727,20260727 10:36:03,曙光股份,2.46,2.37,2.48,2.35,2.38,3.3613445378151363,10306100,25029879.0
600305.SH,20260727,20260727 10:36:03,恒顺醋业,6.67,6.65,6.7,6.58,6.62,0.7552870090634434,3214809,21423460.0
600307.SH,20260727,20260727 10:36:02,酒钢宏兴,1.42,1.41,1.44,1.41,1.41,0.7092198581560183,13895600,19791233.0
600308.SH,20260727,20260727 10:36:02,华泰股份,3.17,3.11,3.17,3.1,3.11,1.9292604501607746,3046912,9582989.0
600309.SH,20260727,20260727 10:36:03,万华化学,74.14,74.54,74.54,72.37,73.75,0.5288135593220389,13575973,996818077.0
600310.SH,20260727,20260727 10:36:03,广西能源,4.35,4.13,4.49,4.11,4.17,4.316546762589923,46755685,200390762.0
600312.SH,20260727,20260727 10:36:02,平高电气,18.83,18.66,18.99,18.52,18.63,1.0735373054213682,15820800,297065863.0
600313.SH,20260727,20260727 10:36:02,农发种业,5.47,5.34,5.47,5.3,5.42,0.9225092250922495,8712000,47018440.0
600315.SH,20260727,20260727 10:36:03,上海家化,17.45,16.7,17.55,16.68,16.7,4.491017964071853,4081065,70456134.0
600316.SH,20260727,20260727 10:36:02,洪都航空,25.28,24.8,25.34,24.31,24.88,1.6077170418006492,6463100,160148633.0
600318.SH,20260727,20260727 10:36:02,新力金融,6.16,6.0,6.17,5.95,6.01,2.4958402662229595,6074500,36964678.0
600319.SH,20260727,20260727 10:36:02,亚星化学,5.32,5.17,5.34,5.15,5.17,2.9013539651837617,2000300,10520279.0
600320.SH,20260727,20260727 10:36:04,振华重工,4.19,4.14,4.2,4.12,4.12,1.6990291262136026,16515020,68810850.0
600322.SH,20260727,20260727 10:36:03,津投城开,2.48,2.44,2.5,2.44,2.47,0.4048582995951344,6910700,17102700.0
600323.SH,20260727,20260727 10:36:03,瀚蓝环境,30.2,29.85,30.52,29.81,30.07,0.43232457598936236,2454900,74121775.0
600325.SH,20260727,20260727 10:36:03,华发股份,2.39,2.32,2.41,2.3,2.33,2.5751072961373467,33037300,78569882.0
600326.SH,20260727,20260727 10:36:04,西藏天路,6.24,6.06,6.25,6.06,6.1,2.2950819672131306,9133922,56425850.0
600327.SH,20260727,20260727 10:36:00,大东方,3.45,3.4,3.48,3.34,3.4,1.4705882352941346,5853900,20159311.0
600328.SH,20260727,20260727 10:36:03,中盐化工,6.19,6.12,6.19,6.06,6.11,1.3093289689034338,6060070,37109343.0
600329.SH,20260727,20260727 10:36:03,达仁堂,36.88,36.6,37.25,36.47,36.61,0.7375034143676684,1725300,63641800.0
600330.SH,20260727,20260727 10:36:02,天通股份,19.2,18.65,19.52,18.04,18.35,4.632152588555849,42306672,803541752.0
600331.SH,20260727,20260727 10:36:02,宏达股份,11.91,12.0,12.1,11.83,11.8,0.9322033898305104,20153000,241085399.0
600332.SH,20260727,20260727 10:36:04,白云山,21.7,21.58,21.89,21.47,21.59,0.509495136637339,4442834,96630664.0
600333.SH,20260727,20260727 10:36:03,长春燃气,5.64,5.53,5.65,5.37,5.58,1.0752688172043001,6858641,37949798.0
600335.SH,20260727,20260727 10:36:02,国机汽车,4.96,4.87,4.97,4.86,4.89,1.4314928425357865,4970887,24508431.0
600336.SH,20260727,20260727 10:36:03,澳柯玛,5.81,5.49,5.88,5.45,5.54,4.873646209386284,8740802,50256293.0
600337.SH,20260727,20260727 10:35:55,ST美克,2.9,2.93,2.97,2.86,2.96,-2.0270270270270285,10281500,29839550.0
600338.SH,20260727,20260727 10:36:02,西藏珠峰,12.48,12.25,12.51,12.16,12.16,2.6315789473684292,16593035,204965969.0
600339.SH,20260727,20260727 10:36:04,中油工程,3.28,3.18,3.29,3.18,3.33,-1.501501501501512,36128984,116966161.0
600340.SH,20260727,20260727 10:36:03,*ST华幸,1.05,1.03,1.05,1.02,1.04,0.9615384615384581,22632000,23436335.0
600343.SH,20260727,20260727 10:36:01,航天动力,18.15,17.2,18.34,17.08,17.2,5.523255813953476,18885108,331741576.0
600345.SH,20260727,20260727 10:36:02,长江通信,44.36,43.37,44.95,43.02,43.38,2.2591055786076453,3797669,167504670.0
600346.SH,20260727,20260727 10:36:02,恒力石化,16.15,15.81,16.18,15.5,15.95,1.2539184952978122,14901901,236467993.0
600348.SH,20260727,20260727 10:36:02,华阳股份,8.49,8.53,8.58,8.44,8.58,-1.0489510489510523,10253400,87246723.0
600350.SH,20260727,20260727 10:36:02,山东高速,11.45,11.18,11.63,11.18,11.27,1.5971606033717833,4362255,49913206.0
600351.SH,20260727,20260727 10:36:03,亚宝药业,6.53,6.38,6.58,6.38,6.41,1.8720748829953227,5991500,39022447.0
600352.SH,20260727,20260727 10:36:03,浙江龙盛,12.66,12.16,12.79,12.1,12.28,3.0944625407166138,26008608,326238511.0
600353.SH,20260727,20260727 10:36:02,旭光电子,26.25,26.49,27.08,25.34,26.48,-0.8685800604229632,21740132,572899475.0
600354.SH,20260727,20260727 10:36:02,敦煌种业,5.8,5.78,5.83,5.66,5.79,0.17271157167528806,17100466,98504596.0
600356.SH,20260727,20260727 10:36:03,恒丰纸业,7.6,7.37,7.63,7.37,7.41,2.564102564102555,2459700,18572336.0
600358.SH,20260727,20260727 10:36:04,国旅联合,4.9,4.85,4.92,4.81,4.84,1.2396694214876103,1564400,7636149.0
600359.SH,20260727,20260727 10:35:53,新农开发,5.67,5.48,5.73,5.46,5.51,2.9038112522685955,3716114,20936736.0
600360.SH,20260727,20260727 10:36:01,华微电子,10.13,9.84,10.25,9.52,9.93,2.014098690835864,33802600,336006044.0
600361.SH,20260727,20260727 10:36:03,创新新材,3.63,3.6,3.66,3.58,3.6,0.8333333333333304,22066800,80131111.0
600362.SH,20260727,20260727 10:36:02,江西铜业,42.71,43.2,43.4,42.58,42.5,0.49411764705882266,17860421,766725984.0
600363.SH,20260727,20260727 10:36:04,联创光电,25.79,24.94,25.93,24.79,24.93,3.4496590453269027,6766442,171786560.0
600365.SH,20260727,20260727 10:35:37,ST通葡,2.57,2.51,2.58,2.51,2.52,1.984126984126977,583500,1495047.0
600366.SH,20260727,20260727 10:36:01,宁波韵升,10.85,10.7,10.9,10.6,10.73,1.1183597390493905,14875255,160271101.0
600367.SH,20260727,20260727 10:36:03,红星发展,30.32,30.03,30.76,28.8,29.6,2.43243243243243,9522836,285372839.0
600368.SH,20260727,20260727 10:36:02,五洲交通,3.78,3.73,3.8,3.73,3.75,0.8000000000000007,4285295,16188591.0
600369.SH,20260727,20260727 10:36:03,西南证券,4.07,4.06,4.09,4.04,4.06,0.24630541871923928,14177800,57662747.0
600370.SH,20260727,20260727 10:35:58,*ST三房,1.59,1.57,1.6,1.56,1.59,0.0,8065725,12740537.0
600371.SH,20260727,20260727 10:36:01,万向德农,6.42,6.25,6.44,6.2,6.26,2.5559105431310014,2239100,14243240.0
600372.SH,20260727,20260727 10:36:04,中航机载,11.24,11.17,11.27,11.08,11.23,0.08904719501334757,16091003,180061570.0
600373.SH,20260727,20260727 10:36:04,中文传媒,7.01,6.84,7.08,6.82,6.85,2.335766423357666,8737900,61243087.0
600375.SH,20260727,20260727 10:36:02,汉马科技,3.85,3.78,3.86,3.75,3.76,2.393617021276606,5906608,22574678.0
600376.SH,20260727,20260727 10:36:01,首开股份,3.64,3.31,3.64,3.31,3.31,9.969788519637458,118428278,422648954.0
600377.SH,20260727,20260727 10:36:02,宁沪高速,12.16,12.18,12.28,12.09,12.21,-0.40950040950041844,4013200,48806451.0
600378.SH,20260727,20260727 10:36:04,昊华科技,44.92,43.7,45.77,42.68,43.7,2.7917620137299703,31984339,1420514362.0
600379.SH,20260727,20260727 10:36:04,宝光股份,11.4,11.0,11.85,10.9,11.15,2.2421524663677195,10252445,116629639.0
600380.SH,20260727,20260727 10:36:04,健康元,10.15,10.03,10.23,10.02,10.05,0.995024875621886,5867921,59621510.0
600381.SH,20260727,20260727 10:36:01,*ST春天,3.75,3.77,3.84,3.73,3.77,-0.5305039787798393,1890400,7151978.0
600382.SH,20260727,20260727 10:36:01,广东明珠,5.9,5.79,5.91,5.71,5.74,2.7874564459930307,4480100,26183063.0
600383.SH,20260727,20260727 10:36:03,金地集团,2.2,2.15,2.21,2.14,2.15,2.3255813953488413,21816662,47668215.0
600386.SH,20260727,20260727 10:36:03,北巴传媒,3.11,3.04,3.12,3.02,3.03,2.64026402640265,3351444,10341076.0
600388.SH,20260727,20260727 10:36:04,龙净环保,16.32,16.15,16.35,16.05,16.13,1.1779293242405453,4049100,65656117.0
600389.SH,20260727,20260727 10:36:04,江山股份,18.78,18.64,19.1,18.6,18.7,0.42780748663102663,7241825,135960724.0
600390.SH,20260727,20260727 10:36:02,五矿资本,4.89,4.85,4.91,4.82,4.85,0.8247422680412342,12677140,61817004.0
600391.SH,20260727,20260727 10:36:03,航发科技,27.44,26.2,27.73,25.9,26.21,4.692865318580686,5168578,139189485.0
600392.SH,20260727,20260727 10:36:02,盛和资源,20.75,20.38,20.91,20.11,20.26,2.418558736426446,24189057,497621130.0
600395.SH,20260727,20260727 10:36:04,盘江股份,4.71,4.6,4.73,4.58,4.67,0.8565310492505418,15289101,71199113.0
600396.SH,20260727,20260727 10:36:04,华电辽能,14.8,14.0,15.5,14.0,14.77,0.20311442112390665,142308720,2116659961.0
600397.SH,20260727,20260727 10:36:02,江钨装备,14.21,13.85,14.45,13.4,13.85,2.599277978339365,26787300,376187549.0
600398.SH,20260727,20260727 10:36:03,海澜之家,5.98,5.97,6.07,5.94,5.98,0.0,15624600,93987773.0
600399.SH,20260727,20260727 10:36:04,抚顺特钢,3.96,3.92,3.96,3.86,3.88,2.0618556701030855,13982900,54884668.0
600400.SH,20260727,20260727 10:36:02,红豆股份,2.67,2.57,2.7,2.52,2.56,4.296875,26784800,70237542.0
600403.SH,20260727,20260727 10:36:03,大有能源,5.43,5.25,5.48,5.12,5.35,1.495327102803734,58572445,311889643.0
600405.SH,20260727,20260727 10:36:01,动力源,3.89,3.79,3.91,3.78,3.82,1.832460732984309,3553000,13707863.0
600406.SH,20260727,20260727 10:36:03,国电南瑞,23.81,24.28,24.37,23.6,23.58,0.9754028837998252,29339142,699998643.0
600408.SH,20260727,20260727 10:36:04,安泰集团,2.56,2.47,2.57,2.47,2.51,1.9920318725099806,15557300,39254947.0
600409.SH,20260727,20260727 10:36:03,三友化工,6.39,6.18,6.56,6.18,6.24,2.4038461538461453,23574825,151541159.0
600410.SH,20260727,20260727 10:36:01,华胜天成,13.25,12.8,13.3,12.66,12.86,3.032659409020222,20581082,268319052.0
600415.SH,20260727,20260727 10:36:03,小商品城,11.07,10.99,11.33,10.91,10.95,1.0958904109589218,34122882,378666947.0
600416.SH,20260727,20260727 10:36:03,湘电股份,8.78,8.59,8.82,8.53,8.6,2.0930232558139528,6857000,59889512.0
600418.SH,20260727,20260727 10:36:03,江淮汽车,20.52,19.66,21.07,19.57,19.64,4.480651731160901,30990793,630246490.0
600419.SH,20260727,20260727 10:35:59,天润乳业,7.71,7.6,7.72,7.57,7.58,1.715039577836408,1564300,12010731.0
600420.SH,20260727,20260727 10:36:03,国药现代,8.66,8.42,8.71,8.42,8.47,2.2432113341204207,5477085,47303521.0
600422.SH,20260727,20260727 10:36:03,昆药集团,8.94,8.78,8.96,8.67,8.73,2.405498281786933,4803668,42632052.0
600423.SH,20260727,20260727 10:35:59,*ST柳化,2.56,2.53,2.56,2.52,2.52,1.5873015873015817,1342600,3412183.0
600425.SH,20260727,20260727 10:36:02,青松建化,3.35,3.34,3.36,3.31,3.33,0.6006006006006093,3967100,13267112.0
600426.SH,20260727,20260727 10:36:03,华鲁恒升,21.25,20.17,21.4,20.12,20.69,2.706621556307387,24889650,520291975.0
600428.SH,20260727,20260727 10:36:02,中远海特,10.6,10.2,10.73,10.13,10.69,-0.8419083255378879,35483289,373116096.0
600429.SH,20260727,20260727 10:36:01,三元股份,4.15,4.02,4.15,3.97,4.02,3.2338308457711573,10174300,41562240.0
600433.SH,20260727,20260727 10:36:04,冠豪高新,3.21,3.13,3.23,3.1,3.13,2.5559105431310014,15128210,48208572.0
600435.SH,20260727,20260727 10:36:04,北方导航,10.46,10.22,10.51,10.09,10.33,1.2584704743465736,11190900,116122908.0
600436.SH,20260727,20260727 10:36:04,片仔癀,133.12,130.15,133.8,129.8,130.31,2.15639628578006,3668406,485353847.0
600438.SH,20260727,20260727 10:36:03,通威股份,11.21,11.15,11.24,11.09,11.14,0.6283662477558405,17997530,200844155.0
600439.SH,20260727,20260727 10:36:02,瑞贝卡,2.1,2.06,2.11,2.06,2.06,1.9417475728155331,3775820,7883984.0
600444.SH,20260727,20260727 10:36:03,国机通用,12.48,12.15,12.5,12.02,12.07,3.396851698425851,980800,12102245.0
600446.SH,20260727,20260727 10:36:01,金证股份,10.12,9.79,10.19,9.7,9.85,2.7411167512690238,8431384,84281035.0
600448.SH,20260727,20260727 10:36:04,华纺股份,2.48,2.39,2.48,2.37,2.4,3.3333333333333437,6283100,15388480.0
600449.SH,20260727,20260727 10:35:59,宁夏建材,11.85,11.65,11.89,11.64,11.7,1.2820512820512775,2457800,28879625.0
600452.SH,20260727,20260727 10:36:03,涪陵电力,9.68,9.33,9.73,9.3,9.44,2.5423728813559254,16576215,158956048.0
600455.SH,20260727,20260727 10:36:02,博通股份,20.89,20.2,20.9,20.0,20.11,3.8786673296867358,751800,15505316.0
600456.SH,20260727,20260727 10:36:03,宝钛股份,27.16,26.76,27.21,26.56,26.75,1.532710280373828,1627800,44034516.0
600458.SH,20260727,20260727 10:36:04,时代新材,10.74,10.43,10.78,10.43,10.41,3.1700288184438152,9723801,103352115.0
600459.SH,20260727,20260727 10:36:02,贵研铂业,17.98,17.64,18.07,17.64,17.64,1.9274376417233618,6842200,122451525.0
600460.SH,20260727,20260727 10:36:03,士兰微,31.73,31.3,32.3,30.62,31.57,0.5068102629078197,34772217,1097292214.0
600461.SH,20260727,20260727 10:36:02,洪城环境,9.22,9.17,9.36,9.1,9.17,0.5452562704471253,5229460,48339930.0
600463.SH,20260727,20260727 10:36:04,空港股份,7.32,7.22,7.35,7.03,7.13,2.664796633941102,1349801,9737038.0
600467.SH,20260727,20260727 10:36:03,好当家,2.12,2.09,2.13,2.07,2.09,1.435406698564612,10510100,22194806.0
600468.SH,20260727,20260727 10:36:02,百利电气,5.48,5.41,5.49,5.31,5.36,2.238805970149249,15395800,83598909.0
600469.SH,20260727,20260727 10:36:00,风神股份,5.16,5.04,5.16,5.04,5.04,2.3809523809523725,2234276,11442135.0
600470.SH,20260727,20260727 10:35:59,六国化工,5.25,5.14,5.28,5.11,5.15,1.9417475728155331,7901158,41112487.0
600475.SH,20260727,20260727 10:35:58,华光环能,12.79,12.41,12.85,12.36,12.47,2.5661587810745567,3246764,41150297.0
600476.SH,20260727,20260727 10:35:48,*ST湘邮,8.18,8.01,8.2,7.97,8.0,2.2499999999999964,333900,2702757.0
600477.SH,20260727,20260727 10:36:03,杭萧钢构,2.31,2.27,2.32,2.26,2.27,1.7621145374449254,10763153,24739000.0
600478.SH,20260727,20260727 10:36:03,科力远,4.81,4.63,4.82,4.63,4.63,3.88768898488121,18019226,85527703.0
600479.SH,20260727,20260727 10:36:00,千金药业,9.51,9.34,9.54,9.28,9.35,1.7112299465240621,2097700,19862664.0
600480.SH,20260727,20260727 10:36:03,凌云股份,8.44,8.22,8.48,8.22,8.24,2.4271844660194164,6003899,50502884.0
600481.SH,20260727,20260727 10:36:02,双良节能,3.92,3.84,3.93,3.79,3.82,2.617801047120416,16168440,62585972.0
600482.SH,20260727,20260727 10:36:03,中国动力,29.73,29.53,30.07,29.21,29.57,0.5410889414947606,7304191,215738818.0
600483.SH,20260727,20260727 10:36:01,福能股份,10.76,10.7,10.78,10.6,10.69,0.654817586529477,6804310,72739562.0
600486.SH,20260727,20260727 10:36:03,扬农化工,54.78,54.08,55.46,54.01,54.38,0.7355645457888915,1771270,97124767.0
600487.SH,20260727,20260727 10:36:02,亨通光电,53.82,52.87,54.86,51.32,52.43,2.6511539195117395,76776424,4104592249.0
600488.SH,20260727,20260727 10:36:04,津药药业,5.32,4.88,5.32,4.76,4.84,9.917355371900838,75245301,392010607.0
600489.SH,20260727,20260727 10:36:04,中金黄金,21.56,22.0,22.09,21.51,21.36,0.9363295880149725,39587095,862621797.0
600490.SH,20260727,20260727 10:36:02,鹏欣资源,6.39,6.28,6.43,6.21,6.06,5.44554455445545,28576796,180735251.0
600491.SH,20260727,20260727 10:36:03,ST龙元,1.23,1.22,1.24,1.21,1.23,0.0,34465297,42260911.0
600493.SH,20260727,20260727 10:36:00,凤竹纺织,5.37,5.17,5.39,5.15,5.18,3.6679536679536717,3140300,16623986.0
600495.SH,20260727,20260727 10:36:03,晋西车轴,3.82,3.76,3.83,3.74,3.78,1.0582010582010692,4369705,16593119.0
600496.SH,20260727,20260727 10:36:04,精工钢构,3.22,3.18,3.23,3.15,3.18,1.2578616352201255,7135705,22827380.0
600497.SH,20260727,20260727 10:36:02,驰宏锌锗,9.04,9.03,9.15,8.87,8.91,1.459034792368108,48156432,435379461.0
600498.SH,20260727,20260727 10:36:03,烽火通信,37.22,36.36,37.84,35.9,36.36,2.36523652365237,27289643,1012514461.0
600499.SH,20260727,20260727 10:36:02,科达制造,15.43,15.26,15.52,15.22,15.2,1.5131578947368496,7341252,112887130.0
600500.SH,20260727,20260727 10:36:02,中化国际,4.87,4.74,4.95,4.69,4.71,3.397027600849256,46111917,223080296.0
600501.SH,20260727,20260727 10:36:03,航天晨光,13.46,13.04,13.48,12.99,13.04,3.220858895705536,3106900,41208000.0
600502.SH,20260727,20260727 10:36:04,安徽建工,4.63,4.53,4.65,4.53,4.53,2.207505518763786,15466700,71293878.0
600503.SH,20260727,20260727 10:36:02,华丽家族,1.97,1.9,1.98,1.9,1.91,3.141361256544495,12125500,23667207.0
600505.SH,20260727,20260727 10:36:01,西昌电力,10.64,10.3,10.74,10.21,10.51,1.2369172216936342,4420232,46590028.0
600506.SH,20260727,20260727 10:36:04,统一股份,13.61,13.18,13.64,13.07,13.62,-0.07342143906020615,2782230,37386709.0
600507.SH,20260727,20260727 10:36:03,方大特钢,4.28,4.29,4.3,4.25,4.26,0.46948356807512415,12010295,51306465.0
600508.SH,20260727,20260727 10:36:02,上海能源,8.34,8.25,8.4,8.16,8.33,0.12004801920768582,3115828,25930169.0
600509.SH,20260727,20260727 10:36:03,天富能源,7.54,7.16,7.59,7.16,7.41,1.7543859649122862,14122862,105128266.0
600510.SH,20260727,20260727 10:35:49,黑牡丹,6.11,5.97,6.13,5.94,5.98,2.1739130434782483,2754000,16682850.0
600511.SH,20260727,20260727 10:36:04,国药股份,27.17,27.01,27.49,26.93,27.09,0.29531192321889943,1770070,48277256.0
600512.SH,20260727,20260727 10:35:57,腾达建设,1.95,1.91,1.96,1.91,1.92,1.5625,9915171,19272024.0
600513.SH,20260727,20260727 10:36:04,联环药业,15.83,15.0,16.05,15.0,15.42,2.658884565499342,11934807,186524996.0
600515.SH,20260727,20260727 10:36:02,海南机场,2.77,2.75,2.79,2.73,2.73,1.46520146520146,33026041,91407776.0
600516.SH,20260727,20260727 10:36:03,方大炭素,5.09,5.02,5.1,5.01,5.02,1.3944223107569709,13440573,68057867.0
600517.SH,20260727,20260727 10:36:04,国网英大,4.99,4.91,5.05,4.91,4.93,1.217038539553772,15343318,76817217.0
600518.SH,20260727,20260727 10:36:04,康美药业,1.34,1.32,1.35,1.32,1.33,0.7518796992481258,42628303,56990826.0
600519.SH,20260727,20260727 10:36:02,贵州茅台,1288.73,1308.0,1308.0,1279.58,1297.41,-0.6690252117680706,1666371,2149770842.0
600520.SH,20260727,20260727 10:36:02,三佳科技,23.98,22.8,24.21,22.8,23.86,0.5029337803855949,7618000,179872087.0
600521.SH,20260727,20260727 10:36:03,华海药业,16.42,16.02,16.59,15.94,16.01,2.5608994378513383,19074000,312198755.0
600522.SH,20260727,20260727 10:36:02,中天科技,31.94,31.39,32.46,30.92,31.39,1.752150366358718,82608085,2629585643.0
600523.SH,20260727,20260727 10:36:02,贵航股份,11.34,11.08,11.36,11.06,11.13,1.8867924528301883,1311600,14745172.0
600525.SH,20260727,20260727 10:35:57,ST长园,4.72,4.7,4.75,4.66,4.7,0.42553191489360653,2598700,12224571.0
600526.SH,20260727,20260727 10:36:00,菲达环保,4.25,4.17,4.25,4.15,4.17,1.918465227817756,3027522,12750785.0
600527.SH,20260727,20260727 10:36:02,江南高纤,2.09,2.04,2.09,2.03,2.03,2.9556650246305383,15961280,32938547.0
600528.SH,20260727,20260727 10:36:02,中铁工业,7.05,6.99,7.12,6.99,7.02,0.42735042735042583,5402405,38182666.0
600529.SH,20260727,20260727 10:36:02,山东药玻,18.86,18.5,18.92,18.42,18.59,1.452393760086057,5005935,94042688.0
600530.SH,20260727,20260727 10:36:04,交大昂立,4.92,4.66,4.95,4.63,4.66,5.579399141630903,4967600,24016487.0
600531.SH,20260727,20260727 10:36:04,豫光金铅,11.62,11.5,11.68,11.4,11.3,2.8318584070796238,16499210,190980660.0
600533.SH,20260727,20260727 10:36:00,栖霞建设,1.92,1.88,1.94,1.86,1.88,2.127659574468077,4389500,8386877.0
600535.SH,20260727,20260727 10:36:04,天士力,15.84,15.52,16.0,15.52,15.76,0.50761421319796,10172300,161465339.0
600536.SH,20260727,20260727 10:36:01,中国软件,30.84,29.66,31.05,29.29,30.56,0.9162303664921545,12329891,372403064.0
600537.SH,20260727,20260727 10:36:03,*ST亿晶,2.14,2.14,2.15,2.11,2.15,-0.46511627906975495,6480700,13815391.0
600538.SH,20260727,20260727 10:36:00,国发股份,4.89,4.75,5.01,4.62,4.77,2.515723270440251,9857400,47473582.0
600539.SH,20260727,20260727 10:36:04,狮头股份,17.91,20.36,20.36,17.2,18.51,-3.241491085899517,31468177,596669628.0
600540.SH,20260727,20260727 10:36:02,新赛股份,3.37,3.23,3.39,3.23,3.22,4.658385093167694,11251900,37505465.0
600543.SH,20260727,20260727 10:36:00,*ST莫高,3.58,3.45,3.59,3.45,3.47,3.170028818443793,719400,2545235.0
600545.SH,20260727,20260727 10:36:04,卓郎智能,3.93,3.85,4.02,3.78,3.83,2.6109660574412663,42199101,165731634.0
600546.SH,20260727,20260727 10:36:02,山煤国际,12.24,12.15,12.33,11.91,12.3,-0.4878048780487809,10322016,125886217.0
600547.SH,20260727,20260727 10:36:04,山东黄金,26.25,26.5,26.64,26.01,25.94,1.195065535851958,27750825,731165897.0
600548.SH,20260727,20260727 10:36:02,深高速,8.44,8.42,8.5,8.42,8.45,-0.11834319526626835,1123200,9499597.0
600549.SH,20260727,20260727 10:36:03,厦门钨业,49.2,49.11,49.96,47.75,48.39,1.673899566026038,22069421,1081503617.0
600550.SH,20260727,20260727 10:36:03,保变电气,11.54,11.14,11.67,11.14,11.35,1.6740088105726914,41591096,477771758.0
600551.SH,20260727,20260727 10:36:01,时代出版,6.76,6.73,6.79,6.66,6.69,1.0463378176382543,1356720,9151356.0
600552.SH,20260727,20260727 10:36:03,凯盛科技,15.98,15.56,16.26,15.22,15.55,2.7652733118971096,31402460,498589039.0
600556.SH,20260727,20260727 10:36:02,天下秀,4.25,4.08,4.27,4.07,4.11,3.406326034063256,28889955,121351501.0
600557.SH,20260727,20260727 10:36:03,康缘药业,12.69,12.15,12.75,12.15,12.37,2.5869037995149613,4006334,50501936.0
600558.SH,20260727,20260727 10:36:01,大西洋,4.61,4.53,4.62,4.52,4.52,1.9911504424778848,3923700,17951549.0
600559.SH,20260727,20260727 10:36:02,老白干酒,11.47,11.35,11.55,11.32,11.35,1.0572687224669641,4088105,46855897.0
600560.SH,20260727,20260727 10:36:01,金自天正,10.38,10.1,10.4,10.06,10.1,2.7722772277227747,1323400,13556461.0
600561.SH,20260727,20260727 10:36:02,江西长运,4.93,4.76,4.95,4.71,4.77,3.3542976939203495,2498300,12175333.0
600562.SH,20260727,20260727 10:36:03,国睿科技,25.28,24.07,25.37,23.94,24.17,4.592470004137361,9159968,228946887.0
600563.SH,20260727,20260727 10:36:03,法拉电子,131.78,126.2,133.68,126.09,126.86,3.8782910294813178,2648301,345299965.0
600566.SH,20260727,20260727 10:36:01,济川药业,26.7,26.62,27.05,26.48,26.66,0.15003750937734317,2572300,68913600.0
600567.SH,20260727,20260727 10:36:03,山鹰国际,1.32,1.3,1.32,1.29,1.3,1.538461538461533,32055879,41894912.0
600568.SH,20260727,20260727 10:36:00,ST中珠,2.17,2.15,2.18,2.13,2.15,0.9302325581395321,2083100,4494011.0
600569.SH,20260727,20260727 10:36:01,安阳钢铁,1.71,1.69,1.72,1.66,1.68,1.7857142857142794,8059402,13645593.0
600570.SH,20260727,20260727 10:36:02,恒生电子,21.04,20.65,21.09,20.5,20.78,1.2512030798844886,8109865,169599456.0
600571.SH,20260727,20260727 10:36:03,信雅达,9.63,9.26,9.64,9.25,9.39,2.5559105431310014,3559200,33902656.0
600572.SH,20260727,20260727 10:36:03,康恩贝,4.28,4.2,4.31,4.18,4.21,1.6627078384798155,25870678,110477994.0
600573.SH,20260727,20260727 10:35:55,惠泉啤酒,9.31,9.21,9.34,9.14,9.23,0.8667388949079147,2242491,20806634.0
600575.SH,20260727,20260727 10:36:04,淮河能源,3.27,3.24,3.29,3.21,3.24,0.92592592592593,16532500,53858150.0
600576.SH,20260727,20260727 10:36:02,祥源文旅,5.44,5.36,5.48,5.32,5.37,1.3035381750465591,2956520,16086131.0
600577.SH,20260727,20260727 10:36:02,精达股份,7.29,7.03,7.32,7.03,7.1,2.6760563380281654,27139862,196161769.0
600578.SH,20260727,20260727 10:36:04,京能电力,5.47,5.22,5.56,5.22,5.54,-1.263537906137191,73250697,398293002.0
600579.SH,20260727,20260727 10:36:03,中化装备,7.01,6.79,7.1,6.73,6.81,2.936857562408224,3489200,24207506.0
600580.SH,20260727,20260727 10:36:04,卧龙电驱,29.48,28.51,29.58,28.51,28.46,3.5839775122979534,11147852,326034446.0
600581.SH,20260727,20260727 10:35:51,*ST八钢,2.22,2.18,2.22,2.17,2.2,0.9090909090909038,2063700,4534899.0
600582.SH,20260727,20260727 10:36:04,天地科技,4.85,4.79,4.88,4.79,4.81,0.8316008316008316,8237543,39917523.0
600583.SH,20260727,20260727 10:36:04,海油工程,5.47,5.31,5.49,5.23,5.51,-0.7259528130671544,26798802,144908752.0
600584.SH,20260727,20260727 10:36:03,长电科技,81.4,81.76,84.2,77.1,82.9,-1.8094089264173663,79925206,6489878022.0
600585.SH,20260727,20260727 10:36:04,海螺水泥,17.82,17.75,17.9,17.64,17.77,0.2813731007315745,10134800,180057466.0
600586.SH,20260727,20260727 10:36:04,金晶科技,4.04,3.93,4.06,3.91,3.94,2.538071065989844,5899588,23615405.0
600587.SH,20260727,20260727 10:36:02,新华医疗,12.64,12.3,12.67,12.23,12.34,2.4311183144246407,3652900,45940549.0
600588.SH,20260727,20260727 10:36:02,用友网络,9.14,9.0,9.17,8.84,8.97,1.8952062430323213,21462688,194367998.0
600589.SH,20260727,20260727 10:36:03,大位科技,7.06,6.84,7.1,6.83,6.92,2.023121387283222,22083612,155136233.0
600590.SH,20260727,20260727 10:36:04,泰豪科技,7.99,7.72,8.05,7.67,7.67,4.17209908735332,13074401,103270159.0
600592.SH,20260727,20260727 10:36:03,龙溪股份,13.15,12.75,13.18,12.69,12.76,3.0564263322883978,3153400,41138165.0
600593.SH,20260727,20260727 10:35:59,大连圣亚,36.22,36.0,36.73,35.8,35.71,1.428171380565657,1698200,61748893.0
600594.SH,20260727,20260727 10:36:02,益佰制药,3.63,3.32,3.63,3.28,3.3,10.000000000000009,32096895,113700098.0
600595.SH,20260727,20260727 10:36:03,中孚实业,6.28,6.25,6.32,6.19,6.26,0.31948881789138905,36050980,226103471.0
600596.SH,20260727,20260727 10:36:02,新安股份,10.02,9.77,10.07,9.75,9.84,1.8292682926829285,14149640,140757386.0
600597.SH,20260727,20260727 10:36:03,光明乳业,6.64,6.57,6.68,6.54,6.55,1.3740458015267132,4615146,30573519.0
600598.SH,20260727,20260727 10:36:04,北大荒,11.99,11.8,12.01,11.76,11.91,0.6717044500419878,9088423,108029105.0
600600.SH,20260727,20260727 10:36:02,青岛啤酒,53.25,53.19,53.73,52.78,52.82,0.8140855736463504,2665700,142381410.0
600601.SH,20260727,20260727 10:36:02,方正科技,10.22,10.15,10.45,9.96,10.15,0.6896551724137945,53795981,549465082.0
600602.SH,20260727,20260727 10:36:03,云赛智联,17.41,17.16,17.59,16.81,17.33,0.461627236006934,24150290,415820130.0
600603.SH,20260727,20260727 10:36:04,广汇物流,4.12,4.02,4.13,4.01,4.02,2.4875621890547484,3908700,15931004.0
600604.SH,20260727,20260727 10:36:02,市北高新,4.16,4.1,4.17,4.07,4.1,1.4634146341463428,3102102,12868036.0
600605.SH,20260727,20260727 10:36:03,汇通能源,25.08,24.46,25.43,24.46,24.85,0.9255533199195032,1191200,29774864.0
600606.SH,20260727,20260727 10:36:03,绿地控股,1.25,1.23,1.26,1.22,1.23,1.6260162601626105,43086839,53621856.0
600609.SH,20260727,20260727 10:36:02,金杯汽车,3.2,3.14,3.21,3.11,3.13,2.2364217252396346,6204213,19724924.0
600610.SH,20260727,20260727 10:36:03,中毅达,6.49,6.23,6.5,6.23,6.36,2.0440251572326984,8719162,55821553.0
600611.SH,20260727,20260727 10:36:02,大众交通,3.99,3.9,4.01,3.87,3.98,0.2512562814070307,23143267,91904049.0
600612.SH,20260727,20260727 10:36:02,老凤祥,34.12,33.95,34.48,33.77,33.85,0.797636632200871,868949,29715533.0
600613.SH,20260727,20260727 10:36:03,神奇制药,4.83,4.69,4.86,4.66,4.7,2.765957446808498,4860400,23298427.0
600615.SH,20260727,20260727 10:36:02,鑫源智造,8.51,8.41,8.55,8.29,8.31,2.406738868832714,565300,4770174.0
600616.SH,20260727,20260727 10:36:04,金枫酒业,3.88,3.81,3.88,3.78,3.8,2.1052631578947434,2639700,10162646.0
600617.SH,20260727,20260727 10:36:02,国新能源,3.73,3.5,3.73,3.49,3.39,10.029498525073732,51963630,190658044.0
600618.SH,20260727,20260727 10:36:02,氯碱化工,9.89,9.5,9.9,9.5,9.72,1.7489711934156382,3337954,32597086.0
600619.SH,20260727,20260727 10:36:02,海立股份,12.39,12.03,12.44,11.95,12.03,2.9925187032419087,6684047,82155834.0
600620.SH,20260727,20260727 10:35:55,天宸股份,3.97,3.83,3.97,3.81,3.82,3.9267015706806463,3025700,11875191.0
600621.SH,20260727,20260727 10:36:04,华鑫股份,13.03,12.8,13.09,12.75,12.81,1.7174082747853259,3633600,46979943.0
600622.SH,20260727,20260727 10:36:04,光大嘉宝,2.03,1.99,2.04,1.95,1.99,2.010050251256268,7489892,15078758.0
600623.SH,20260727,20260727 10:36:04,华谊集团,8.15,7.95,8.18,7.93,8.06,1.1166253101736912,7663677,61760579.0
600624.SH,20260727,20260727 10:36:04,ST复华,3.58,3.5,3.58,3.47,3.48,2.8735632183908066,1933500,6792765.0
600626.SH,20260727,20260727 10:36:03,申达股份,3.24,3.16,3.25,3.16,3.18,1.8867924528301883,3459110,11139863.0
600628.SH,20260727,20260727 10:36:02,新世界,5.85,5.74,5.87,5.73,5.73,2.094240837696315,2938900,17112877.0
600629.SH,20260727,20260727 10:36:02,华建集团,12.15,11.7,12.34,11.56,11.8,2.9661016949152463,10430800,125748784.0
600630.SH,20260727,20260727 10:36:03,龙头股份,6.13,6.03,6.15,5.99,6.02,1.82724252491695,4556561,27756928.0
600633.SH,20260727,20260727 10:36:03,浙数文化,10.24,10.02,10.29,9.9,10.1,1.3861386138613874,8563600,86942346.0
600635.SH,20260727,20260727 10:36:01,大众公用,4.43,4.36,4.45,4.27,4.41,0.45351473922901064,14230101,62521436.0
600637.SH,20260727,20260727 10:36:03,东方明珠,7.7,7.59,7.72,7.55,7.58,1.58311345646438,9560524,73280627.0
600638.SH,20260727,20260727 10:36:03,新黄浦,4.46,4.38,4.49,4.35,4.38,1.82648401826484,5132980,22796677.0
600639.SH,20260727,20260727 10:36:04,浦东金桥,9.17,9.13,9.21,9.06,9.07,1.1025358324145529,1651681,15135982.0
600640.SH,20260727,20260727 10:36:03,国脉文化,10.04,9.8,10.05,9.71,9.77,2.763561924257929,2342910,23319018.0
600641.SH,20260727,20260727 10:36:02,先导基电,30.01,30.53,31.43,28.9,30.52,-1.671035386631714,33196177,998225052.0
600642.SH,20260727,20260727 10:36:03,申能股份,8.47,8.5,8.57,8.33,8.53,-0.7033997655333968,10617005,89932786.0
600643.SH,20260727,20260727 10:36:04,爱建集团,3.81,3.73,3.82,3.71,3.73,2.144772117962468,7631252,28845777.0
600644.SH,20260727,20260727 10:36:03,乐山电力,9.21,9.01,9.5,8.9,9.39,-1.9169329073482344,28737911,263129516.0
600645.SH,20260727,20260727 10:36:02,中源协和,18.37,17.67,18.48,17.45,17.8,3.2022471910112316,5039016,91656889.0
600648.SH,20260727,20260727 10:35:57,外高桥,8.44,8.41,8.46,8.35,8.41,0.356718192627814,517900,4361290.0
600649.SH,20260727,20260727 10:36:04,城投控股,3.59,3.53,3.62,3.49,3.52,1.9886363636363535,8777550,31433888.0
600650.SH,20260727,20260727 10:36:00,锦江在线,9.83,9.61,9.9,9.61,9.7,1.3402061855670278,1523800,14907604.0
600651.SH,20260727,20260727 10:36:02,飞乐音响,5.18,5.01,5.18,4.98,5.04,2.777777777777768,7814700,39917524.0
600653.SH,20260727,20260727 10:36:04,申华控股,1.6,1.59,1.61,1.57,1.57,1.9108280254777066,6834937,10873439.0
600654.SH,20260727,20260727 10:36:02,中安科,2.82,2.79,2.83,2.74,2.79,1.0752688172043001,34437254,96334482.0
600655.SH,20260727,20260727 10:35:59,豫园股份,4.4,4.36,4.43,4.34,4.36,0.917431192660545,5241200,23062723.0
600657.SH,20260727,20260727 10:36:03,信达地产,2.45,2.35,2.47,2.34,2.36,3.8135593220339103,14051700,34095023.0
600658.SH,20260727,20260727 10:36:03,电子城,3.75,3.61,3.77,3.59,3.61,3.878116343490312,6330000,23513206.0
600660.SH,20260727,20260727 10:36:03,福耀玻璃,55.38,55.55,56.1,55.22,55.67,-0.5209268906053555,3628307,201761564.0
600661.SH,20260727,20260727 10:36:02,昂立教育,7.77,7.48,7.78,7.46,7.51,3.462050599201061,3805602,29177198.0
600662.SH,20260727,20260727 10:36:02,外服控股,4.24,4.2,4.27,4.18,4.19,1.193317422434359,6432354,27251933.0
600663.SH,20260727,20260727 10:36:02,陆家嘴,7.02,6.91,7.08,6.85,6.87,2.183406113537112,6071192,42585081.0
600664.SH,20260727,20260727 10:36:02,哈药股份,5.61,5.38,5.65,5.14,5.4,3.8888888888888973,277123629,1506993365.0
600665.SH,20260727,20260727 10:36:04,天地源,2.72,2.62,2.75,2.62,2.67,1.8726591760299671,6064533,16432743.0
600666.SH,20260727,20260727 10:36:02,奥瑞德,3.26,3.14,3.28,3.13,3.18,2.515723270440229,48111100,154814243.0
600667.SH,20260727,20260727 10:36:03,太极实业,17.92,16.78,17.92,16.0,16.29,10.00613873542051,168804798,2877094698.0
600668.SH,20260727,20260727 10:36:04,尖峰集团,7.1,6.98,7.18,6.91,7.0,1.4285714285714235,3643700,25749004.0
600671.SH,20260727,20260727 10:36:01,天目药业,19.65,19.2,19.74,19.0,19.33,1.6554578375582052,1819800,35285295.0
600673.SH,20260727,20260727 10:36:02,东阳光,30.03,28.5,30.48,28.23,28.31,6.075591663723068,27645718,825891244.0
600674.SH,20260727,20260727 10:36:03,川投能源,15.99,16.05,16.17,15.9,16.08,-0.5597014925373012,15419500,247551434.0
600675.SH,20260727,20260727 10:36:03,中华企业,2.15,2.11,2.17,2.1,2.12,1.4150943396226356,12428921,26669311.0
600676.SH,20260727,20260727 10:36:01,交运股份,6.57,6.39,6.61,6.32,6.56,0.1524390243902607,6288899,40620329.0
600678.SH,20260727,20260727 10:36:04,ST金顶,5.06,4.94,5.09,4.92,4.98,1.6064257028112205,2984500,15036968.0
600679.SH,20260727,20260727 10:36:02,上海凤凰,9.09,8.97,9.14,8.89,8.96,1.450892857142838,528400,4792004.0
600681.SH,20260727,20260727 10:36:03,百川能源,3.36,3.29,3.36,3.28,3.31,1.5105740181268867,6011440,20026366.0
600682.SH,20260727,20260727 10:36:04,南京新百,5.44,5.28,5.47,5.18,5.27,3.2258064516129226,10284700,55497956.0
600683.SH,20260727,20260727 10:35:58,京投发展,8.27,7.45,8.27,7.44,7.52,9.97340425531914,16831400,133518063.0
600684.SH,20260727,20260727 10:36:02,珠江股份,3.38,3.21,3.42,3.2,3.2,5.624999999999991,14833499,49791973.0
600685.SH,20260727,20260727 10:36:04,中船防务,26.11,25.21,26.21,25.18,25.74,1.4374514374514424,6112801,157671487.0
600686.SH,20260727,20260727 10:36:04,金龙汽车,10.73,10.5,10.74,10.45,10.5,2.190476190476187,5497700,58579856.0
600688.SH,20260727,20260727 10:36:03,上海石化,2.77,2.73,2.77,2.68,2.75,0.727272727272732,45728969,124927806.0
600689.SH,20260727,20260727 10:36:03,上海三毛,9.44,9.21,9.48,9.12,9.12,3.5087719298245723,1270000,11889548.0
600690.SH,20260727,20260727 10:36:02,海尔智家,21.82,21.74,22.04,21.66,21.76,0.27573529411764053,15242361,333222789.0
600691.SH,20260727,20260727 10:36:02,潞化科技,2.35,2.27,2.35,2.24,2.3,2.1739130434782705,17270056,39762464.0
600692.SH,20260727,20260727 10:36:02,亚通股份,5.45,5.31,5.51,5.31,5.32,2.443609022556381,3069900,16691320.0
600693.SH,20260727,20260727 10:36:01,东百集团,7.73,7.44,7.75,7.41,7.53,2.6560424966799445,11774100,90035585.0
600694.SH,20260727,20260727 10:36:00,大商股份,14.16,13.98,14.18,13.88,14.03,0.9265858873841903,1174616,16543405.0
600697.SH,20260727,20260727 10:36:01,欧亚集团,9.47,9.3,9.51,9.27,9.32,1.6094420600858417,1720000,16198738.0
600698.SH,20260727,20260727 10:36:02,湖南天雁,6.93,6.5,7.17,6.38,6.84,1.3157894736842035,63848212,435989771.0
600699.SH,20260727,20260727 10:36:02,均胜电子,20.07,19.3,20.16,19.15,19.19,4.585721730067749,13598963,268159087.0
600702.SH,20260727,20260727 10:36:02,舍得酒业,33.01,32.32,33.33,32.16,32.59,1.2887388769561081,3268600,107314417.0
600703.SH,20260727,20260727 10:36:04,三安光电,12.16,11.72,12.33,11.64,11.77,3.313508920985564,79392799,958399587.0
600704.SH,20260727,20260727 10:36:03,物产中大,4.89,4.86,4.91,4.86,4.87,0.4106776180698102,12259489,59933502.0
600706.SH,20260727,20260727 10:36:02,曲江文旅,6.82,6.65,6.84,6.61,6.61,3.177004538577921,3115000,21084109.0
600707.SH,20260727,20260727 10:36:03,彩虹股份,8.92,8.65,9.04,8.46,8.68,2.764976958525356,46981045,415273385.0
600708.SH,20260727,20260727 10:36:03,光明地产,2.94,2.9,2.96,2.89,2.91,1.0309278350515427,3872046,11347324.0
600710.SH,20260727,20260727 10:36:03,苏美达,10.72,10.44,10.76,10.44,10.52,1.9011406844106515,4291445,45781276.0
600711.SH,20260727,20260727 10:36:01,盛屯矿业,10.63,10.79,10.84,10.52,10.58,0.4725897920605071,37145100,396781994.0
600712.SH,20260727,20260727 10:36:04,南宁百货,4.55,4.41,4.56,4.37,4.42,2.941176470588225,2798900,12634449.0
600713.SH,20260727,20260727 10:36:04,南京医药,4.97,4.89,4.99,4.87,4.89,1.6359918200409052,5000807,24771047.0
600714.SH,20260727,20260727 10:36:02,金瑞矿业,13.45,12.96,13.48,12.95,13.13,2.437166793602419,5924100,78281934.0
600715.SH,20260727,20260727 10:36:02,文投控股,1.48,1.45,1.49,1.44,1.45,2.0689655172413834,7624000,11233764.0
600716.SH,20260727,20260727 10:36:02,凤凰股份,3.17,3.04,3.22,3.02,3.04,4.2763157894736725,4434600,13998795.0
600717.SH,20260727,20260727 10:36:04,天津港,4.24,4.23,4.28,4.2,4.23,0.23640661938533203,10096044,42931279.0
600718.SH,20260727,20260727 10:36:01,东软集团,8.08,8.03,8.19,7.95,8.02,0.7481296758104827,7224244,58589851.0
600719.SH,20260727,20260727 10:36:02,大连热电,6.91,6.69,6.97,6.65,6.82,1.319648093841641,4856500,33403541.0
600720.SH,20260727,20260727 10:36:02,中交设计,5.12,5.09,5.14,5.07,5.08,0.7874015748031482,2682900,13727080.0
600721.SH,20260727,20260727 10:36:02,百花医药,6.95,6.56,7.2,6.4,6.6,5.3030303030303205,16162415,111821763.0
600722.SH,20260727,20260727 10:36:04,金牛化工,10.29,10.29,10.29,10.29,11.43,-9.973753280839903,9017200,92786988.0
600724.SH,20260727,20260727 10:36:01,宁波富达,4.87,4.73,4.89,4.71,4.71,3.397027600849256,2890500,13983554.0
600725.SH,20260727,20260727 10:36:03,云维股份,3.13,3.07,3.15,3.04,3.12,0.3205128205128194,6562230,20346302.0
600726.SH,20260727,20260727 10:36:01,华电能源,6.01,5.78,6.4,5.78,6.28,-4.299363057324845,124648344,754550365.0
600727.SH,20260727,20260727 10:36:04,鲁北化工,7.12,7.0,7.14,6.93,7.04,1.1363636363636465,6514800,46054121.0
600728.SH,20260727,20260727 10:36:01,佳都科技,4.44,4.37,4.46,4.34,4.37,1.6018306636155666,12231749,54052335.0
600729.SH,20260727,20260727 10:35:56,重百集团,19.97,19.7,20.1,19.58,19.76,1.0627530364372362,1625273,32392627.0
600730.SH,20260727,20260727 10:36:03,*ST高科,8.33,8.0,8.4,7.89,7.84,6.25,7076600,58199706.0
600731.SH,20260727,20260727 10:36:00,湖南海利,5.45,5.31,5.46,5.3,5.36,1.679104477611948,2074390,11238563.0
600732.SH,20260727,20260727 10:36:03,爱旭股份,11.63,11.34,11.67,11.28,11.35,2.466960352422909,9160678,105357771.0
600733.SH,20260727,20260727 10:36:02,北汽蓝谷,4.9,4.78,4.99,4.74,4.73,3.594080338266381,46966575,228850832.0
600734.SH,20260727,20260727 10:36:01,*ST实达,1.6,1.58,1.61,1.57,1.57,1.9108280254777066,10823480,17244850.0
600735.SH,20260727,20260727 10:36:02,ST新华锦,6.24,6.14,6.3,6.12,6.18,0.9708737864077666,1133300,7069877.0
600736.SH,20260727,20260727 10:36:02,苏州高新,6.11,5.98,6.13,5.98,5.97,2.345058626465679,8775704,53325010.0
600737.SH,20260727,20260727 10:36:02,中粮糖业,12.02,11.77,12.07,11.67,11.84,1.520270270270263,11315698,134710154.0
600738.SH,20260727,20260727 10:36:00,丽尚国潮,3.69,3.6,3.7,3.58,3.61,2.216066481994461,4099000,14981959.0
600739.SH,20260727,20260727 10:36:04,辽宁成大,10.62,10.49,10.67,10.43,10.5,1.1428571428571344,7355187,77757242.0
600740.SH,20260727,20260727 10:36:02,山西焦化,3.47,3.41,3.49,3.37,3.45,0.5797101449275477,16070946,55270710.0
600741.SH,20260727,20260727 10:36:02,华域汽车,17.29,17.35,17.44,17.22,17.35,-0.34582132564843215,6468876,111966813.0
600742.SH,20260727,20260727 10:36:02,富维股份,7.24,7.14,7.27,7.14,7.15,1.2587412587412583,1612242,11650574.0
600743.SH,20260727,20260727 10:36:01,华远控股,2.11,2.02,2.17,2.02,2.05,2.9268292682926855,24976850,52782089.0
600744.SH,20260727,20260727 10:36:03,华银电力,7.41,7.24,8.07,7.24,7.53,-1.5936254980079667,182732188,1393656107.0
600745.SH,20260727,20260727 10:36:03,*ST闻泰,16.98,16.81,17.16,16.46,16.83,0.891265597147961,17515251,294851394.0
600746.SH,20260727,20260727 10:36:02,江苏索普,6.18,5.88,6.18,5.8,6.02,2.657807308970095,14341428,86569024.0
600748.SH,20260727,20260727 10:36:03,上实发展,3.51,3.32,3.51,3.32,3.36,4.464285714285721,8087074,27982348.0
600749.SH,20260727,20260727 10:36:02,西藏旅游,13.29,13.2,13.38,13.1,13.1,1.450381679389312,1805000,23980099.0
600750.SH,20260727,20260727 10:36:04,华润江中,24.99,24.69,25.28,24.5,24.69,1.2150668286755595,1937260,48578800.0
600751.SH,20260727,20260727 10:36:01,海航科技,2.91,2.89,2.92,2.85,2.88,1.041666666666674,10970800,31702521.0
600753.SH,20260727,20260727 10:35:46,ST海钦,10.19,10.27,10.28,10.08,10.17,0.1966568338249708,255000,2595485.0
600754.SH,20260727,20260727 10:36:02,锦江酒店,18.48,18.18,18.8,18.1,17.63,4.821327283040278,14655636,271015588.0
600755.SH,20260727,20260727 10:36:02,厦门国贸,5.76,5.71,5.77,5.69,5.71,0.8756567425569184,4378111,25106517.0
600756.SH,20260727,20260727 10:36:02,浪潮软件,13.86,13.87,13.94,13.63,13.87,-0.07209805335255393,6141200,84824999.0
600757.SH,20260727,20260727 10:36:01,长江传媒,7.83,7.69,7.84,7.61,7.66,2.2193211488250597,5192200,40412137.0
600758.SH,20260727,20260727 10:36:01,辽宁能源,3.18,3.08,3.2,3.02,3.14,1.273885350318471,23445500,73378683.0
600759.SH,20260727,20260727 10:36:03,ST洲际,2.33,2.25,2.35,2.25,2.49,-6.425702811244982,124436805,287257645.0
600760.SH,20260727,20260727 10:36:03,中航沈飞,43.31,43.7,43.8,42.76,43.3,0.023094688221725335,6108449,264426098.0
600761.SH,20260727,20260727 10:36:03,安徽合力,17.17,16.85,17.33,16.84,16.91,1.5375517445298748,4208101,72192531.0
600763.SH,20260727,20260727 10:36:02,通策医疗,34.65,33.75,34.99,33.72,33.89,2.2425494246090194,4122252,142877140.0
600764.SH,20260727,20260727 10:36:03,中国海防,18.09,17.91,18.24,17.82,18.18,-0.4950495049504955,4181949,75409881.0
600765.SH,20260727,20260727 10:36:01,中航重机,13.46,13.1,13.48,13.1,13.2,1.9696969696969768,7637995,102199263.0
600768.SH,20260727,20260727 10:36:02,宁波富邦,13.07,12.96,13.11,12.82,12.66,3.2385466034755117,1336000,17347989.0
600769.SH,20260727,20260727 10:36:04,祥龙电业,13.34,12.88,13.44,12.67,12.92,3.2507739938080427,5245500,68925478.0
600770.SH,20260727,20260727 10:36:01,综艺股份,4.82,4.7,4.84,4.69,4.69,2.771855010660973,10535066,50385207.0
600771.SH,20260727,20260727 10:36:04,广誉远,14.37,14.04,14.46,13.75,13.94,3.0846484935437513,4443241,63466028.0
600773.SH,20260727,20260727 10:36:02,西藏城投,10.39,9.98,10.43,9.98,10.01,3.796203796203801,10023800,101975882.0
600774.SH,20260727,20260727 10:36:02,汉商集团,6.18,5.95,6.23,5.95,5.96,3.691275167785224,2996200,18388441.0
600775.SH,20260727,20260727 10:36:04,南京熊猫,9.41,8.31,9.41,8.3,8.55,10.058479532163744,33985265,311239034.0
600776.SH,20260727,20260727 10:36:02,东方通信,11.88,11.46,11.92,11.44,11.53,3.03555941023419,6223000,73111710.0
600777.SH,20260727,20260727 10:36:02,新潮能源,4.13,3.98,4.14,3.98,4.23,-2.3640661938534424,19410800,78627265.0
600778.SH,20260727,20260727 10:36:04,友好集团,4.83,4.73,4.84,4.67,4.68,3.205128205128216,3558000,16990409.0
600779.SH,20260727,20260727 10:36:01,水井坊,27.11,26.95,27.15,26.64,26.84,1.0059612518628969,1098151,29644687.0
600780.SH,20260727,20260727 10:36:04,XD通宝能,5.94,5.88,5.97,5.76,5.92,0.33783783783785104,5799190,34257535.0
600782.SH,20260727,20260727 10:36:01,新钢股份,2.77,2.75,2.79,2.72,2.75,0.727272727272732,14788100,40822878.0
600783.SH,20260727,20260727 10:36:03,鲁信创投,14.76,14.23,14.9,14.18,14.27,3.4337771548703655,6796210,98617039.0
600784.SH,20260727,20260727 10:36:03,鲁银投资,7.16,7.03,7.23,6.93,7.03,1.849217638691325,4071400,29067625.0
600785.SH,20260727,20260727 10:36:02,新华百货,7.99,7.68,8.03,7.63,7.72,3.497409326424883,5780807,45641683.0
600787.SH,20260727,20260727 10:36:01,中储股份,4.51,4.5,4.55,4.47,4.5,0.22222222222221255,7895800,35675630.0
600789.SH,20260727,20260727 10:36:02,鲁抗医药,7.32,7.19,7.35,7.08,7.1,3.0985915492957927,13175792,95532711.0
600790.SH,20260727,20260727 10:35:51,轻纺城,3.12,3.08,3.13,3.07,3.07,1.6286644951140072,4065100,12642965.0
600791.SH,20260727,20260727 10:36:03,京能置业,6.48,6.23,6.55,6.15,6.27,3.349282296650724,7479100,47868232.0
600792.SH,20260727,20260727 10:36:03,云煤能源,3.39,3.28,3.4,3.28,3.35,1.1940298507462588,9594700,32178952.0
600793.SH,20260727,20260727 10:36:04,宜宾纸业,12.63,12.31,12.67,12.3,12.38,2.0193861066235774,1958900,24427957.0
600794.SH,20260727,20260727 10:36:02,保税科技,3.02,2.99,3.03,2.97,2.98,1.342281879194629,2825200,8498519.0
600795.SH,20260727,20260727 10:36:02,国电电力,4.87,4.9,4.95,4.86,4.93,-1.2170385395537497,62167732,304332170.0
600796.SH,20260727,20260727 10:36:02,钱江生化,4.76,4.66,4.78,4.65,4.68,1.7094017094017033,2309700,10912777.0
600797.SH,20260727,20260727 10:36:04,浙大网新,6.69,6.66,6.74,6.52,6.66,0.45045045045044585,12609234,84000021.0
600798.SH,20260727,20260727 10:36:04,宁波海运,3.17,3.15,3.19,3.12,3.15,0.6349206349206327,7150116,22579125.0
600800.SH,20260727,20260727 10:36:03,渤海化学,2.9,2.87,2.91,2.81,2.86,1.3986013986013957,8331700,23870335.0
600801.SH,20260727,20260727 10:36:02,华新建材,20.7,20.92,21.17,20.39,21.2,-2.358490566037741,6534102,135108714.0
600802.SH,20260727,20260727 10:36:04,福建水泥,4.01,3.87,4.02,3.87,3.9,2.8205128205128105,2419400,9606665.0
600803.SH,20260727,20260727 10:36:04,新奥股份,17.18,16.81,17.33,16.71,17.21,-0.17431725740848503,4561078,78029413.0
600805.SH,20260727,20260727 10:36:02,悦达投资,4.16,4.05,4.17,4.05,4.09,1.7114914425427896,1914106,7919408.0
600807.SH,20260727,20260727 10:36:03,济高发展,2.37,2.3,2.38,2.29,2.32,2.155172413793105,6034200,14128288.0
600808.SH,20260727,20260727 10:36:01,马钢股份,2.51,2.47,2.52,2.47,2.47,1.6194331983805599,23594500,58901720.0
600809.SH,20260727,20260727 10:36:03,山西汾酒,122.0,122.97,123.23,121.11,120.56,1.1944260119442607,4036642,493490023.0
600810.SH,20260727,20260727 10:36:03,神马股份,6.33,6.23,6.36,6.17,6.22,1.768488745980723,4152500,26060398.0
600812.SH,20260727,20260727 10:36:04,华北制药,4.78,4.68,4.81,4.65,4.67,2.35546038543899,9908805,47178972.0
600814.SH,20260727,20260727 10:36:02,杭州解百,6.29,6.22,6.33,6.18,6.23,0.9630818619582593,2040700,12823057.0
600815.SH,20260727,20260727 10:36:03,厦工股份,2.8,2.71,2.83,2.67,2.71,3.3210332103321027,33972100,93825722.0
600816.SH,20260727,20260727 10:36:02,建元信托,2.44,2.41,2.45,2.39,2.41,1.2448132780082943,23646787,57480860.0
600817.SH,20260727,20260727 10:36:03,宇通重工,8.98,8.85,9.0,8.83,8.85,1.4689265536723228,1094100,9797896.0
600818.SH,20260727,20260727 10:35:58,ST中路,5.76,5.66,5.77,5.65,5.76,0.0,2104700,12054958.0
600819.SH,20260727,20260727 10:36:03,耀皮玻璃,4.99,4.87,5.0,4.85,4.87,2.4640657084188833,2788000,13772605.0
600820.SH,20260727,20260727 10:36:03,隧道股份,5.5,5.46,5.54,5.46,5.47,0.5484460694698434,6898600,38002364.0
600821.SH,20260727,20260727 10:36:03,金开新能,6.54,6.08,6.56,6.08,6.32,3.4810126582278444,70201454,447430694.0
600822.SH,20260727,20260727 10:36:02,上海物贸,7.91,7.75,7.94,7.75,7.78,1.670951156812328,830400,6536281.0
600824.SH,20260727,20260727 10:36:00,益民集团,3.41,3.35,3.43,3.31,3.35,1.7910447761193993,3160600,10731844.0
600825.SH,20260727,20260727 10:36:02,新华传媒,4.69,4.56,4.69,4.56,4.58,2.401746724890841,3072000,14282189.0
600826.SH,20260727,20260727 10:36:02,兰生股份,7.48,7.2,7.51,7.18,7.27,2.8885832187070193,2534043,18748543.0
600827.SH,20260727,20260727 10:36:04,百联股份,7.51,7.43,7.56,7.41,7.44,0.9408602150537515,4758618,35736034.0
600828.SH,20260727,20260727 10:36:02,茂业商业,3.5,3.39,3.52,3.37,3.4,2.941176470588247,8125400,28227566.0
600829.SH,20260727,20260727 10:36:02,人民同泰,9.37,8.45,9.37,8.41,8.52,9.97652582159625,10682326,97757507.0
600830.SH,20260727,20260727 10:36:04,香溢融通,7.79,7.68,7.81,7.6,7.66,1.6971279373368064,1322500,10230821.0
600831.SH,20260727,20260727 10:36:03,广电网络,2.86,2.76,2.87,2.75,2.84,0.7042253521126751,4458400,12629277.0
600833.SH,20260727,20260727 10:36:02,第一医药,9.46,9.2,9.51,9.18,9.23,2.4918743228602436,1949500,18353089.0
600834.SH,20260727,20260727 10:35:59,申通地铁,6.9,6.83,6.93,6.78,6.81,1.3215859030837107,495900,3415189.0
600835.SH,20260727,20260727 10:36:00,上海机电,17.81,17.44,17.85,17.43,17.44,2.1215596330275144,2026091,35897879.0
600838.SH,20260727,20260727 10:36:03,上海九百,6.73,6.6,6.77,6.52,6.6,1.9696969696969768,3057500,20491559.0
600839.SH,20260727,20260727 10:36:02,四川长虹,6.7,6.53,6.73,6.51,6.6,1.5151515151515138,30888045,205438364.0
600841.SH,20260727,20260727 10:36:04,动力新科,5.57,5.35,5.59,5.35,5.4,3.1481481481481444,4594602,25309934.0
600843.SH,20260727,20260727 10:36:03,上工申贝,6.48,6.3,6.5,6.28,6.31,2.694136291600646,3125900,20099178.0
600844.SH,20260727,20260727 10:36:04,金煤科技,3.02,2.8,3.05,2.8,3.02,0.0,65240795,192824404.0
600845.SH,20260727,20260727 10:36:02,宝信软件,17.61,17.14,17.69,17.14,17.46,0.8591065292096189,5080276,89110507.0
600846.SH,20260727,20260727 10:36:04,同济科技,11.28,11.0,11.31,10.88,11.01,2.452316076294281,2053602,22885241.0
600847.SH,20260727,20260727 10:36:01,万里股份,10.98,10.25,11.08,10.25,10.2,7.647058823529429,2264100,24364409.0
600848.SH,20260727,20260727 10:36:04,上海临港,8.1,8.03,8.16,8.0,8.02,0.9975062344139696,3123408,25338974.0
600850.SH,20260727,20260727 10:36:03,电科数字,13.9,13.5,13.95,13.41,13.62,2.055800293685772,4197760,57516170.0
600851.SH,20260727,20260727 10:36:04,海欣股份,7.66,7.41,7.73,7.35,7.45,2.8187919463087185,3735800,28269653.0
600853.SH,20260727,20260727 10:35:58,龙建股份,3.12,3.06,3.13,3.06,3.06,1.9607843137254832,3378464,10485765.0
600854.SH,20260727,20260727 10:35:57,春兰股份,4.14,4.05,4.16,4.03,4.06,1.9704433497536922,2627700,10838109.0
600855.SH,20260727,20260727 10:36:01,航天长峰,11.81,11.34,11.85,11.19,11.39,3.687445127304656,3575300,41515984.0
600857.SH,20260727,20260727 10:36:02,宁波中百,16.32,16.9,17.18,15.83,16.82,-2.9726516052318686,2873800,46968512.0
600858.SH,20260727,20260727 10:36:04,银座股份,4.51,4.41,4.52,4.41,4.44,1.5765765765765716,2656300,11917966.0
600859.SH,20260727,20260727 10:36:02,王府井,9.73,9.56,9.76,9.49,9.52,2.205882352941191,6791957,65711824.0
600860.SH,20260727,20260727 10:36:02,京城股份,7.66,7.44,7.68,7.4,7.49,2.2696929238985364,2113843,16024689.0
600861.SH,20260727,20260727 10:36:03,北京人力,12.83,12.6,12.89,12.55,12.66,1.3428120063191162,1406800,17965535.0
600862.SH,20260727,20260727 10:36:01,中航高科,18.11,17.67,18.15,17.63,17.84,1.5134529147982079,6110289,110072952.0
600863.SH,20260727,20260727 10:36:02,华能蒙电,4.88,4.77,4.93,4.72,4.88,0.0,61836851,300781006.0
600864.SH,20260727,20260727 10:36:04,哈投股份,5.35,5.24,5.36,5.22,5.25,1.904761904761898,12237653,64861476.0
600865.SH,20260727,20260727 10:36:03,百大集团,7.92,7.67,7.96,7.64,7.68,3.125,2940100,23063848.0
600866.SH,20260727,20260727 10:36:04,星湖科技,4.46,4.4,4.49,4.4,4.46,0.0,6767900,30194092.0
600867.SH,20260727,20260727 10:36:03,通化东宝,8.07,7.71,8.14,7.7,7.79,3.594351732991008,18005252,144113440.0
600868.SH,20260727,20260727 10:36:03,梅雁吉祥,2.6,2.49,2.61,2.49,2.53,2.7667984189723382,19827829,51008580.0
600869.SH,20260727,20260727 10:36:02,远东股份,14.92,14.72,15.2,14.45,14.65,1.8430034129692796,38451800,572026828.0
600871.SH,20260727,20260727 10:36:04,石化油服,2.15,2.09,2.16,2.07,2.17,-0.9216589861751112,107075316,225985009.0
600872.SH,20260727,20260727 10:36:02,中炬高新,18.45,18.2,18.57,18.2,18.37,0.4354926510615087,4128100,76003954.0
600873.SH,20260727,20260727 10:36:03,梅花生物,8.29,8.24,8.35,8.2,8.25,0.48484848484846577,8286301,68618532.0
600874.SH,20260727,20260727 10:36:00,创业环保,5.49,5.45,5.49,5.44,5.47,0.365630712979903,2401900,13137127.0
600875.SH,20260727,20260727 10:36:04,东方电气,25.81,25.38,25.86,25.21,25.58,0.8991399530883459,15437407,394932461.0
600876.SH,20260727,20260727 10:36:04,凯盛新能,6.47,6.27,6.49,6.26,6.29,2.861685214626397,1490100,9542940.0
600877.SH,20260727,20260727 10:36:02,电科芯片,12.18,11.72,12.3,11.55,11.89,2.4390243902439046,14554700,173517824.0
600879.SH,20260727,20260727 10:36:02,航天电子,15.02,14.6,15.1,14.44,14.62,2.735978112175097,34875963,517316691.0
600880.SH,20260727,20260727 10:36:01,博瑞传播,3.66,3.56,3.67,3.53,3.55,3.0985915492957927,9595555,34664398.0
600881.SH,20260727,20260727 10:36:03,亚泰集团,1.71,1.63,1.71,1.62,1.64,4.268292682926833,41295901,68899588.0
600882.SH,20260727,20260727 10:36:03,妙可蓝多,20.9,20.58,21.24,20.11,20.43,2.3005384238864446,5081100,105719154.0
600883.SH,20260727,20260727 10:36:02,博闻科技,6.63,6.39,6.67,6.34,6.41,3.43213728549141,2648090,17319045.0
600884.SH,20260727,20260727 10:36:04,杉杉股份,12.64,12.35,12.66,12.32,12.31,2.680747359870028,30427438,380726064.0
600885.SH,20260727,20260727 10:36:04,宏发股份,34.83,34.38,35.24,34.3,34.15,1.9912152269399686,6872100,240089254.0
600886.SH,20260727,20260727 10:36:03,国投电力,14.7,14.82,14.92,14.64,14.82,-0.809716599190291,19988855,295174981.0
600887.SH,20260727,20260727 10:36:04,伊利股份,26.41,26.94,26.94,26.18,27.04,-2.329881656804733,49211829,1300095965.0
600888.SH,20260727,20260727 10:36:02,新疆众和,8.92,8.77,8.98,8.72,8.77,1.710376282782211,20357076,180645080.0
600889.SH,20260727,20260727 10:36:01,*ST京化,13.54,13.27,13.65,13.27,13.35,1.4232209737827572,936710,12686694.0
600892.SH,20260727,20260727 10:35:59,大晟文化,3.14,3.06,3.15,3.01,3.02,3.9735099337748325,4115300,12815393.0
600893.SH,20260727,20260727 10:36:01,航发动力,35.09,34.52,35.19,34.4,34.6,1.4161849710982777,9568094,333318634.0
600894.SH,20260727,20260727 10:36:04,广日股份,7.58,7.51,7.63,7.49,7.48,1.3368983957219305,1091964,8253718.0
600895.SH,20260727,20260727 10:36:03,张江高科,27.53,27.03,27.7,27.0,27.4,0.4744525547445422,6622944,181323180.0
600897.SH,20260727,20260727 10:35:59,厦门空港,14.54,14.48,14.6,14.45,14.45,0.6228373702422241,372500,5410334.0
600900.SH,20260727,20260727 10:36:03,长江电力,28.45,29.15,29.15,28.32,28.9,-1.557093425605538,65923381,1884795824.0
600901.SH,20260727,20260727 10:36:02,江苏金租,6.5,6.53,6.6,6.45,6.53,-0.45941807044410643,13964000,91262208.0
600903.SH,20260727,20260727 10:36:02,贵州燃气,5.95,5.8,5.98,5.78,5.92,0.5067567567567544,13679753,80518386.0
600905.SH,20260727,20260727 10:36:03,三峡能源,3.84,3.84,3.88,3.83,3.86,-0.5181347150259086,39650656,152700419.0
600906.SH,20260727,20260727 10:36:03,财达证券,6.88,6.9,6.94,6.66,6.95,-1.0071942446043258,26737918,181994121.0
600908.SH,20260727,20260727 10:36:02,无锡银行,5.38,5.38,5.43,5.36,5.38,0.0,7610184,41095170.0
600909.SH,20260727,20260727 10:36:01,华安证券,8.21,8.74,8.74,8.11,9.01,-8.879023307436174,164566103,1351447201.0
600916.SH,20260727,20260727 10:36:02,中国黄金,7.33,7.28,7.4,7.26,7.2,1.8055555555555491,11142127,81710912.0
600917.SH,20260727,20260727 10:36:01,重庆燃气,4.78,4.75,4.8,4.71,4.75,0.6315789473684275,1959800,9336771.0
600918.SH,20260727,20260727 10:36:03,中泰证券,5.54,5.51,5.56,5.48,5.51,0.5444646098003769,11617956,64284284.0
600919.SH,20260727,20260727 10:36:02,江苏银行,11.49,11.52,11.57,11.41,11.57,-0.691443388072599,35965072,412873781.0
600925.SH,20260727,20260727 10:35:58,苏能股份,4.29,4.31,4.33,4.27,4.32,-0.6944444444444531,2737700,11769785.0
600926.SH,20260727,20260727 10:36:02,杭州银行,15.7,15.68,15.74,15.5,15.74,-0.2541296060991183,18168030,283684389.0
600927.SH,20260727,20260727 10:36:04,永安期货,12.63,12.41,12.65,12.34,12.44,1.5273311897106234,2407813,30192565.0
600928.SH,20260727,20260727 10:36:03,西安银行,3.54,3.54,3.59,3.53,3.53,0.2832861189801861,11493998,40881319.0
600929.SH,20260727,20260727 10:36:04,雪天盐业,5.32,5.37,5.44,5.29,5.37,-0.9310986964618184,14789600,79168487.0
600930.SH,20260727,20260727 10:36:01,华电新能,4.17,4.14,4.18,4.08,4.16,0.24038461538460343,75464374,311694082.0
600933.SH,20260727,20260727 10:36:02,爱柯迪,12.92,12.8,13.01,12.71,12.75,1.333333333333342,4234600,54787641.0
600935.SH,20260727,20260727 10:36:03,华塑股份,2.22,2.2,2.23,2.2,2.21,0.452488687782826,3403800,7556084.0
600936.SH,20260727,20260727 10:36:02,北投科技,5.07,4.99,5.1,4.99,4.96,2.2177419354838745,40195143,203456916.0
600938.SH,20260727,20260727 10:36:02,中国海油,30.94,30.55,31.0,30.0,31.91,-3.039799435913504,65653975,2000371715.0
600939.SH,20260727,20260727 10:36:00,重庆建工,2.54,2.44,2.54,2.43,2.45,3.6734693877551017,4501445,11260478.0
600941.SH,20260727,20260727 10:36:03,中国移动,94.93,94.71,95.4,94.12,94.69,0.2534586545569928,3000700,284869964.0
600955.SH,20260727,20260727 10:36:02,维远股份,12.06,11.65,12.08,11.65,11.77,2.463891248937977,1523400,18188384.0
600956.SH,20260727,20260727 10:36:02,新天绿能,7.25,7.1,7.29,7.08,7.15,1.3986013986013957,3283355,23672464.0
600958.SH,20260727,20260727 10:36:04,东方证券,9.02,8.95,9.03,8.91,8.86,1.8058690744920947,24178495,217214113.0
600959.SH,20260727,20260727 10:36:02,江苏有线,3.01,2.98,3.02,2.96,2.98,1.0067114093959662,11376050,34146115.0
600960.SH,20260727,20260727 10:36:02,渤海汽车,3.68,3.58,3.69,3.52,3.53,4.249291784702569,5528600,20045246.0
600961.SH,20260727,20260727 10:36:03,株冶集团,22.85,22.78,23.15,22.53,22.5,1.5555555555555545,15608310,357314791.0
600962.SH,20260727,20260727 10:36:04,国投中鲁,23.57,21.36,23.57,21.36,21.43,9.98600093327111,7907993,181183538.0
600963.SH,20260727,20260727 10:36:02,岳阳林纸,3.22,3.15,3.23,3.13,3.16,1.8987341772152,11323600,36143152.0
600965.SH,20260727,20260727 10:35:57,*ST福成,2.47,2.37,2.47,2.37,2.42,2.066115702479343,1781379,4328988.0
600966.SH,20260727,20260727 10:36:02,博汇纸业,4.57,4.49,4.59,4.48,4.49,1.7817371937639104,4268348,19414008.0
600967.SH,20260727,20260727 10:36:02,内蒙一机,11.78,11.17,11.97,11.01,11.56,1.903114186851207,34465199,398386756.0
600968.SH,20260727,20260727 10:36:02,海油发展,3.73,3.71,3.76,3.58,3.79,-1.58311345646438,25150500,93241267.0
600969.SH,20260727,20260727 10:36:02,郴电国际,7.94,7.66,7.97,7.62,7.71,2.983138780804162,4542700,35734653.0
600970.SH,20260727,20260727 10:36:02,中材国际,7.79,7.74,7.84,7.7,7.71,1.037613488975353,7240950,56454921.0
600971.SH,20260727,20260727 10:36:02,恒源煤电,7.65,7.52,7.69,7.32,7.62,0.3937007874015741,8206900,62323840.0
600973.SH,20260727,20260727 10:36:02,宝胜股份,5.75,5.6,5.76,5.57,5.62,2.313167259786475,7812660,44592603.0
600975.SH,20260727,20260727 10:36:03,新五丰,4.78,4.72,4.82,4.69,4.73,1.0570824524312794,3725430,17781839.0
600976.SH,20260727,20260727 10:36:03,健民集团,27.6,27.33,27.78,26.84,27.43,0.6197593875319152,950800,26126609.0
600977.SH,20260727,20260727 10:36:04,中国电影,12.38,12.06,12.45,12.0,12.08,2.4834437086092676,19898144,244282529.0
600979.SH,20260727,20260727 10:36:04,广安爱众,3.87,3.73,3.89,3.69,3.79,2.110817941952514,12356846,47317740.0
600980.SH,20260727,20260727 10:36:06,北矿科技,17.25,17.15,17.29,16.87,16.84,2.434679334916856,2335500,39969158.0
600981.SH,20260727,20260727 10:36:05,苏豪汇鸿,2.24,2.17,2.25,2.15,2.17,3.2258064516129226,10535254,23356624.0
600982.SH,20260727,20260727 10:36:04,宁波能源,5.03,4.81,5.08,4.77,4.82,4.356846473029052,24987215,123615577.0
600983.SH,20260727,20260727 10:35:52,惠而浦,7.43,7.3,7.43,7.27,7.34,1.2261580381471404,627400,4638528.0
600984.SH,20260727,20260727 10:36:05,建设机械,4.02,3.88,4.06,3.83,4.0,0.49999999999998934,41083749,163044449.0
600985.SH,20260727,20260727 10:36:04,淮北矿业,14.61,14.49,14.67,14.18,14.64,-0.2049180327868938,7590006,109868785.0
600986.SH,20260727,20260727 10:36:05,浙文互联,6.71,6.45,6.75,6.3,6.51,3.0721966205837115,30705600,202881687.0
600987.SH,20260727,20260727 10:35:58,航民股份,6.53,6.47,6.55,6.45,6.46,1.0835913312693624,1370498,8931433.0
600988.SH,20260727,20260727 10:36:04,赤峰黄金,36.37,37.8,37.96,36.07,36.49,-0.32885722115649774,38532812,1420930417.0
600989.SH,20260727,20260727 10:36:06,宝丰能源,22.68,22.0,22.77,21.6,23.38,-2.9940119760479056,72905466,1617006231.0
600990.SH,20260727,20260727 10:36:04,四创电子,17.01,16.84,17.09,16.6,16.86,0.8896797153024938,2130400,35898361.0
600992.SH,20260727,20260727 10:36:05,贵绳股份,9.27,8.89,9.3,8.86,9.06,2.3178807947019875,5617500,51037327.0
600993.SH,20260727,20260727 10:36:05,马应龙,23.31,23.1,23.63,23.04,23.16,0.6476683937823857,2598200,60809451.0
600995.SH,20260727,20260727 10:36:04,南网储能,12.77,12.56,12.91,12.51,12.72,0.39308176100627534,12033733,153281745.0
600996.SH,20260727,20260727 10:36:06,贵广网络,6.46,6.26,6.48,6.2,6.27,3.0303030303030276,10515500,67400043.0
600997.SH,20260727,20260727 10:36:04,开滦股份,5.24,5.17,5.28,5.16,5.21,0.5758157389635254,5403700,28309237.0
600998.SH,20260727,20260727 10:36:04,九州通,5.02,5.0,5.08,4.95,5.01,0.1996007984031989,13473052,67928588.0
600999.SH,20260727,20260727 10:36:06,招商证券,18.1,18.85,18.85,17.56,18.65,-2.949061662198371,54373434,974887864.0
601000.SH,20260727,20260727 10:36:05,唐山港,4.68,4.65,4.72,4.65,4.65,0.6451612903225712,20535388,96381115.0
601001.SH,20260727,20260727 10:36:04,晋控煤业,16.22,15.8,16.48,15.59,16.46,-1.4580801944107047,9188400,148863940.0
601002.SH,20260727,20260727 10:36:05,晋亿实业,4.79,4.7,4.8,4.61,4.78,0.20920502092049986,12159200,57176326.0
601003.SH,20260727,20260727 10:36:02,柳钢股份,3.44,3.42,3.46,3.4,3.43,0.2915451895043608,5233100,17948557.0
601005.SH,20260727,20260727 10:36:05,重庆钢铁,1.2,1.19,1.2,1.18,1.19,0.8403361344537785,15994600,19046245.0
601006.SH,20260727,20260727 10:36:03,大秦铁路,4.84,4.85,4.9,4.82,4.86,-0.4115226337448652,42799300,207691403.0
601007.SH,20260727,20260727 10:36:01,金陵饭店,6.32,6.2,6.38,6.2,6.19,2.100161550888524,3150190,19975928.0
601008.SH,20260727,20260727 10:36:05,连云港,4.3,4.27,4.32,4.25,4.3,0.0,2316100,9938002.0
601009.SH,20260727,20260727 10:36:04,南京银行,11.21,11.22,11.29,11.14,11.26,-0.444049733570151,14904516,166893548.0
601010.SH,20260727,20260727 10:36:05,ST文峰,1.4,1.35,1.43,1.35,1.35,3.703703703703698,18408842,25659668.0
601011.SH,20260727,20260727 10:36:04,宝泰隆,2.46,2.37,2.47,2.37,2.41,2.0746887966804906,10482000,25527068.0
601012.SH,20260727,20260727 10:36:06,隆基绿能,12.62,12.69,12.69,12.37,12.42,1.61030595813203,41864280,524002106.0
601015.SH,20260727,20260727 10:36:05,陕西黑猫,3.15,3.05,3.17,3.05,3.1,1.6129032258064502,14617882,45466570.0
601016.SH,20260727,20260727 10:36:05,节能风电,3.56,3.42,3.56,3.42,3.46,2.8901734104046284,85191815,299366453.0
601018.SH,20260727,20260727 10:36:05,宁波港,3.4,3.41,3.42,3.38,3.4,0.0,20816900,70760268.0
601019.SH,20260727,20260727 10:36:05,山东出版,7.3,7.28,7.39,7.26,7.31,-0.1367989056087482,3688073,27008474.0
601020.SH,20260727,20260727 10:36:05,华钰矿业,18.27,18.0,18.35,17.88,17.77,2.8137310073157007,8266524,150056557.0
601021.SH,20260727,20260727 10:36:05,春秋航空,45.59,45.19,46.19,45.15,44.64,2.128136200716857,4589520,209844824.0
601022.SH,20260727,20260727 10:36:04,宁波远洋,8.07,8.03,8.13,7.96,8.01,0.7490636704119868,2633500,21170019.0
601026.SH,20260727,20260727 10:36:06,道生天合,15.11,14.54,15.73,14.54,14.64,3.210382513661192,4377447,66593183.0
601033.SH,20260727,20260727 10:35:58,永兴股份,14.25,14.17,14.35,14.15,14.17,0.5645730416372619,2080600,29671053.0
601038.SH,20260727,20260727 10:36:04,一拖股份,13.94,13.56,14.14,13.55,13.8,1.0144927536231751,5208301,72545072.0
601058.SH,20260727,20260727 10:36:05,赛轮轮胎,13.57,13.3,13.59,13.13,13.21,2.725208175624516,13715829,183442510.0
601059.SH,20260727,20260727 10:36:04,信达证券,16.48,16.48,16.52,16.34,16.45,0.18237082066869803,2325500,38212219.0
601061.SH,20260727,20260727 10:36:05,中信金属,11.0,10.82,11.08,10.74,10.76,2.230483271375472,14774177,160869973.0
601065.SH,20260727,20260727 10:36:05,江盐集团,6.67,6.56,6.68,6.56,6.6,1.060606060606073,1747000,11581672.0
601066.SH,20260727,20260727 10:36:05,中信建投,26.24,25.99,26.32,25.6,26.07,0.652090525508231,12501036,324197509.0
601068.SH,20260727,20260727 10:36:03,中铝国际,4.35,4.26,4.36,4.26,4.26,2.1126760563380254,6966374,30132846.0
601069.SH,20260727,20260727 10:36:04,西部黄金,23.13,23.03,23.41,22.83,22.52,2.7087033747779765,10658832,246303015.0
601077.SH,20260727,20260727 10:36:05,渝农商行,6.59,6.63,6.67,6.58,6.61,-0.302571860816947,22655900,150070657.0
601083.SH,20260727,20260727 10:36:05,锦江航运,10.7,10.7,10.73,10.53,10.64,0.5639097744360777,2944677,31401104.0
601086.SH,20260727,20260727 10:36:04,国芳集团,6.86,6.69,6.9,6.62,6.72,2.083333333333348,2980300,20274941.0
601088.SH,20260727,20260727 10:36:04,中国神华,44.64,45.7,45.7,44.51,45.7,-2.319474835886215,17138350,767778708.0
601089.SH,20260727,20260727 10:36:06,福元医药,17.09,16.37,17.44,16.15,16.37,4.398289554062296,3328406,56706592.0
601096.SH,20260727,20260727 10:36:04,宏盛华源,4.18,4.05,4.18,4.05,4.07,2.7027027027026973,17532362,72547458.0
601098.SH,20260727,20260727 10:36:05,中南传媒,10.19,10.22,10.33,10.15,10.17,0.1966568338249708,4369700,44704106.0
601099.SH,20260727,20260727 10:36:06,太平洋,3.37,3.32,3.38,3.3,3.33,1.2012012012011963,34891138,116745023.0
601100.SH,20260727,20260727 10:36:04,恒立液压,106.09,107.47,108.08,105.7,106.79,-0.6554920872740899,1507400,160834222.0
601101.SH,20260727,20260727 10:36:06,昊华能源,10.64,10.55,11.0,10.55,11.02,-3.4482758620689613,19256372,207848398.0
601106.SH,20260727,20260727 10:36:04,中国一重,2.98,2.91,2.98,2.89,2.91,2.405498281786933,23918900,70163423.0
601107.SH,20260727,20260727 10:36:05,四川成渝,5.49,5.55,5.55,5.47,5.52,-0.5434782608695565,4920000,27079841.0
601108.SH,20260727,20260727 10:36:05,财通证券,8.39,8.27,8.41,8.19,8.22,2.0681265206812682,19936780,165990220.0
601111.SH,20260727,20260727 10:36:04,中国国航,6.08,6.03,6.16,6.03,5.96,2.0134228187919545,41563992,253397402.0
601113.SH,20260727,20260727 10:36:05,华鼎股份,3.3,3.25,3.31,3.24,3.24,1.8518518518518379,3707900,12168868.0
601116.SH,20260727,20260727 10:36:05,三江购物,9.46,9.23,9.49,9.21,9.27,2.0496224379719763,3490900,32818878.0
601117.SH,20260727,20260727 10:36:06,中国化学,7.67,7.54,7.69,7.54,7.57,1.3210039630118908,27086239,207237277.0
601118.SH,20260727,20260727 10:36:05,海南橡胶,4.77,4.65,4.78,4.6,4.67,2.1413276231263323,24458784,114997740.0
601121.SH,20260727,20260727 10:36:05,宝地矿业,6.71,6.56,6.78,6.48,6.46,3.8699690402476783,8523300,56581975.0
601126.SH,20260727,20260727 10:36:04,四方股份,42.6,41.94,43.17,41.7,41.72,2.1093000958772867,11803429,500128670.0
601127.SH,20260727,20260727 10:36:03,赛力斯,55.47,55.41,56.52,54.87,54.33,2.098288238542234,10158098,563753373.0
601128.SH,20260727,20260727 10:36:05,常熟银行,6.22,6.23,6.26,6.2,6.23,-0.16051364365972098,15738684,97993120.0
601133.SH,20260727,20260727 10:36:05,柏诚股份,28.38,28.4,29.7,26.58,28.38,0.0,9930500,280268316.0
601136.SH,20260727,20260727 10:36:04,首创证券,13.91,13.9,13.93,13.68,13.87,0.2883922134102379,4712000,64992997.0
601137.SH,20260727,20260727 10:36:05,博威合金,16.9,16.6,16.96,16.5,16.46,2.673147023086253,4899713,82144287.0
601138.SH,20260727,20260727 10:36:06,工业富联,60.84,59.88,61.47,59.5,60.25,0.979253112033196,36306317,2204084022.0
601139.SH,20260727,20260727 10:36:05,深圳燃气,6.43,6.32,6.47,6.32,6.43,0.0,13715120,88043238.0
601155.SH,20260727,20260727 10:36:04,新城控股,11.14,10.98,11.28,10.94,10.98,1.4571948998178597,9256132,103465138.0
601156.SH,20260727,20260727 10:36:06,东航物流,16.74,16.41,16.92,16.2,16.24,3.078817733990147,9204619,152649411.0
601158.SH,20260727,20260727 10:36:03,重庆水务,4.16,4.17,4.2,4.15,4.17,-0.23980815347721673,2850500,11896806.0
601162.SH,20260727,20260727 10:36:04,天风证券,3.62,3.56,3.63,3.54,3.57,1.400560224089653,58364387,209757178.0
601163.SH,20260727,20260727 10:36:05,三角轮胎,12.66,12.5,12.68,12.5,12.51,1.1990407673860837,1011200,12758681.0
601166.SH,20260727,20260727 10:36:03,兴业银行,18.3,18.48,18.49,18.22,18.33,-0.16366612111291534,45113423,828259973.0
601168.SH,20260727,20260727 10:36:06,西部矿业,36.76,36.92,37.65,36.45,36.24,1.4348785871964642,40321248,1492359569.0
601169.SH,20260727,20260727 10:36:05,北京银行,5.06,5.06,5.1,5.04,5.06,0.0,47408207,240071814.0
601177.SH,20260727,20260727 10:36:03,杭齿前进,12.19,11.83,12.2,11.83,11.92,2.2651006711409405,1730500,20881985.0
601179.SH,20260727,20260727 10:36:03,中国西电,13.97,13.32,14.2,13.17,13.55,3.0996309963099655,150878690,2078574046.0
601186.SH,20260727,20260727 10:36:03,中国铁建,6.51,6.52,6.54,6.49,6.5,0.15384615384614886,26441600,172273228.0
601187.SH,20260727,20260727 10:36:03,厦门银行,7.38,7.38,7.48,7.35,7.39,-0.13531799729363803,6420800,47584253.0
601188.SH,20260727,20260727 10:36:04,龙江交通,2.82,2.79,2.84,2.78,2.79,1.0752688172043001,4642800,13099168.0
601198.SH,20260727,20260727 10:36:05,东兴证券,13.7,13.67,13.77,13.52,13.7,0.0,9590687,131080048.0
601199.SH,20260727,20260727 10:36:06,江南水务,5.46,5.38,5.48,5.33,5.4,1.1111111111111072,5330900,28896957.0
601200.SH,20260727,20260727 10:36:06,上海环境,7.03,6.91,7.05,6.9,6.94,1.2968299711815456,4929577,34552093.0
601208.SH,20260727,20260727 10:36:06,东材科技,41.86,41.39,43.61,40.64,41.72,0.3355704697986628,27125530,1147385939.0
601211.SH,20260727,20260727 10:36:04,国泰海通,19.0,19.4,19.4,18.72,19.22,-1.144640998959412,37476103,711298276.0
601212.SH,20260727,20260727 10:36:04,白银有色,4.82,4.75,4.87,4.71,4.62,4.329004329004338,98635485,474542896.0
601216.SH,20260727,20260727 10:36:04,君正集团,4.61,4.64,4.66,4.59,4.64,-0.6465517241379226,19594300,90446794.0
601218.SH,20260727,20260727 10:36:05,吉鑫科技,4.47,4.06,4.47,4.06,4.06,10.098522167487701,18805578,82424364.0
601222.SH,20260727,20260727 10:36:05,林洋能源,5.57,5.52,5.62,5.5,5.54,0.5415162454873723,9092188,50733415.0
601225.SH,20260727,20260727 10:36:05,陕西煤业,24.08,24.4,24.59,24.01,24.7,-2.510121457489878,22598630,548730400.0
601226.SH,20260727,20260727 10:36:03,华电科工,5.76,5.64,5.77,5.61,5.64,2.127659574468077,5022528,28673708.0
601228.SH,20260727,20260727 10:36:03,广州港,3.04,3.05,3.07,3.03,3.05,-0.3278688524590123,9142000,27892954.0
601229.SH,20260727,20260727 10:36:06,上海银行,9.16,9.12,9.24,9.11,9.14,0.2188183807439792,24481200,224491228.0
601231.SH,20260727,20260727 10:36:06,环旭电子,24.22,23.92,24.55,23.86,23.94,1.1695906432748426,8437759,204849177.0
601233.SH,20260727,20260727 10:36:04,桐昆股份,21.37,20.86,21.72,20.78,21.13,1.135825840037863,13597244,289489594.0
601236.SH,20260727,20260727 10:36:03,红塔证券,6.89,6.89,6.92,6.83,6.91,-0.28943560057888007,8216500,56452238.0
601238.SH,20260727,20260727 10:36:03,广汽集团,5.15,5.09,5.19,5.08,5.1,0.9803921568627638,9867600,50696689.0
601279.SH,20260727,20260727 10:36:05,英利汽车,3.0,2.9,3.01,2.88,2.92,2.7397260273972712,4672800,13849401.0
601288.SH,20260727,20260727 10:36:06,农业银行,6.74,6.67,6.78,6.66,6.66,1.2012012012011963,205499157,1381647547.0
601298.SH,20260727,20260727 10:36:04,青岛港,8.74,8.67,8.77,8.63,8.63,1.2746234067207318,6234400,54253241.0
601311.SH,20260727,20260727 10:36:03,骆驼股份,7.8,7.63,7.82,7.63,7.66,1.8276762402088753,5936904,46100413.0
601318.SH,20260727,20260727 10:36:04,中国平安,53.62,54.27,54.27,53.03,54.02,-0.7404664938911565,27903178,1494912927.0
601319.SH,20260727,20260727 10:36:03,中国人保,7.4,7.45,7.5,7.37,7.45,-0.6711409395973145,27783511,205830627.0
601326.SH,20260727,20260727 10:36:03,秦港股份,3.4,3.42,3.44,3.38,3.43,-0.8746355685131268,11490034,39215436.0
601328.SH,20260727,20260727 10:36:04,交通银行,7.05,7.09,7.1,7.01,7.04,0.14204545454545858,94737190,668594732.0
601330.SH,20260727,20260727 10:36:03,绿色动力,7.13,6.87,7.14,6.87,6.98,2.1489971346704717,5213500,36850922.0
601333.SH,20260727,20260727 10:36:05,广深铁路,2.96,2.96,2.99,2.95,2.97,-0.33670033670034627,22083700,65578681.0
601336.SH,20260727,20260727 10:36:06,新华保险,62.44,62.98,63.26,62.0,63.12,-1.0773130544993625,9171307,573960151.0
601339.SH,20260727,20260727 10:36:04,百隆东方,8.15,7.95,8.27,7.8,8.03,1.4943960149439661,8977336,72326544.0
601360.SH,20260727,20260727 10:36:06,三六零,8.56,8.39,8.58,8.27,8.43,1.542111506524324,35339437,298529253.0
601366.SH,20260727,20260727 10:36:02,利群股份,3.38,3.29,3.38,3.28,3.31,2.114803625377637,2923000,9779388.0
601368.SH,20260727,20260727 10:36:02,绿城水务,4.33,4.23,4.35,4.23,4.25,1.8823529411764683,1870200,8055058.0
601369.SH,20260727,20260727 10:36:03,陕鼓动力,8.93,8.8,9.0,8.57,8.87,0.6764374295377795,7495000,65889158.0
601375.SH,20260727,20260727 10:36:06,中原证券,4.07,4.03,4.08,4.0,4.04,0.7425742574257432,18982900,76669611.0
601377.SH,20260727,20260727 10:36:04,兴业证券,6.1,6.07,6.11,6.02,6.08,0.3289473684210398,25654354,155568656.0
601388.SH,20260727,20260727 10:36:05,怡球资源,3.02,2.98,3.02,2.95,2.99,1.0033444816053505,16972780,50839368.0
601390.SH,20260727,20260727 10:36:05,中国中铁,4.55,4.52,4.59,4.52,4.52,0.6637168141592875,54833756,250207088.0
601398.SH,20260727,20260727 10:36:05,工商银行,7.76,7.79,7.79,7.69,7.75,0.1290322580645098,153565193,1188758707.0
601399.SH,20260727,20260727 10:36:05,国机重装,3.23,3.11,3.24,3.09,3.1,4.193548387096779,50094443,158510994.0
601456.SH,20260727,20260727 10:36:06,国联民生,8.9,8.92,8.93,8.84,8.89,0.11248593925758943,4541746,40416166.0
601500.SH,20260727,20260727 10:36:06,通用股份,3.89,3.8,3.9,3.79,3.79,2.638522427440626,6604940,25586782.0
601512.SH,20260727,20260727 10:35:57,中新集团,7.56,7.38,7.61,7.37,7.4,2.1621621621621623,2105900,15886632.0
601515.SH,20260727,20260727 10:36:04,衢州东峰,3.25,3.14,3.25,3.13,3.15,3.1746031746031855,5068132,16272984.0
601518.SH,20260727,20260727 10:36:05,吉林高速,2.74,2.73,2.75,2.72,2.73,0.366300366300365,3729260,10214042.0
601519.SH,20260727,20260727 10:36:04,大智慧,7.77,7.6,7.8,7.49,7.6,2.2368421052631593,10561657,81340595.0
601528.SH,20260727,20260727 10:36:04,瑞丰银行,4.78,4.77,4.81,4.74,4.75,0.6315789473684275,8076479,38615741.0
601555.SH,20260727,20260727 10:36:06,东吴证券,7.89,7.93,7.95,7.79,7.91,-0.25284450063212116,20688800,162454009.0
601566.SH,20260727,20260727 10:36:05,九牧王,7.91,7.65,7.93,7.63,7.69,2.860858257477239,2397400,18783149.0
601567.SH,20260727,20260727 10:36:05,三星电气,15.13,14.94,15.44,14.9,15.0,0.8666666666666822,9049200,137275945.0
601568.SH,20260727,20260727 10:36:04,北元化工,3.58,3.57,3.61,3.55,3.57,0.2801120448179262,7662820,27420265.0
601577.SH,20260727,20260727 10:36:03,长沙银行,9.27,9.25,9.33,9.18,9.22,0.5422993492407713,8747500,81141374.0
601579.SH,20260727,20260727 10:36:06,会稽山,14.17,13.85,14.31,13.83,13.96,1.5042979942693435,2148400,30411084.0
601588.SH,20260727,20260727 10:36:04,北辰实业,1.64,1.61,1.65,1.6,1.62,1.2345679012345512,9881200,16141831.0
601595.SH,20260727,20260727 10:36:01,上海电影,16.46,15.61,16.56,15.59,15.87,3.7177063642092056,6561107,106954771.0
601598.SH,20260727,20260727 10:36:05,中国外运,6.17,6.08,6.18,6.06,6.05,1.983471074380172,9577133,58744416.0
601599.SH,20260727,20260727 10:36:05,浙文影业,2.94,2.84,2.94,2.84,2.84,3.5211267605633756,9828700,28577407.0
601600.SH,20260727,20260727 10:36:05,中国铝业,9.33,9.43,9.43,9.23,9.44,-1.165254237288127,109803171,1022699383.0
601601.SH,20260727,20260727 10:36:06,中国太保,31.49,32.28,32.28,31.3,31.95,-1.4397496087636963,22577951,711293334.0
601606.SH,20260727,20260727 10:36:05,长城军工,35.26,32.26,35.26,32.25,32.05,10.015600624024955,69577831,2398354969.0
601607.SH,20260727,20260727 10:36:03,上海医药,16.45,16.38,16.6,16.2,16.38,0.42735042735042583,5786062,95371971.0
601608.SH,20260727,20260727 10:36:03,中信重工,4.53,4.42,4.53,4.36,4.43,2.257336343115135,21539552,95889655.0
601609.SH,20260727,20260727 10:36:05,金田股份,9.76,9.55,9.82,9.5,9.48,2.9535864978902815,11006253,106711186.0
601611.SH,20260727,20260727 10:36:03,中国核建,10.23,9.99,10.26,9.98,10.01,2.197802197802212,10525300,106685357.0
601615.SH,20260727,20260727 10:36:05,明阳智能,11.22,10.95,11.25,10.88,10.96,2.372262773722622,20051723,222907914.0
601616.SH,20260727,20260727 10:36:04,广电电气,3.4,3.3,3.43,3.3,3.34,1.7964071856287456,7316700,24801235.0
601618.SH,20260727,20260727 10:36:05,中国中冶,2.67,2.65,2.69,2.64,2.65,0.7547169811320753,29085200,77666859.0
601619.SH,20260727,20260727 10:36:05,嘉泽新能,4.44,4.4,4.49,4.33,4.44,0.0,20265252,89750378.0
601628.SH,20260727,20260727 10:36:06,中国人寿,39.6,40.73,40.73,39.1,40.31,-1.7613495410568114,17052655,674258603.0
601633.SH,20260727,20260727 10:36:05,长城汽车,16.2,16.12,16.33,15.93,16.12,0.4962779156327368,6627800,107200676.0
601636.SH,20260727,20260727 10:36:05,旗滨集团,5.77,5.62,5.88,5.59,5.62,2.669039145907459,42340730,245129633.0
601658.SH,20260727,20260727 10:36:04,邮储银行,5.1,5.13,5.14,5.08,5.12,-0.3906250000000111,61207400,312774403.0
601665.SH,20260727,20260727 10:36:03,齐鲁银行,6.16,6.18,6.22,6.12,6.21,-0.805152979066015,16922163,104290827.0
601666.SH,20260727,20260727 10:36:06,平煤股份,7.62,7.65,7.66,7.47,7.69,-0.9102730819245841,16155600,122414763.0
601668.SH,20260727,20260727 10:36:06,中国建筑,4.65,4.73,4.73,4.64,4.7,-1.0638297872340385,125116420,586061216.0
601669.SH,20260727,20260727 10:36:06,中国电建,4.76,4.74,4.8,4.73,4.75,0.21052631578946102,36461413,173765544.0
601677.SH,20260727,20260727 10:36:06,明泰铝业,15.93,15.74,15.99,15.63,15.69,1.5296367112810794,11301908,179158824.0
601678.SH,20260727,20260727 10:36:03,滨化股份,6.93,6.72,7.0,6.34,6.54,5.9633027522935755,291109181,1950790689.0
601686.SH,20260727,20260727 10:35:55,友发集团,5.05,5.0,5.07,4.98,5.0,1.0000000000000009,3265500,16420065.0
601688.SH,20260727,20260727 10:36:06,华泰证券,20.18,20.6,20.6,20.02,20.4,-1.0784313725490158,21973195,444782551.0
601689.SH,20260727,20260727 10:36:05,拓普集团,46.51,45.6,46.94,45.58,45.62,1.9508987286277923,10021779,464432360.0
601696.SH,20260727,20260727 10:36:05,中银证券,11.4,11.3,11.46,11.14,11.31,0.7957559681697646,14136016,159558006.0
601698.SH,20260727,20260727 10:36:03,中国卫通,25.42,24.9,25.54,24.72,25.03,1.558130243707545,8869075,223880707.0
601699.SH,20260727,20260727 10:36:04,潞安环能,15.06,14.83,15.2,14.61,15.14,-0.5284015852047519,9472242,142217288.0
601700.SH,20260727,20260727 10:36:04,风范股份,4.93,4.88,4.97,4.82,4.86,1.4403292181069727,20768900,101688530.0
601702.SH,20260727,20260727 10:36:03,华峰铝业,14.64,14.5,14.8,14.43,14.49,1.0351966873705987,3496100,51190641.0
601717.SH,20260727,20260727 10:36:03,中创智领,15.28,15.28,15.46,15.23,15.34,-0.39113428943937656,6508500,99685920.0
601718.SH,20260727,20260727 10:36:06,ST际华,1.7,1.68,1.71,1.68,1.69,0.591715976331364,6209000,10538093.0
601727.SH,20260727,20260727 10:36:05,上海电气,6.58,6.5,6.59,6.48,6.52,0.920245398773023,20317732,132905164.0
601728.SH,20260727,20260727 10:36:04,中国电信,6.17,6.2,6.22,6.12,6.16,0.16233766233766378,48566701,299770020.0
601766.SH,20260727,20260727 10:36:03,中国中车,5.95,5.9,5.98,5.9,5.94,0.16835016835017313,51927610,308257707.0
601777.SH,20260727,20260727 10:36:05,千里科技,7.55,7.36,7.56,7.25,7.29,3.566529492455417,12350600,92389803.0
601778.SH,20260727,20260727 10:36:05,晶科科技,3.51,3.41,3.52,3.33,3.41,2.9325513196480912,68104276,236403318.0
601788.SH,20260727,20260727 10:36:05,光大证券,14.51,14.36,14.54,14.32,14.39,0.8339124391938846,7327831,105752650.0
601789.SH,20260727,20260727 10:36:05,宁波建工,4.1,4.02,4.1,4.02,4.01,2.244389027431426,12183800,49481209.0
601798.SH,20260727,20260727 10:36:05,蓝科高新,7.33,7.07,7.35,7.07,7.07,3.6775106082036713,3764800,27180548.0
601799.SH,20260727,20260727 10:36:05,星宇股份,89.75,89.5,90.7,89.06,89.5,0.27932960893854997,806300,72468674.0
601800.SH,20260727,20260727 10:36:03,中国交建,6.12,6.14,6.18,6.1,6.1,0.3278688524590345,13425024,82407770.0
601801.SH,20260727,20260727 10:36:03,皖新传媒,5.3,5.22,5.33,5.19,5.24,1.1450381679389166,5208244,27573832.0
601808.SH,20260727,20260727 10:36:04,中海油服,11.92,11.79,11.96,11.66,12.17,-2.054231717337718,17108210,202463172.0
601811.SH,20260727,20260727 10:36:01,新华文轩,12.12,12.18,12.23,12.07,12.13,-0.08244023083265883,732300,8899724.0
601816.SH,20260727,20260727 10:36:06,京沪高铁,5.02,5.02,5.06,5.0,5.02,0.0,59595900,299770263.0
601818.SH,20260727,20260727 10:36:05,光大银行,3.15,3.15,3.18,3.14,3.15,0.0,85850258,271164777.0
601825.SH,20260727,20260727 10:36:05,沪农商行,8.23,8.24,8.27,8.13,8.18,0.6112469437652868,12019250,98458343.0
601827.SH,20260727,20260727 10:35:59,三峰环境,8.11,8.03,8.16,8.01,8.01,1.2484394506866447,5178000,41957027.0
601828.SH,20260727,20260727 10:36:06,美凯龙,2.16,2.11,2.16,2.1,2.12,1.8867924528301883,13231020,28352067.0
601838.SH,20260727,20260727 10:36:05,成都银行,18.18,18.42,18.47,18.11,18.45,-1.4634146341463428,9825100,179224387.0
601857.SH,20260727,20260727 10:36:06,中国石油,10.79,10.51,10.81,10.42,11.03,-2.1758839528558505,116300949,1236042907.0
601858.SH,20260727,20260727 10:36:04,中国科传,17.51,17.22,17.71,17.05,17.13,2.218330414477543,4526800,79052287.0
601860.SH,20260727,20260727 10:36:04,紫金银行,2.57,2.55,2.59,2.55,2.56,0.390625,24349662,62696711.0
601865.SH,20260727,20260727 10:36:04,福莱特,9.53,9.4,9.55,9.37,9.4,1.382978723404249,6141492,58099442.0
601866.SH,20260727,20260727 10:36:03,中远海发,2.41,2.42,2.44,2.41,2.42,-0.4132231404958553,26268400,63586711.0
601868.SH,20260727,20260727 10:36:05,中国能建,2.56,2.54,2.57,2.54,2.55,0.39215686274509665,96222485,246105322.0
601869.SH,20260727,20260727 10:36:05,长飞光纤,330.44,326.0,338.23,320.27,331.65,-0.3648424543946871,5958495,1966911040.0
601872.SH,20260727,20260727 10:36:06,招商轮船,15.81,15.35,16.05,15.28,15.7,0.7006369426751702,40169295,630146616.0
601877.SH,20260727,20260727 10:36:05,正泰电器,24.54,24.23,24.75,24.2,24.45,0.36809815950920033,9117739,223394385.0
601878.SH,20260727,20260727 10:36:05,浙商证券,9.42,9.41,9.45,9.32,9.41,0.10626992561104665,8945967,84043498.0
601880.SH,20260727,20260727 10:36:04,辽港股份,1.46,1.46,1.47,1.45,1.46,0.0,25128208,36722976.0
601881.SH,20260727,20260727 10:36:04,中国银河,12.46,12.45,12.5,12.32,12.45,0.08032128514057213,11575616,143911940.0
601882.SH,20260727,20260727 10:36:05,海天精工,18.21,17.66,18.28,17.65,17.94,1.5050167224080147,1870002,33882582.0
601886.SH,20260727,20260727 10:36:06,江河集团,8.49,8.42,8.56,8.35,8.41,0.9512485136742077,1819300,15413864.0
601888.SH,20260727,20260727 10:36:06,中国中免,53.95,53.75,54.45,53.16,53.2,1.4097744360902276,12133470,653153020.0
601890.SH,20260727,20260727 10:36:04,亚星锚链,8.42,8.17,8.44,8.16,8.26,1.937046004842613,9145914,76139059.0
601898.SH,20260727,20260727 10:36:05,中煤能源,13.62,13.6,13.86,13.36,13.67,-0.3657644476956934,18768250,256358388.0
601899.SH,20260727,20260727 10:36:04,紫金矿业,31.53,32.45,32.45,31.13,31.51,0.0634719136781925,126777208,4008194448.0
601900.SH,20260727,20260727 10:36:06,南方传媒,11.35,11.25,11.41,11.11,11.2,1.3392857142857206,2233800,25316777.0
601901.SH,20260727,20260727 10:36:03,方正证券,7.11,7.1,7.14,7.0,7.14,-0.42016806722687816,37548100,265347541.0
601908.SH,20260727,20260727 10:36:06,京运通,3.03,2.9,3.04,2.9,2.93,3.4129692832764347,19846294,59330594.0
601916.SH,20260727,20260727 10:36:03,浙商银行,2.87,2.86,2.9,2.86,2.87,0.0,60249000,173435262.0
601918.SH,20260727,20260727 10:36:04,新集能源,9.7,9.55,9.76,9.36,9.74,-0.4106776180698213,17855677,171152625.0
601919.SH,20260727,20260727 10:36:04,中远海控,15.28,15.34,15.34,15.12,15.32,-0.26109660574412663,45585266,693747965.0
601921.SH,20260727,20260727 10:36:04,浙版传媒,7.01,6.93,7.03,6.89,6.91,1.447178002894356,2208900,15445496.0
601928.SH,20260727,20260727 10:36:04,凤凰传媒,9.45,9.62,9.63,9.45,9.59,-1.4598540145985495,4726850,44962835.0
601929.SH,20260727,20260727 10:36:06,吉视传媒,2.22,2.15,2.24,2.14,2.17,2.3041474654378113,41505880,91544355.0
601933.SH,20260727,20260727 10:36:06,永辉超市,3.06,2.98,3.06,2.94,2.99,2.341137123745818,61883611,187203385.0
601939.SH,20260727,20260727 10:36:05,建设银行,10.35,10.24,10.35,10.19,10.26,0.8771929824561431,41486306,426747310.0
601949.SH,20260727,20260727 10:36:00,中国出版,5.01,4.96,5.03,4.91,4.95,1.2121212121211977,3105700,15512784.0
601952.SH,20260727,20260727 10:36:06,苏垦农发,8.0,7.93,8.05,7.9,8.01,-0.12484394506866447,3942400,31534190.0
601956.SH,20260727,20260727 10:36:05,东贝集团,4.58,4.45,4.59,4.44,4.45,2.921348314606731,2601740,11796145.0
601958.SH,20260727,20260727 10:36:04,金钼股份,20.95,20.82,21.15,20.58,20.7,1.2077294685990392,16064400,335547503.0
601963.SH,20260727,20260727 10:36:05,重庆银行,10.93,10.92,10.99,10.85,10.92,0.09157509157509125,6792823,74217983.0
601965.SH,20260727,20260727 10:36:04,中国汽研,14.05,13.96,14.14,13.75,13.79,1.8854242204496163,3620800,50774908.0
601966.SH,20260727,20260727 10:36:04,玲珑轮胎,11.02,11.03,11.06,10.9,10.96,0.5474452554744325,4094300,45057139.0
601968.SH,20260727,20260727 10:36:04,宝钢包装,4.2,4.12,4.22,4.12,4.13,1.6949152542373058,3022300,12654931.0
601969.SH,20260727,20260727 10:36:04,海南矿业,8.59,8.34,8.61,8.28,8.46,1.5366430260047137,14042601,118996056.0
601975.SH,20260727,20260727 10:36:06,招商南油,3.55,3.48,3.58,3.45,3.54,0.28248587570620654,71758486,252573845.0
601985.SH,20260727,20260727 10:36:06,中国核电,8.86,8.88,8.95,8.84,8.9,-0.44943820224719877,36313100,322582141.0
601988.SH,20260727,20260727 10:36:03,中国银行,6.01,6.03,6.07,5.98,6.01,0.0,102996445,620256537.0
601990.SH,20260727,20260727 10:36:03,南京证券,6.77,6.76,6.8,6.71,6.76,0.14792899408284654,7125600,48159555.0
601991.SH,20260727,20260727 10:36:05,大唐发电,6.09,6.03,6.33,6.02,6.29,-3.1796502384737746,225067339,1377957558.0
601992.SH,20260727,20260727 10:36:05,金隅集团,1.39,1.38,1.4,1.37,1.38,0.7246376811594235,11408200,15824991.0
601995.SH,20260727,20260727 10:36:04,中金公司,35.84,35.5,35.96,35.04,35.61,0.6458859870822842,10388122,369357304.0
601996.SH,20260727,20260727 10:36:06,丰林集团,2.21,2.13,2.26,2.12,2.12,4.245283018867907,19579902,43176831.0
601997.SH,20260727,20260727 10:36:06,贵阳银行,5.6,5.56,5.62,5.54,5.54,1.0830324909747224,20238220,113186292.0
601998.SH,20260727,20260727 10:36:05,中信银行,7.69,7.64,7.7,7.57,7.61,1.0512483574244502,27714541,211479866.0
601999.SH,20260727,20260727 10:36:03,出版传媒,5.68,5.61,5.69,5.58,5.6,1.4285714285714235,1060600,5998927.0
603000.SH,20260727,20260727 10:36:06,人民网,15.43,15.16,15.47,15.03,15.16,1.7810026385224331,4314938,66182702.0
603001.SH,20260727,20260727 10:36:04,奥康国际,6.1,5.83,6.13,5.83,5.88,3.741496598639449,6052553,36456795.0
603002.SH,20260727,20260727 10:36:05,宏昌电子,13.75,13.65,14.08,13.15,13.49,1.9273535952557541,25364800,348020944.0
603004.SH,20260727,20260727 10:36:04,鼎龙科技,17.62,17.02,17.72,16.81,17.01,3.5861258083480285,1784100,30927289.0
603005.SH,20260727,20260727 10:36:05,晶方科技,30.71,30.57,31.3,29.31,30.76,-0.16254876462938883,22859481,698654102.0
603006.SH,20260727,20260727 10:36:06,联明股份,10.01,9.8,10.13,9.67,9.65,3.730569948186524,1528500,15199488.0
603007.SH,20260727,20260727 10:36:05,顺景科技,4.44,4.25,4.46,4.24,4.27,3.9812646370023685,9131129,40081158.0
603008.SH,20260727,20260727 10:36:05,ST喜临门,7.59,7.5,7.6,7.43,7.53,0.7968127490039834,1782700,13414400.0
603009.SH,20260727,20260727 10:36:05,北特科技,39.03,38.34,39.69,37.54,38.99,0.10259040779687645,3693278,142340192.0
603010.SH,20260727,20260727 10:36:05,万盛股份,10.23,9.89,10.45,9.85,9.92,3.125,5374200,54959603.0
603011.SH,20260727,20260727 10:36:05,合锻智能,18.32,17.61,18.63,17.37,17.61,4.031800113571848,18664381,336605275.0
603012.SH,20260727,20260727 10:36:04,创力集团,7.98,7.88,8.08,7.88,8.03,-0.6226650062266414,4718600,37749848.0
603013.SH,20260727,20260727 10:36:06,亚普股份,15.95,15.51,15.95,15.5,15.52,2.770618556701021,1199700,18981892.0
603014.SH,20260727,20260727 10:36:04,威高血净,31.4,30.32,31.45,30.27,30.31,3.596172880237547,1011076,31304302.0
603015.SH,20260727,20260727 10:36:04,弘讯科技,9.38,9.02,9.55,9.0,9.03,3.875968992248069,3796800,35509377.0
603016.SH,20260727,20260727 10:36:04,新宏泰,27.39,26.42,27.58,26.42,26.57,3.086187429431697,824800,22365976.0
603017.SH,20260727,20260727 10:36:03,中衡设计,8.7,8.39,8.73,8.34,8.39,3.694874851013097,2188500,18835558.0
603018.SH,20260727,20260727 10:36:03,华设集团,5.08,4.96,5.09,4.95,4.98,2.008032128514059,3549060,17898249.0
603019.SH,20260727,20260727 10:36:03,中科曙光,95.05,97.0,97.88,92.51,97.5,-2.5128205128205128,29343676,2811736111.0
603020.SH,20260727,20260727 10:36:05,爱普股份,9.41,8.99,9.52,8.99,9.08,3.6343612334801767,2913400,27112423.0
603021.SH,20260727,20260727 10:36:05,*ST华鹏,6.7,6.57,6.74,6.51,6.7,0.0,2210100,14674316.0
603022.SH,20260727,20260727 10:36:05,新通联,7.56,7.32,7.58,7.31,7.33,3.137789904502042,1684200,12602109.0
603023.SH,20260727,20260727 10:36:05,威帝股份,3.59,3.41,3.63,3.37,3.41,5.278592375366564,8490943,30154082.0
603025.SH,20260727,20260727 10:36:03,大豪科技,12.51,12.31,12.6,12.31,12.35,1.2955465587044523,3313032,41400451.0
603026.SH,20260727,20260727 10:36:04,石大胜华,65.72,62.74,65.74,61.64,62.03,5.948734483314522,8799930,560652030.0
603027.SH,20260727,20260727 10:36:04,千禾味业,7.18,7.06,7.18,7.0,7.06,1.6997167138810276,5588993,39814310.0
603028.SH,20260727,20260727 10:36:02,赛福天,6.15,5.82,6.15,5.82,5.9,4.237288135593209,1953550,11793975.0
603029.SH,20260727,20260727 10:36:06,天鹅股份,13.61,13.18,13.63,13.16,13.18,3.262518968133543,739130,9940381.0
603030.SH,20260727,20260727 10:36:05,全筑股份,1.82,1.75,1.83,1.73,1.75,4.0000000000000036,18008500,32275793.0
603031.SH,20260727,20260727 10:36:04,安孚科技,38.03,37.23,38.76,36.81,37.49,1.4403841024273056,5824100,220959212.0
603032.SH,20260727,20260727 10:36:05,德新科技,17.29,16.52,17.4,16.45,16.52,4.66101694915253,3703200,62900175.0
603033.SH,20260727,20260727 10:36:05,三维股份,7.46,7.38,7.51,7.29,7.39,0.9472259810554773,2336200,17374075.0
603035.SH,20260727,20260727 10:35:53,常熟汽饰,10.65,10.44,10.67,10.44,10.47,1.7191977077363862,883600,9371145.0
603036.SH,20260727,20260727 10:36:05,如通股份,11.93,11.88,11.95,11.52,11.79,1.187446988973706,1989100,23344595.0
603037.SH,20260727,20260727 10:36:04,凯众股份,9.24,8.9,9.28,8.9,8.97,3.0100334448160515,2254036,20625476.0
603038.SH,20260727,20260727 10:36:03,华立股份,12.01,11.95,12.09,11.71,11.79,1.8659881255301158,1571342,18742800.0
603039.SH,20260727,20260727 10:36:06,泛微网络,29.15,28.4,29.3,28.1,28.45,2.4604569420035194,2815187,81257080.0
603040.SH,20260727,20260727 10:36:05,新坐标,50.73,49.85,51.49,49.4,50.38,0.6947201270345316,751520,37932889.0
603041.SH,20260727,20260727 10:36:04,美思德,9.77,9.51,9.82,9.5,9.49,2.950474183350882,1061700,10270259.0
603042.SH,20260727,20260727 10:36:04,华脉科技,11.15,10.9,11.19,10.8,10.83,2.9547553093259404,3051030,33623997.0
603043.SH,20260727,20260727 10:36:00,广州酒家,13.12,12.99,13.21,12.88,12.89,1.7843289371605842,1364900,17873239.0
603045.SH,20260727,20260727 10:36:03,福达合金,51.29,50.89,52.05,50.11,51.05,0.47012732615083763,2993104,153180801.0
603048.SH,20260727,20260727 10:36:03,浙江黎明,16.82,16.05,17.06,16.04,16.26,3.444034440344401,1280800,21494810.0
603049.SH,20260727,20260727 10:36:05,中策橡胶,48.08,47.4,48.2,47.18,47.49,1.2423668140661093,1036146,49433068.0
603050.SH,20260727,20260727 10:36:06,科林电气,17.99,17.7,18.19,17.7,17.79,1.1242270938729648,1558500,28105912.0
603051.SH,20260727,20260727 10:35:59,鹿山新材,18.03,17.37,18.45,17.22,17.33,4.0392383150606115,2918020,52307481.0
603052.SH,20260727,20260727 10:36:03,可川科技,52.28,51.35,53.0,50.93,50.99,2.5299078250637264,1543072,80479351.0
603053.SH,20260727,20260727 10:35:54,成都燃气,8.67,8.7,8.7,8.6,8.65,0.23121387283235872,624500,5404924.0
603055.SH,20260727,20260727 10:36:04,台华新材,8.33,8.18,8.38,8.18,8.24,1.0922330097087318,1437800,11958306.0
603057.SH,20260727,20260727 10:36:06,紫燕食品,19.73,19.26,20.0,19.1,19.35,1.963824289405669,1200600,23676992.0
603058.SH,20260727,20260727 10:35:53,永吉股份,8.77,8.46,8.82,8.46,8.51,3.055229142185656,1878100,16347645.0
603059.SH,20260727,20260727 10:36:00,倍加洁,22.58,21.81,22.59,21.65,21.99,2.683037744429284,349600,7802434.0
603060.SH,20260727,20260727 10:36:03,国检集团,5.19,5.15,5.22,5.1,5.15,0.7766990291262044,2580842,13295992.0
603061.SH,20260727,20260727 10:36:04,金海通,304.74,300.0,311.24,279.02,294.6,3.441955193482693,2480175,742890047.0
603062.SH,20260727,20260727 10:36:04,麦加芯彩,34.92,33.66,35.31,33.66,34.49,1.2467381849811554,126594,4413206.0
603063.SH,20260727,20260727 10:36:06,禾望电气,30.27,29.35,30.58,29.32,29.35,3.1345826235093632,10059272,302901650.0
603065.SH,20260727,20260727 10:36:05,宿迁联盛,14.5,14.2,15.16,13.42,14.7,-1.3605442176870652,23592686,336389997.0
603066.SH,20260727,20260727 10:36:05,音飞储存,8.58,8.39,8.61,8.35,8.4,2.1428571428571352,1812400,15458655.0
603067.SH,20260727,20260727 10:36:05,振华股份,29.67,29.3,30.15,28.69,29.32,1.1937244201910113,6995100,205820647.0
603068.SH,20260727,20260727 10:36:04,博通集成,35.98,37.02,37.02,35.01,37.02,-2.8092922744462623,7107100,255079517.0
603069.SH,20260727,20260727 10:36:02,海汽集团,12.2,11.85,12.2,11.85,11.93,2.2632020117351104,1276195,15450149.0
603070.SH,20260727,20260727 10:36:06,万控智造,10.84,10.5,10.88,10.45,10.56,2.651515151515138,924800,9919370.0
603071.SH,20260727,20260727 10:36:04,物产环能,11.81,11.6,11.87,11.53,11.72,0.7679180887371961,972400,11403661.0
603072.SH,20260727,20260727 10:36:06,天和磁材,30.66,30.01,30.72,29.87,30.0,2.200000000000002,903538,27448857.0
603073.SH,20260727,20260727 10:36:05,彩蝶实业,14.48,14.03,14.54,13.93,13.94,3.8737446197991465,573314,8188782.0
603075.SH,20260727,20260727 10:36:06,热威股份,18.89,18.98,18.98,18.18,18.45,2.384823848238482,1726600,32295384.0
603076.SH,20260727,20260727 10:35:53,乐惠国际,18.62,17.91,18.69,17.91,18.1,2.872928176795586,796600,14733929.0
603077.SH,20260727,20260727 10:36:07,和邦生物,2.35,2.28,2.36,2.27,2.29,2.6200873362445476,69031146,159796469.0
603078.SH,20260727,20260727 10:36:07,江化微,32.48,32.5,33.01,31.08,32.24,0.7444168734491052,9370100,302203811.0
603079.SH,20260727,20260727 10:36:06,圣达生物,10.59,10.08,10.6,10.05,10.04,5.478087649402408,2067600,21497969.0
603080.SH,20260727,20260727 10:36:06,新疆火炬,17.9,17.72,17.94,17.45,17.7,1.1299435028248483,527700,9346872.0
603081.SH,20260727,20260727 10:36:07,大丰实业,8.41,8.17,8.41,8.13,8.12,3.571428571428581,2035000,16911658.0
603082.SH,20260727,20260727 10:36:01,北自科技,37.29,33.28,37.29,33.28,33.9,10.000000000000009,4164214,148694623.0
603083.SH,20260727,20260727 10:36:06,剑桥科技,166.5,166.8,173.97,165.2,166.8,-0.17985611510792365,9784631,1662139882.0
603085.SH,20260727,20260727 10:36:07,天成自控,9.22,9.1,9.27,9.0,9.01,2.3307436182020025,1968200,18031401.0
603086.SH,20260727,20260727 10:36:03,先达股份,5.15,5.01,5.15,5.0,5.04,2.182539682539697,2693700,13720746.0
603087.SH,20260727,20260727 10:36:05,甘李药业,64.9,62.92,65.99,62.9,63.3,2.527646129541883,5340553,345051329.0
603088.SH,20260727,20260727 10:36:06,宁波精达,8.77,8.25,8.9,8.25,8.37,4.77897252090802,6059300,52463892.0
603089.SH,20260727,20260727 10:36:00,正裕工业,8.06,7.85,8.12,7.79,7.87,2.414231257941557,982800,7870894.0
603090.SH,20260727,20260727 10:36:05,宏盛股份,39.49,39.28,40.04,37.6,37.68,4.80360934182591,2230900,86947370.0
603091.SH,20260727,20260727 10:36:06,众鑫股份,46.46,46.32,47.58,46.01,46.32,0.3022452504317874,281281,13188510.0
603092.SH,20260727,20260727 10:36:05,德力佳,49.5,48.64,50.35,48.0,48.65,1.747173689619741,1407593,69541049.0
603093.SH,20260727,20260727 10:36:07,南华期货,16.6,16.3,16.68,16.2,16.39,1.281269066503965,2612326,43125719.0
603095.SH,20260727,20260727 10:36:04,越剑智能,11.98,11.38,12.01,11.38,11.52,3.993055555555558,1706700,20146089.0
603096.SH,20260727,20260727 10:36:02,新经典,13.4,13.03,13.44,13.03,13.02,2.9185867895545448,816380,10817229.0
603097.SH,20260727,20260727 10:36:05,江苏华辰,16.89,15.35,16.89,15.35,15.35,10.032573289902281,4239589,69474859.0
603098.SH,20260727,20260727 10:36:05,森特股份,9.7,9.36,9.71,9.36,9.4,3.1914893617021267,1692500,16245803.0
603099.SH,20260727,20260727 10:36:06,长白山,36.83,35.8,37.07,35.78,35.83,2.790957298353325,3259200,119724138.0
603100.SH,20260727,20260727 10:36:07,川仪股份,17.55,17.21,17.59,17.18,17.24,1.7981438515081383,1748401,30593596.0
603101.SH,20260727,20260727 10:36:06,汇嘉时代,6.97,6.8,6.99,6.76,6.86,1.60349854227404,3278598,22626209.0
603102.SH,20260727,20260727 10:36:07,百合股份,31.37,30.54,31.38,30.51,30.7,2.182410423452774,329800,10226471.0
603103.SH,20260727,20260727 10:36:05,横店影视,13.44,13.0,13.5,12.96,13.03,3.1465848042977695,3316408,44094890.0
603105.SH,20260727,20260727 10:36:03,芯能科技,6.96,6.8,6.96,6.75,6.87,1.3100436681222627,3851107,26526975.0
603106.SH,20260727,20260727 10:36:04,恒银科技,6.43,6.22,6.44,6.17,6.22,3.37620578778135,3371817,21435458.0
603107.SH,20260727,20260727 10:36:02,上海汽配,11.31,11.08,11.33,11.04,11.1,1.8918918918918948,708100,7965584.0
603108.SH,20260727,20260727 10:36:06,润达医疗,9.3,8.75,9.39,8.72,8.83,5.322763306908285,15214522,139342886.0
603109.SH,20260727,20260727 10:35:56,神驰机电,16.05,15.45,16.07,15.45,15.65,2.5559105431310014,690100,10966489.0
603110.SH,20260727,20260727 10:36:04,东方材料,19.88,19.05,20.6,18.66,18.73,6.1398825413774505,10566100,208903894.0
603111.SH,20260727,20260727 10:36:02,康尼机电,5.7,5.57,5.71,5.57,5.59,1.9677996422182487,1903400,10773686.0
603112.SH,20260727,20260727 10:36:06,华翔股份,13.77,13.55,13.98,13.5,13.55,1.6236162361623618,2561100,35377509.0
603113.SH,20260727,20260727 10:36:06,金能科技,4.26,4.21,4.27,4.17,4.21,1.187648456057011,3909000,16520293.0
603115.SH,20260727,20260727 10:36:05,海星股份,70.29,67.33,72.5,67.12,67.17,4.644930772666367,4118500,288106873.0
603116.SH,20260727,20260727 10:36:05,红蜻蜓,5.16,4.95,5.21,4.93,4.95,4.2424242424242475,3831000,19550864.0
603117.SH,20260727,20260727 10:36:05,万林物流,3.39,3.29,3.4,3.27,3.29,3.039513677811545,3725100,12447205.0
603118.SH,20260727,20260727 10:36:07,共进股份,15.53,14.93,16.76,14.3,15.77,-1.5218769816106592,94512947,1468720515.0
603119.SH,20260727,20260727 10:36:06,浙江荣泰,47.01,47.2,48.17,46.4,46.88,0.27730375426620046,3364398,159218769.0
603120.SH,20260727,20260727 10:36:06,肯特催化,45.4,44.75,47.2,43.5,44.73,1.497876145763466,1729301,78438410.0
603121.SH,20260727,20260727 10:36:07,华培动力,10.84,10.2,11.09,10.12,10.2,6.2745098039215685,4511694,48367531.0
603122.SH,20260727,20260727 10:36:04,合富中国,10.32,9.52,10.56,9.52,9.72,6.172839506172845,12584100,128277201.0
603123.SH,20260727,20260727 10:36:04,翠微股份,8.65,8.6,8.69,8.39,8.56,1.0514018691588856,11844625,101534198.0
603124.SH,20260727,20260727 10:36:07,江南新材,122.63,121.88,124.8,119.0,121.0,1.347107438016515,2633797,322291170.0
603125.SH,20260727,20260727 10:36:06,常青科技,21.07,20.08,21.7,20.08,20.66,1.9845111326234344,2880118,60942064.0
603126.SH,20260727,20260727 10:36:06,中材节能,5.7,5.51,5.73,5.5,5.54,2.8880866425992746,3295700,18618274.0
603127.SH,20260727,20260727 10:36:07,昭衍新药,49.79,44.4,49.79,44.4,45.26,10.008837825894833,47799905,2310576574.0
603128.SH,20260727,20260727 10:36:06,华贸物流,5.34,5.28,5.34,5.27,5.27,1.3282732447817969,2694700,14312450.0
603129.SH,20260727,20260727 10:36:05,春风动力,289.99,282.96,291.77,281.46,282.95,2.4880720975437365,817250,234763093.0
603130.SH,20260727,20260727 10:36:05,云中马,36.95,36.62,37.23,35.5,35.91,2.8961292119187076,464000,16995750.0
603131.SH,20260727,20260727 10:36:06,上海沪工,13.96,13.54,14.0,13.44,13.57,2.8739867354458326,2111300,29217551.0
603132.SH,20260727,20260727 10:36:01,金徽股份,15.04,14.62,15.07,14.62,14.62,2.8727770177838563,2136100,31826956.0
603135.SH,20260727,20260727 10:36:06,中重科技,8.65,8.34,8.67,8.25,8.33,3.8415366146458574,4134000,35221772.0
603136.SH,20260727,20260727 10:36:04,天目湖,8.48,8.31,8.5,8.3,8.31,2.0457280385078214,1438545,12156043.0
603137.SH,20260727,20260727 10:36:05,恒尚节能,25.68,26.28,26.48,23.86,26.51,-3.130894002263307,15319547,381694329.0
603138.SH,20260727,20260727 10:36:05,海量数据,11.71,11.49,11.77,11.26,11.43,2.4496937882764858,2019700,23447844.0
603139.SH,20260727,20260727 10:36:05,康惠股份,33.46,33.57,33.99,32.99,33.3,0.480480480480483,1019040,34234529.0
603150.SH,20260727,20260727 10:36:05,万朗磁塑,49.91,49.96,51.0,47.9,48.2,3.547717842323639,825600,40790342.0
603151.SH,20260727,20260727 10:36:07,邦基科技,11.61,11.06,11.82,11.05,11.07,4.878048780487787,2964500,34105120.0
603153.SH,20260727,20260727 10:36:06,上海建科,13.05,12.89,13.06,12.89,12.91,1.0844306738962084,473500,6148685.0
603155.SH,20260727,20260727 10:36:06,新亚强,13.29,12.8,13.53,12.61,12.85,3.424124513618665,7347220,96553150.0
603156.SH,20260727,20260727 10:36:04,养元饮品,36.83,36.36,37.79,34.69,36.75,0.21768707482991978,7304436,265750538.0
603158.SH,20260727,20260727 10:36:06,腾龙股份,8.89,8.68,8.94,8.68,8.76,1.4840182648401923,8527493,75090039.0
603159.SH,20260727,20260727 10:36:05,上海亚虹,18.16,17.66,18.33,17.54,17.66,2.8312570781426905,1237400,22204022.0
603160.SH,20260727,20260727 10:36:06,汇顶科技,49.57,49.01,49.78,48.34,49.2,0.7520325203252076,2200700,108223758.0
603161.SH,20260727,20260727 10:36:05,科华控股,14.29,14.19,14.65,14.08,14.2,0.6338028169013965,1791200,25652840.0
603162.SH,20260727,20260727 10:36:05,海通发展,10.86,11.01,11.06,10.65,11.07,-1.8970189701897122,14773042,160291235.0
603163.SH,20260727,20260727 10:36:06,圣晖集成,74.21,73.5,75.98,71.71,73.18,1.4074883848045783,1380200,102105365.0
603165.SH,20260727,20260727 10:36:02,荣晟环保,12.67,12.4,12.72,12.31,12.34,2.674230145867096,1910600,24017706.0
603166.SH,20260727,20260727 10:36:05,福达股份,9.8,9.58,9.86,9.56,9.59,2.1897810218978186,3249639,31792236.0
603167.SH,20260727,20260727 10:36:04,渤海轮渡,8.58,8.53,8.62,8.51,8.58,0.0,1233093,10592849.0
603168.SH,20260727,20260727 10:36:07,莎普爱思,4.92,4.74,4.98,4.7,4.74,3.797468354430378,5822900,28508712.0
603169.SH,20260727,20260727 10:36:06,兰石重装,6.27,6.05,6.29,6.05,6.08,3.125,8619043,53510250.0
603170.SH,20260727,20260727 10:36:06,宝立食品,11.79,11.42,11.8,11.3,11.42,3.2399299474605847,2368100,27386010.0
603171.SH,20260727,20260727 10:36:06,税友股份,35.69,34.72,35.85,34.42,34.9,2.2636103151862486,1543400,54656275.0
603172.SH,20260727,20260727 10:36:05,万丰股份,15.16,14.68,15.17,14.47,14.64,3.5519125683060038,586600,8755695.0
603173.SH,20260727,20260727 10:35:59,福斯达,31.85,30.39,32.1,30.39,31.39,1.4654348518636562,422000,13345994.0
603175.SH,20260727,20260727 10:36:07,超颖电子,78.9,78.32,81.44,77.0,78.3,0.766283524904221,1195000,95581387.0
603176.SH,20260727,20260727 10:36:07,汇通集团,4.09,4.01,4.1,3.92,3.96,3.2828282828282873,2019700,8133594.0
603177.SH,20260727,20260727 10:36:05,德创环保,8.32,7.94,8.34,7.94,8.09,2.8430160692212603,1741000,14274598.0
603178.SH,20260727,20260727 10:36:05,圣龙股份,15.34,14.8,15.58,14.8,14.89,3.0221625251846795,5293500,80624314.0
603179.SH,20260727,20260727 10:36:06,新泉股份,38.99,38.56,39.47,37.98,38.51,1.2464294988314917,5374235,208439605.0
603180.SH,20260727,20260727 10:36:06,金牌家居,13.93,13.51,13.93,13.41,13.56,2.728613569321525,392400,5402036.0
603181.SH,20260727,20260727 10:36:06,皇马科技,12.36,12.01,12.41,11.99,12.04,2.657807308970095,3219500,39556227.0
603182.SH,20260727,20260727 10:36:01,嘉华股份,11.19,10.86,11.23,10.85,10.85,3.133640552995387,833600,9249876.0
603183.SH,20260727,20260727 10:36:07,建研院,4.08,4.01,4.14,3.96,4.02,1.4925373134328401,10034152,40935462.0
603185.SH,20260727,20260727 10:36:04,弘元绿能,13.73,13.41,13.74,13.3,13.41,2.386278896346017,3569036,48555743.0
603186.SH,20260727,20260727 10:36:05,华正新材,127.56,126.24,131.6,120.61,124.5,2.4578313253011963,6287616,797869329.0
603187.SH,20260727,20260727 10:36:05,海容冷链,11.86,11.69,11.92,11.65,11.69,1.4542343883661157,2483580,29420048.0
603188.SH,20260727,20260727 10:36:07,亚邦股份,3.77,3.64,3.78,3.62,3.64,3.5714285714285587,4111228,15324759.0
603189.SH,20260727,20260727 10:36:02,*ST网达,8.66,8.51,8.76,8.45,8.57,1.0501750291715295,1220300,10564171.0
603190.SH,20260727,20260727 10:36:04,亚通精工,15.1,14.49,15.26,14.41,14.44,4.570637119113585,1151430,17162026.0
603191.SH,20260727,20260727 10:36:06,望变电气,13.22,12.85,13.25,12.76,12.84,2.9595015576324046,5427006,70923276.0
603192.SH,20260727,20260727 10:36:07,汇得科技,20.57,19.99,20.74,19.9,20.33,1.1805213969503292,1527100,31197602.0
603193.SH,20260727,20260727 10:36:04,润本股份,19.23,18.65,19.38,18.55,18.74,2.614727854855925,1207931,23078741.0
603194.SH,20260727,20260727 10:36:05,中力股份,33.65,33.16,33.69,33.05,33.02,1.907934585099924,600500,20088364.0
603195.SH,20260727,20260727 10:36:07,公牛集团,38.97,38.64,39.34,38.29,38.6,0.958549222797922,1258739,48999239.0
603196.SH,20260727,20260727 10:36:04,璞源材料,19.46,18.58,19.74,18.58,18.8,3.5106382978723483,1369800,26498186.0
603197.SH,20260727,20260727 10:36:04,保隆科技,28.05,27.5,28.13,27.5,27.75,1.0810810810810922,1439400,40057248.0
603198.SH,20260727,20260727 10:36:05,迎驾贡酒,35.47,34.82,35.65,34.65,34.96,1.458810068649874,2401640,84602270.0
603199.SH,20260727,20260727 10:36:04,九华旅游,31.19,30.88,31.42,30.88,30.78,1.3320337881741473,602689,18820781.0
603200.SH,20260727,20260727 10:36:04,上海洗霸,33.77,31.39,33.89,31.39,32.2,4.87577639751553,2125200,70571762.0
603201.SH,20260727,20260727 10:36:07,常润股份,14.93,14.66,15.08,14.61,14.65,1.9112627986348052,1240964,18457340.0
603202.SH,20260727,20260727 10:36:05,天有为,51.23,50.51,51.36,50.51,50.5,1.4455445544554468,398206,20345023.0
603203.SH,20260727,20260727 10:36:06,快克智能,40.84,40.3,41.59,39.05,40.3,1.3399503722084427,4013220,162837450.0
603205.SH,20260727,20260727 10:35:52,健尔康,20.04,19.9,20.08,19.57,19.87,0.8555611474584612,479448,9508850.0
603206.SH,20260727,20260727 10:36:06,嘉环科技,12.88,12.61,12.95,12.56,12.58,2.384737678855342,1347800,17262928.0
603207.SH,20260727,20260727 10:36:04,小方制药,21.97,21.54,22.12,21.35,21.5,2.1860465116279038,699500,15297878.0
603208.SH,20260727,20260727 10:36:05,江山欧派,9.8,9.39,9.81,9.39,9.46,3.594080338266381,907888,8767938.0
603209.SH,20260727,20260727 10:35:53,兴通股份,12.94,12.7,12.96,12.7,12.87,0.543900543900544,1209600,15528198.0
603210.SH,20260727,20260727 10:36:02,泰鸿万立,13.12,12.9,13.15,12.85,12.92,1.5479876160990669,826027,10779951.0
603211.SH,20260727,20260727 10:36:06,晋拓股份,24.45,24.32,24.9,23.93,24.3,0.6172839506172867,2552800,62329617.0
603212.SH,20260727,20260727 10:36:05,赛伍技术,10.42,10.29,10.43,10.13,10.2,2.1568627450980538,5864100,60527040.0
603213.SH,20260727,20260727 10:36:07,镇洋发展,13.77,13.71,13.8,13.69,13.8,-0.21739130434783593,751900,10334961.0
603214.SH,20260727,20260727 10:36:06,爱婴室,12.13,11.77,12.15,11.71,11.71,3.5866780529461906,1463200,17572987.0
603215.SH,20260727,20260727 10:36:04,比依股份,13.18,12.75,13.19,12.75,12.85,2.5680933852139987,464600,6067711.0
603216.SH,20260727,20260727 10:36:06,梦天家居,19.38,18.5,19.44,18.37,18.6,4.193548387096757,1521900,29060201.0
603217.SH,20260727,20260727 10:36:06,元利科技,18.34,17.41,18.44,17.41,17.69,3.6743923120406974,1531300,27544372.0
603218.SH,20260727,20260727 10:36:02,日月股份,9.58,9.34,9.67,9.34,9.37,2.2411953041622246,4439816,42442772.0
603219.SH,20260727,20260727 10:36:05,富佳股份,13.19,12.82,13.21,12.61,12.74,3.5321821036106593,1897925,24637842.0
603220.SH,20260727,20260727 10:36:07,中贝通信,18.22,18.0,18.37,17.8,18.16,0.330396475770911,5601100,101572487.0
603221.SH,20260727,20260727 10:36:04,爱丽家居,15.4,15.4,15.4,15.4,14.0,10.000000000000009,475625,7324625.0
603222.SH,20260727,20260727 10:36:07,济民健康,8.1,7.8,8.19,7.72,7.91,2.402022756005051,10005020,79818146.0
603223.SH,20260727,20260727 10:36:05,恒通股份,10.24,10.27,10.3,9.95,10.25,-0.09756097560975618,4880743,49463944.0
603225.SH,20260727,20260727 10:36:05,新凤鸣,18.4,17.65,18.52,17.61,17.7,3.9548022598870025,5296795,96288770.0
603226.SH,20260727,20260727 10:36:06,菲林格尔,46.75,45.33,47.26,43.08,44.4,5.2927927927928,2311100,105807002.0
603227.SH,20260727,20260727 10:36:06,雪峰科技,7.01,6.93,7.03,6.9,6.96,0.7183908045977017,3154415,22000008.0
603228.SH,20260727,20260727 10:36:06,景旺电子,78.25,74.6,80.95,74.6,74.6,4.8927613941018855,27376753,2140471692.0
603229.SH,20260727,20260727 10:36:06,奥翔药业,7.38,7.24,7.44,7.15,7.27,1.5130674002751032,5020288,36875640.0
603230.SH,20260727,20260727 10:36:06,内蒙新华,8.63,8.55,8.67,8.5,8.55,0.9356725146198785,967100,8326539.0
603231.SH,20260727,20260727 10:36:02,索宝蛋白,14.0,13.8,14.02,13.75,13.76,1.744186046511631,537700,7489125.0
603232.SH,20260727,20260727 10:36:06,格尔软件,13.33,12.67,13.38,12.67,12.92,3.173374613003088,2942240,38871198.0
603233.SH,20260727,20260727 10:36:06,大参林,18.65,18.42,18.75,18.14,18.4,1.3586956521739024,3387389,62644124.0
603235.SH,20260727,20260727 10:36:03,天新药业,23.7,23.97,23.97,23.61,23.73,-0.12642225031606058,165400,3923634.0
603236.SH,20260727,20260727 10:36:06,移远通信,49.01,48.8,49.8,47.8,48.89,0.2454489670689286,3758860,183571967.0
603237.SH,20260727,20260727 10:36:05,五芳斋,13.48,13.34,13.55,13.21,13.25,1.7358490566037776,197280,2649726.0
603238.SH,20260727,20260727 10:36:07,诺邦股份,11.09,10.74,11.1,10.71,10.75,3.1627906976744224,1466200,16074689.0
603239.SH,20260727,20260727 10:36:05,浙江仙通,13.27,12.79,13.3,12.78,12.79,3.7529319781079096,1680700,22036658.0
603248.SH,20260727,20260727 10:36:05,锡华科技,17.84,17.07,17.87,17.07,17.34,2.8835063437139485,1619186,28544481.0
603255.SH,20260727,20260727 10:36:04,鼎际得,24.63,24.4,24.83,24.0,24.38,1.0254306808859637,368232,9021866.0
603256.SH,20260727,20260727 10:36:06,宏和科技,155.13,147.67,160.35,144.39,145.77,6.421074295122442,10213198,1582212909.0
603257.SH,20260727,20260727 10:36:01,中国瑞林,62.83,61.96,63.13,61.7,62.4,0.6891025641025728,351100,21945931.0
603258.SH,20260727,20260727 10:36:06,电魂网络,11.2,10.89,11.23,10.75,10.82,3.512014787430684,1888700,20910910.0
603259.SH,20260727,20260727 10:36:06,药明康德,124.79,127.0,128.0,123.7,125.0,-0.16799999999999038,23291295,2937331122.0
603260.SH,20260727,20260727 10:36:05,合盛硅业,32.72,32.25,32.79,32.1,32.13,1.836290071584168,3272318,106183551.0
603261.SH,20260727,20260727 10:36:05,立航科技,45.17,40.5,45.75,40.5,45.0,0.377777777777788,2515900,106008482.0
603262.SH,20260727,20260727 10:36:00,技源集团,19.48,19.92,19.92,18.78,19.92,-2.208835341365467,1788913,34415007.0
603266.SH,20260727,20260727 10:36:05,天龙股份,14.82,14.55,14.84,14.26,14.55,1.855670103092777,644600,9466291.0
603267.SH,20260727,20260727 10:36:05,鸿远电子,46.07,45.1,46.65,44.73,45.0,2.3777777777777676,3812615,174845748.0
603268.SH,20260727,20260727 10:36:05,松发股份,150.74,151.0,154.37,146.66,152.05,-0.8615586977967826,3088432,465528547.0
603269.SH,20260727,20260727 10:36:07,海鸥股份,11.64,11.18,11.82,10.8,11.05,5.339366515837107,11934428,136549829.0
603270.SH,20260727,20260727 10:36:07,金帝股份,23.92,22.94,24.1,22.3,22.44,6.595365418894827,2764368,64961029.0
603271.SH,20260727,20260727 10:36:04,永杰新材,43.46,42.99,43.75,42.51,43.2,0.6018518518518423,553290,23924401.0
603272.SH,20260727,20260727 10:36:06,*ST联翔,14.75,14.11,15.0,14.11,15.12,-2.447089947089942,2896900,42369222.0
603273.SH,20260727,20260727 10:35:59,天元智能,12.98,12.51,13.0,12.5,12.59,3.0976965845909588,887000,11348018.0
603275.SH,20260727,20260727 10:36:07,众辰科技,33.88,33.14,34.07,32.94,33.14,2.2329511164755678,215893,7260132.0
603276.SH,20260727,20260727 10:36:05,恒兴新材,14.97,14.39,15.14,14.27,14.49,3.31262939958592,1765507,26126759.0
603277.SH,20260727,20260727 10:36:07,银都股份,10.11,9.92,10.12,9.91,9.98,1.3026052104208263,621225,6239342.0
603278.SH,20260727,20260727 10:36:05,大业股份,8.49,8.26,8.5,8.15,8.21,3.410475030450666,3432600,28728888.0
603279.SH,20260727,20260727 10:36:05,景津装备,12.85,12.71,13.0,12.59,12.6,1.984126984126977,2733572,35111400.0
603280.SH,20260727,20260727 10:36:04,南方路机,23.93,23.15,24.0,23.15,23.42,2.177625960717333,433300,10272446.0
603281.SH,20260727,20260727 10:36:05,江瀚新材,18.77,18.5,18.9,18.4,18.5,1.4594594594594668,935640,17513724.0
603282.SH,20260727,20260727 10:36:03,亚光股份,13.51,13.16,13.58,12.81,13.17,2.5816249050873097,603000,8072411.0
603283.SH,20260727,20260727 10:36:04,赛腾股份,44.05,43.74,45.3,42.67,43.71,0.7778540379775656,12048154,530539952.0
603285.SH,20260727,20260727 10:36:05,键邦股份,32.76,32.99,33.59,31.97,32.73,0.09165902841430373,1758400,57730150.0
603286.SH,20260727,20260727 10:36:05,日盈电子,38.9,36.69,39.11,36.69,37.63,3.374966781823008,1657200,63664507.0
603288.SH,20260727,20260727 10:36:06,海天味业,36.0,35.86,36.4,35.66,35.85,0.4184100418409997,6350400,229047138.0
603289.SH,20260727,20260727 10:36:02,泰瑞机器,7.63,7.4,7.63,7.39,7.4,3.1081081081081097,1116330,8433358.0
603290.SH,20260727,20260727 10:36:05,斯达半导,83.55,83.16,84.86,81.2,83.78,-0.27452852709477504,2934316,245093357.0
603291.SH,20260727,20260727 10:36:05,联合水务,7.8,7.7,7.87,7.63,7.72,1.0362694300518172,2298600,17868419.0
603296.SH,20260727,20260727 10:36:05,华勤技术,86.51,86.0,91.5,85.8,88.19,-1.904977888649495,23201125,2061583142.0
603297.SH,20260727,20260727 10:36:05,永新光学,91.38,91.9,92.8,89.05,90.27,1.2296444001329343,458479,41931857.0
603298.SH,20260727,20260727 10:36:04,杭叉集团,27.07,26.48,27.17,26.26,26.37,2.6545316647705652,2369555,63510575.0
603299.SH,20260727,20260727 10:36:04,苏盐井神,9.14,9.01,9.18,9.0,9.11,0.3293084522502765,2342497,21315150.0
603300.SH,20260727,20260727 10:36:06,海南华铁,4.72,4.6,4.73,4.6,4.64,1.724137931034475,14844649,69588259.0
603301.SH,20260727,20260727 10:36:06,振德医疗,85.01,87.0,87.0,84.34,86.3,-1.4947856315179475,936374,80232285.0
603303.SH,20260727,20260727 10:36:05,得邦照明,18.85,18.59,19.47,18.48,18.5,1.8918918918918948,3169480,60528716.0
603305.SH,20260727,20260727 10:36:06,旭升集团,10.75,10.45,10.8,10.42,10.44,2.9693486590038454,9412831,100635754.0
603306.SH,20260727,20260727 10:36:06,华懋科技,65.3,67.26,68.15,64.68,67.26,-2.914064823074647,5993084,397696996.0
603307.SH,20260727,20260727 10:36:04,扬州金泉,21.93,21.45,22.19,21.1,21.18,3.541076487252126,396515,8612102.0
603308.SH,20260727,20260727 10:36:06,应流股份,45.68,43.9,46.43,43.9,44.1,3.5827664399092907,7959786,361803343.0
603309.SH,20260727,20260727 10:36:05,维力医疗,11.63,11.39,11.68,11.36,11.41,1.9281332164767795,1462600,16984943.0
603310.SH,20260727,20260727 10:36:05,巍华新材,14.28,14.04,14.31,14.04,14.2,0.5633802816901401,504300,7180600.0
603311.SH,20260727,20260727 10:36:06,金海高科,25.91,25.16,26.17,25.16,25.71,0.7779074290159338,2607600,66792013.0
603312.SH,20260727,20260727 10:36:05,西典新能,30.72,30.0,30.72,29.31,30.02,2.3317788141239193,259000,7871423.0
603313.SH,20260727,20260727 10:36:05,梦百合,5.77,5.6,5.78,5.58,5.57,3.590664272890476,13527600,77114819.0
603315.SH,20260727,20260727 10:36:02,福鞍股份,12.03,10.92,12.03,10.9,10.94,9.963436928702007,7421500,86759534.0
603316.SH,20260727,20260727 10:36:06,诚邦股份,13.19,12.98,13.39,12.5,12.62,4.5166402535657735,7293600,94380211.0
603317.SH,20260727,20260727 10:36:06,天味食品,13.56,13.5,13.65,13.39,13.59,-0.22075055187636972,5151188,69592100.0
603318.SH,20260727,20260727 10:36:05,水发燃气,8.56,8.44,8.74,8.11,8.94,-4.250559284116317,44091500,371717281.0
603319.SH,20260727,20260727 10:36:05,美湖股份,23.58,23.45,23.9,23.31,23.45,0.5543710021321813,3933288,92914086.0
603320.SH,20260727,20260727 10:36:05,迪贝电气,15.57,15.5,15.59,15.24,15.2,2.4342105263158054,607900,9379130.0
603321.SH,20260727,20260727 10:36:04,梅轮电梯,5.73,5.65,5.77,5.61,5.63,1.7761989342806483,1746800,9986241.0
603322.SH,20260727,20260727 10:36:05,超讯科技,25.35,24.9,25.49,24.54,24.8,2.2177419354838745,1640769,41053128.0
603323.SH,20260727,20260727 10:36:07,苏农银行,4.19,4.19,4.25,4.18,4.19,0.0,17088655,71956792.0
603324.SH,20260727,20260727 10:36:06,盛剑科技,27.27,26.73,27.78,26.26,27.1,0.6273062730627332,2968320,80382493.0
603325.SH,20260727,20260727 10:35:53,博隆技术,50.88,50.36,50.94,49.49,50.3,1.1530815109344061,125329,6335708.0
603326.SH,20260727,20260727 10:36:05,我乐家居,5.9,5.74,5.92,5.68,5.71,3.327495621716303,1626888,9488562.0
603327.SH,20260727,20260727 10:36:06,福蓉科技,8.66,8.31,8.79,8.31,8.46,2.364066193853409,19316275,166210431.0
603328.SH,20260727,20260727 10:36:06,依顿电子,8.8,8.5,8.88,8.46,8.51,3.4077555816686367,7190510,62587722.0
603329.SH,20260727,20260727 10:36:07,上海雅仕,9.21,8.88,9.21,8.88,8.92,3.251121076233199,1737030,15796415.0
603330.SH,20260727,20260727 10:36:06,天洋新材,6.61,6.01,6.61,5.98,6.01,9.98336106489186,12321374,78886531.0
603331.SH,20260727,20260727 10:36:06,百达精工,11.22,10.97,11.29,10.8,10.88,3.125,4826174,53285806.0
603332.SH,20260727,20260727 10:36:06,苏州龙杰,10.28,9.83,10.29,9.83,9.95,3.316582914572863,1176960,11961569.0
603333.SH,20260727,20260727 10:36:06,福华尚纬,8.31,8.17,8.38,8.15,8.27,0.48367593712213,5674700,47054323.0
603334.SH,20260727,20260727 10:36:04,丰倍生物,31.63,30.91,31.65,30.82,31.15,1.540930979133237,361815,11326030.0
603335.SH,20260727,20260727 10:36:04,迪生力,5.68,5.49,5.69,5.49,5.53,2.7124773960216952,5909900,33163516.0
603336.SH,20260727,20260727 10:36:07,宏辉果蔬,8.98,8.19,9.05,8.0,8.3,8.192771084337336,22326726,194074418.0
603337.SH,20260727,20260727 10:36:06,杰克科技,38.33,38.1,38.96,38.0,37.78,1.4557967178401299,1160380,44670162.0
603338.SH,20260727,20260727 10:36:05,浙江鼎力,58.0,57.35,58.53,56.5,57.0,1.7543859649122862,3109634,179898412.0
603339.SH,20260727,20260727 10:36:06,四方科技,11.5,11.34,11.55,11.31,11.36,1.232394366197198,1853500,21272919.0
603341.SH,20260727,20260727 10:36:04,龙旗科技,36.67,36.68,37.27,35.77,36.67,0.0,4103700,150218727.0
603344.SH,20260727,20260727 10:36:06,星德胜,22.02,21.03,22.22,20.81,21.13,4.212020823473739,1452100,31472771.0
603345.SH,20260727,20260727 10:36:06,安井食品,85.76,84.45,86.4,84.07,84.6,1.3711583924350013,1608001,137400568.0
603348.SH,20260727,20260727 10:36:05,文灿股份,13.06,12.78,13.12,12.68,12.78,2.1909233176838905,794800,10321595.0
603350.SH,20260727,20260727 10:36:06,安乃达,26.4,25.9,26.44,25.88,25.94,1.7733230531996824,267006,6994241.0
603351.SH,20260727,20260727 10:36:04,威尔药业,23.62,23.0,23.75,22.99,23.27,1.5040825096691135,232100,5460277.0
603352.SH,20260727,20260727 10:36:07,至信股份,24.23,23.81,24.25,23.7,23.81,1.7639647207055908,346559,8354988.0
603353.SH,20260727,20260727 10:36:06,和顺石油,28.07,27.16,28.67,27.16,28.8,-2.5347222222222188,4225600,117714438.0
603355.SH,20260727,20260727 10:36:05,莱克电气,25.47,25.08,25.88,25.01,25.07,1.5955325089748618,886029,22553384.0
603356.SH,20260727,20260727 10:36:01,华菱精工,13.48,13.4,13.54,13.18,13.2,2.1212121212121238,735800,9854388.0
603357.SH,20260727,20260727 10:36:04,设计总院,5.77,5.65,5.77,5.65,5.68,1.5845070422535246,1560700,8914890.0
603358.SH,20260727,20260727 10:36:04,华达科技,34.05,31.94,34.05,31.0,30.95,10.016155088852985,7621841,252817302.0
603359.SH,20260727,20260727 10:36:07,*ST东珠,2.12,2.03,2.13,2.03,2.07,2.4154589371980784,3113900,6539568.0
603360.SH,20260727,20260727 10:36:06,百傲化学,12.55,11.91,12.67,11.91,12.0,4.583333333333339,6714705,83024164.0
603363.SH,20260727,20260727 10:36:04,傲农生物,2.73,2.67,2.74,2.64,2.67,2.2471910112359605,11816205,32034299.0
603365.SH,20260727,20260727 10:36:06,水星家纺,17.85,17.74,17.92,17.61,17.74,0.6200676437429609,392900,7001524.0
603366.SH,20260727,20260727 10:36:05,日出东方,6.55,6.33,6.56,6.31,6.37,2.8257456828885363,4208977,27257104.0
603367.SH,20260727,20260727 10:36:04,辰欣药业,14.08,13.65,14.15,13.46,13.84,1.7341040462427681,6864800,95608303.0
603368.SH,20260727,20260727 10:36:06,柳药集团,15.28,15.0,15.33,14.96,15.07,1.3934970139349634,1542200,23509768.0
603369.SH,20260727,20260727 10:36:05,今世缘,25.76,25.52,26.0,25.35,25.52,0.9404388714733702,3744944,96385420.0
603370.SH,20260727,20260727 10:36:03,华新精科,31.54,31.2,31.71,31.02,31.19,1.1221545367104735,191387,6020390.0
603373.SH,20260727,20260727 10:36:04,安邦护卫,34.12,33.78,34.34,33.16,33.62,1.487209994051164,625820,21229895.0
603375.SH,20260727,20260727 10:36:06,盛景微,33.8,33.76,34.16,32.88,33.73,0.2075303883783075,672100,22607433.0
603376.SH,20260727,20260727 10:36:01,大明电子,23.6,23.16,23.62,23.16,23.19,1.7680034497628228,317975,7455703.0
603377.SH,20260727,20260727 10:36:05,ST东时,2.88,2.83,2.96,2.83,2.87,0.34843205574912606,1451400,4224980.0
603378.SH,20260727,20260727 10:36:06,*ST亚士,4.94,4.59,5.04,4.59,4.6,7.391304347826111,3769265,18274160.0
603379.SH,20260727,20260727 10:36:06,三美股份,59.96,59.92,60.9,59.2,60.1,-0.23294509151414733,2659250,159753275.0
603380.SH,20260727,20260727 10:36:05,易德龙,34.27,32.45,35.05,31.5,32.75,4.641221374045812,2145200,72162188.0
603381.SH,20260727,20260727 10:36:06,永臻股份,13.78,13.41,13.79,13.39,13.41,2.7591349739000792,1450600,19726659.0
603382.SH,20260727,20260727 10:36:06,海阳科技,16.33,15.83,16.34,15.82,15.91,2.639849151477036,721360,11619670.0
603383.SH,20260727,20260727 10:36:05,顶点软件,28.8,29.0,29.0,28.03,28.59,0.734522560335793,2935777,83582726.0
603385.SH,20260727,20260727 10:36:02,惠达卫浴,4.7,4.53,4.7,4.51,4.54,3.524229074889873,2300900,10663491.0
603386.SH,20260727,20260727 10:36:05,骏亚科技,11.76,11.5,11.86,11.37,11.51,2.1720243266724504,3562400,41616279.0
603387.SH,20260727,20260727 10:36:05,基蛋生物,8.6,8.26,8.65,8.26,8.34,3.1175059952038398,7792420,66441911.0
603389.SH,20260727,20260727 10:35:45,亚振家居,42.35,38.84,42.35,37.51,38.5,10.000000000000009,1792000,72490998.0
603390.SH,20260727,20260727 10:36:05,通达电气,9.23,8.93,9.26,8.93,9.01,2.441731409544956,2518400,23051700.0
603391.SH,20260727,20260727 10:36:06,力聚热能,50.66,49.7,51.04,48.6,50.2,0.9163346613545675,238100,11978528.0
603392.SH,20260727,20260727 10:36:06,万泰生物,28.97,28.5,29.18,28.18,28.53,1.5422362425516978,1976600,57009141.0
603393.SH,20260727,20260727 10:36:06,新天然气,24.81,24.18,25.08,23.84,25.18,-1.4694201747418645,4412900,108888380.0
603395.SH,20260727,20260727 10:36:05,红四方,22.31,21.95,22.32,21.8,21.9,1.8721461187214627,1040700,23064642.0
603396.SH,20260727,20260727 10:36:04,金辰股份,22.9,22.1,22.95,22.07,22.11,3.573043871551329,1099300,24868449.0
603398.SH,20260727,20260727 10:35:57,*ST沐邦,9.14,8.6,9.25,8.6,8.96,2.0089285714285587,5355108,48207173.0
603399.SH,20260727,20260727 10:36:05,永杉锂业,14.54,13.85,14.58,13.55,13.55,7.306273062730617,46763461,655699114.0
603400.SH,20260727,20260727 10:36:05,华之杰,36.08,35.95,38.0,35.91,39.9,-9.573934837092734,4678224,169824359.0
603402.SH,20260727,20260727 10:36:06,陕西旅游,61.26,60.13,61.58,60.13,60.38,1.457436237164611,641698,39162636.0
603406.SH,20260727,20260727 10:36:04,天富龙,26.39,25.45,26.58,25.45,26.01,1.4609765474817404,458311,12046757.0
603408.SH,20260727,20260727 10:36:06,建霖家居,9.76,9.68,9.78,9.56,9.65,1.139896373056981,565900,5498698.0
603409.SH,20260727,20260727 10:36:04,汇通控股,16.46,15.99,16.46,15.93,16.01,2.810743285446593,716471,11637644.0
603416.SH,20260727,20260727 10:36:05,信捷电气,47.98,47.1,48.4,46.87,47.0,2.0851063829787186,824690,39260412.0
603418.SH,20260727,20260727 10:36:06,友升股份,43.33,42.9,43.39,42.66,42.66,1.5705578996718206,265117,11447105.0
603421.SH,20260727,20260727 10:36:06,鼎信通讯,5.38,5.28,5.39,5.21,5.23,2.8680688336520044,4073600,21693488.0
603429.SH,20260727,20260727 10:36:06,*ST集友,7.41,7.21,7.45,7.17,7.3,1.5068493150685036,720400,5280337.0
603439.SH,20260727,20260727 10:36:02,三力制药,9.83,9.62,9.92,9.62,9.68,1.5495867768595017,3704200,36396673.0
603444.SH,20260727,20260727 10:36:06,吉比特,349.52,347.79,350.98,344.22,347.8,0.49453709028175474,461000,160759695.0
603456.SH,20260727,20260727 10:36:07,九洲药业,14.45,13.84,14.58,13.81,13.98,3.361945636623731,14534600,208659266.0
603458.SH,20260727,20260727 10:36:06,勘设股份,8.25,7.7,8.3,7.66,7.7,7.14285714285714,10896500,87352334.0
603466.SH,20260727,20260727 10:36:05,风语筑,9.52,9.22,9.59,9.22,9.5,0.21052631578946102,18183058,171826886.0
603477.SH,20260727,20260727 10:36:04,巨星农牧,14.85,14.52,14.98,14.3,14.52,2.2727272727272707,5536302,81882743.0
603486.SH,20260727,20260727 10:36:06,科沃斯,54.7,53.06,55.08,53.01,53.3,2.6266416510319024,2312702,125893058.0
603488.SH,20260727,20260727 10:36:05,展鹏科技,7.68,7.55,7.77,7.44,7.52,2.127659574468077,5164900,39445629.0
603489.SH,20260727,20260727 10:36:06,八方股份,24.73,23.89,24.79,23.71,24.04,2.8702163061564034,1017400,24920840.0
603496.SH,20260727,20260727 10:36:05,恒为科技,26.12,25.74,26.5,25.5,26.26,-0.5331302361005319,14557583,379616813.0
603499.SH,20260727,20260727 10:36:04,翔港科技,10.75,10.46,10.82,10.37,10.47,2.6743075453677045,1379544,14695775.0
603500.SH,20260727,20260727 10:36:07,祥和实业,8.27,8.08,8.3,8.08,8.08,2.3514851485148425,2342600,19276584.0
603501.SH,20260727,20260727 10:36:06,豪威集团,94.51,98.0,98.58,93.62,96.9,-2.4664602683178494,9342901,891372398.0
603505.SH,20260727,20260727 10:36:06,金石资源,16.27,15.88,16.37,15.81,15.87,2.5204788909892972,8678144,140115215.0
603506.SH,20260727,20260727 10:36:06,南都物业,9.22,8.83,9.25,8.73,8.73,5.612829324169533,2218500,20106039.0
603507.SH,20260727,20260727 10:36:05,振江股份,24.12,22.33,24.5,22.18,22.37,7.8229772016092936,6999265,163601712.0
603508.SH,20260727,20260727 10:36:06,思维列控,22.08,21.64,22.13,21.61,21.64,2.0332717190387983,1855600,40775834.0
603511.SH,20260727,20260727 10:36:05,爱慕股份,11.31,11.17,11.33,10.91,10.97,3.0993618960802216,851300,9520571.0
603515.SH,20260727,20260727 10:35:51,欧普照明,16.97,16.63,17.11,16.63,16.7,1.6167664670658555,424100,7177573.0
603516.SH,20260727,20260727 10:36:04,淳中科技,92.49,90.19,94.6,88.31,89.06,3.8513361778576227,3760685,346941151.0
603517.SH,20260727,20260727 10:36:04,ST绝味,10.11,9.98,10.16,9.98,10.02,0.8982035928143617,908000,9178845.0
603518.SH,20260727,20260727 10:36:04,锦泓集团,7.53,7.33,7.57,7.33,7.37,2.170963364993228,2030240,15177410.0
603519.SH,20260727,20260727 10:36:06,立霸股份,13.97,14.61,14.66,13.81,14.7,-4.965986394557809,6332447,89455820.0
603520.SH,20260727,20260727 10:36:05,司太立,8.27,8.01,8.3,7.89,8.0,3.3749999999999947,5504550,44994707.0
603527.SH,20260727,20260727 10:36:05,众源新材,9.0,8.64,9.05,8.64,8.69,3.567318757192184,3623826,32306985.0
603528.SH,20260727,20260727 10:36:07,多伦科技,5.6,5.43,5.61,5.38,5.43,3.130755064456725,3991599,22113165.0
603529.SH,20260727,20260727 10:36:07,爱玛科技,20.99,20.84,21.24,20.79,20.86,0.6232023010546373,1811500,38111805.0
603530.SH,20260727,20260727 10:36:07,神马电力,43.75,42.35,43.95,42.21,42.41,3.1596321622259005,1300800,56275210.0
603533.SH,20260727,20260727 10:36:04,掌阅科技,18.45,17.67,18.65,17.66,17.92,2.9575892857142794,8302204,151644554.0
603535.SH,20260727,20260727 10:36:06,嘉诚国际,5.91,5.83,5.91,5.71,5.79,2.0725388601036343,2008580,11703338.0
603536.SH,20260727,20260727 10:36:06,惠发食品,7.96,7.7,7.97,7.7,7.75,2.709677419354839,2455300,19329644.0
603538.SH,20260727,20260727 10:36:05,美诺华,27.57,26.31,28.28,25.58,26.17,5.3496369889185935,43419309,1176740447.0
603551.SH,20260727,20260727 10:36:06,奥普科技,9.1,8.89,9.11,8.86,8.92,2.0179372197309364,847300,7642549.0
603556.SH,20260727,20260727 10:36:06,海兴电力,22.3,22.35,22.94,22.09,22.38,-0.3574620196604039,3288200,73527558.0
603557.SH,20260727,20260727 10:35:39,*ST起步,3.84,3.77,3.89,3.77,3.84,0.0,1145600,4416544.0
603558.SH,20260727,20260727 10:36:07,健盛集团,12.59,12.51,12.76,12.39,12.46,1.0433386837881198,2405600,30382675.0
603559.SH,20260727,20260727 10:36:04,中通国脉,7.87,7.79,7.95,7.73,7.82,0.6393861892583175,2136100,16774037.0
603565.SH,20260727,20260727 10:36:07,中谷物流,10.42,10.48,10.52,10.36,10.43,-0.09587727708533222,5314048,55476872.0
603566.SH,20260727,20260727 10:36:04,普莱柯,10.14,10.0,10.16,9.87,9.95,1.9095477386934734,830100,8370854.0
603567.SH,20260727,20260727 10:36:05,珍宝岛,6.1,5.49,6.1,5.42,5.85,4.2735042735042805,50713878,290924773.0
603568.SH,20260727,20260727 10:36:02,伟明环保,15.3,14.9,15.38,14.84,14.94,2.4096385542168752,3993945,60714801.0
603569.SH,20260727,20260727 10:36:05,长久物流,5.59,5.45,5.6,5.43,5.46,2.3809523809523725,1688100,9358122.0
603577.SH,20260727,20260727 10:36:02,汇金通,8.94,8.71,9.06,8.71,8.78,1.8223234624145768,1896200,17011628.0
603578.SH,20260727,20260727 10:36:06,三星新材,11.22,11.0,11.24,10.84,11.0,2.0000000000000018,1517507,16763980.0
603579.SH,20260727,20260727 10:36:05,荣泰健康,17.45,16.16,17.46,16.16,16.3,7.055214723926362,2398484,41112799.0
603580.SH,20260727,20260727 10:36:05,艾艾精工,44.17,45.5,45.97,41.67,46.3,-4.600431965442753,8951460,385491836.0
603583.SH,20260727,20260727 10:36:05,捷昌驱动,23.4,22.83,23.54,22.83,22.94,2.005231037489086,1087500,25296958.0
603585.SH,20260727,20260727 10:36:02,苏利股份,9.51,9.06,9.53,9.06,9.24,2.922077922077926,1553818,14543008.0
603586.SH,20260727,20260727 10:35:55,金麒麟,12.22,11.95,12.25,11.85,11.95,2.259414225941425,605900,7359379.0
603587.SH,20260727,20260727 10:35:59,地素时尚,11.43,11.18,11.45,11.1,11.18,2.2361359570661987,675000,7658864.0
603588.SH,20260727,20260727 10:36:07,高能环境,12.72,12.26,12.85,12.26,12.37,2.829426030719495,27476710,345506108.0
603589.SH,20260727,20260727 10:36:06,口子窖,19.07,18.83,19.22,18.77,18.83,1.2745618693574157,2495929,47541459.0
603590.SH,20260727,20260727 10:36:06,康辰药业,32.15,31.41,32.75,31.12,31.57,1.8371872030408465,1354700,43434379.0
603595.SH,20260727,20260727 10:36:05,ST东尼,23.15,22.9,23.49,21.71,22.65,2.207505518763786,1399700,31687655.0
603596.SH,20260727,20260727 10:36:04,伯特利,24.46,24.3,24.66,24.28,24.2,1.0743801652892682,4491494,109949112.0
603598.SH,20260727,20260727 10:36:05,引力传媒,15.11,14.6,15.18,14.46,14.62,3.3515731874145027,3586300,53645886.0
603599.SH,20260727,20260727 10:36:05,广信股份,10.45,10.19,10.47,10.19,10.26,1.8518518518518379,4739924,49046000.0
603600.SH,20260727,20260727 10:36:01,永艺股份,9.2,8.87,9.21,8.85,8.91,3.2547699214365844,1759750,16028050.0
603601.SH,20260727,20260727 10:36:06,再升科技,8.22,7.9,8.29,7.89,7.94,3.5264483627204024,31877005,259682913.0
603602.SH,20260727,20260727 10:36:06,纵横通信,9.98,9.62,10.01,9.59,9.62,3.7422037422037535,1525800,15047770.0
603605.SH,20260727,20260727 10:36:06,珀莱雅,57.78,56.4,58.2,56.16,56.25,2.7200000000000113,2151287,123969636.0
603606.SH,20260727,20260727 10:36:07,东方电缆,39.48,39.25,40.1,38.83,39.25,0.5859872611464922,6702188,264494377.0
603607.SH,20260727,20260727 10:36:04,京华激光,19.58,18.71,19.65,18.55,18.75,4.426666666666668,2341500,45184505.0
603608.SH,20260727,20260727 10:36:04,天创时尚,17.43,17.0,17.76,16.5,16.68,4.496402877697836,14589100,251965406.0
603609.SH,20260727,20260727 10:36:06,禾丰股份,6.22,6.11,6.24,6.11,6.16,0.9740259740259605,1443600,8928154.0
603610.SH,20260727,20260727 10:36:07,麒盛科技,12.94,12.51,13.1,12.47,12.53,3.272146847565849,3433988,44278955.0
603611.SH,20260727,20260727 10:36:07,诺力股份,16.24,15.78,16.25,15.78,15.91,2.074167190446241,734860,11855554.0
603612.SH,20260727,20260727 10:36:04,索通发展,16.02,15.61,16.05,15.6,15.64,2.4296675191815886,4341920,68984958.0
603613.SH,20260727,20260727 10:36:06,国联股份,18.33,17.46,18.68,17.3,17.49,4.80274442538593,8299285,150407776.0
603615.SH,20260727,20260727 10:36:05,茶花股份,14.82,14.41,14.95,14.28,14.48,2.3480662983425438,1161300,17107600.0
603616.SH,20260727,20260727 10:36:07,韩建河山,4.78,4.63,4.79,4.6,4.66,2.5751072961373467,4007800,18946656.0
603617.SH,20260727,20260727 10:35:59,君禾股份,6.12,5.99,6.14,5.95,5.97,2.5125628140703515,2579804,15672284.0
603618.SH,20260727,20260727 10:36:05,杭电股份,25.16,24.76,25.5,24.31,24.64,2.110389610389607,31419817,784339589.0
603619.SH,20260727,20260727 10:36:06,中曼石油,20.43,20.43,20.67,20.43,22.7,-9.999999999999998,30336221,620614646.0
603626.SH,20260727,20260727 10:36:06,科森科技,13.12,12.8,13.26,12.73,12.9,1.7054263565891459,6292600,82494981.0
603628.SH,20260727,20260727 10:36:03,清源股份,9.11,8.89,9.11,8.85,8.88,2.5900900900900803,1479800,13335157.0
603629.SH,20260727,20260727 10:36:06,利通电子,103.28,105.0,107.4,100.19,108.61,-4.907467084062245,16620795,1739491824.0
603630.SH,20260727,20260727 10:36:07,拉芳家化,14.43,13.03,14.43,12.89,13.12,9.984756097560975,10960376,153815753.0
603633.SH,20260727,20260727 10:36:06,徕木股份,5.71,5.46,5.73,5.44,5.45,4.7706422018348515,5906300,33064079.0
603636.SH,20260727,20260727 10:36:04,南威软件,6.15,6.0,6.18,5.83,6.06,1.4851485148514865,6635900,40234177.0
603637.SH,20260727,20260727 10:36:06,镇海股份,11.1,10.76,11.26,10.58,10.72,3.5447761194029814,3837300,42277992.0
603638.SH,20260727,20260727 10:36:07,艾迪精密,19.08,18.75,19.27,18.69,18.72,1.9230769230769162,3430600,65344439.0
603639.SH,20260727,20260727 10:35:56,海利尔,10.22,10.17,10.22,10.07,10.1,1.1881188118811892,550700,5590709.0
603648.SH,20260727,20260727 10:36:07,畅联股份,8.71,8.48,8.75,8.46,8.49,2.5912838633686874,1363400,11777383.0
603650.SH,20260727,20260727 10:36:06,彤程新材,63.8,63.11,65.65,61.12,63.44,0.5674653215636871,8454539,539817308.0
603655.SH,20260727,20260727 10:36:06,朗博科技,24.96,24.17,25.1,24.17,24.6,1.4634146341463428,453400,11228217.0
603656.SH,20260727,20260727 10:36:07,泰禾智能,17.04,17.05,17.25,16.89,16.58,2.7744270205066313,1313700,22458168.0
603657.SH,20260727,20260727 10:36:06,春光科技,21.59,19.6,21.59,19.21,19.63,9.984717269485488,2355200,49490021.0
603658.SH,20260727,20260727 10:36:05,安图生物,31.89,31.41,32.1,31.29,31.46,1.3668150031786341,1171380,37179757.0
603659.SH,20260727,20260727 10:36:05,璞泰来,24.52,24.0,24.56,23.75,23.83,2.8955098615190966,16086747,388605754.0
603660.SH,20260727,20260727 10:36:07,苏州科达,8.48,7.72,8.48,7.6,7.71,9.987029831387817,19373377,158012820.0
603661.SH,20260727,20260727 10:36:05,恒林股份,27.76,27.19,27.88,27.01,27.33,1.5733626051957605,631100,17413339.0
603662.SH,20260727,20260727 10:36:05,柯力传感,47.74,46.25,47.98,46.11,46.4,2.8879310344827713,2679811,126884686.0
603663.SH,20260727,20260727 10:36:05,三祥新材,39.16,39.03,39.96,37.8,38.7,1.1886304909560552,6264040,244659917.0
603665.SH,20260727,20260727 10:36:05,康隆达,20.43,21.35,21.4,20.03,21.41,-4.577300326950029,2675100,55066875.0
603666.SH,20260727,20260727 10:36:06,亿嘉和,20.43,20.34,20.73,19.75,19.75,3.4430379746835493,1672400,33819441.0
603667.SH,20260727,20260727 10:36:05,五洲新春,50.47,49.13,50.88,49.0,49.16,2.6647681041497284,6036565,302244172.0
603668.SH,20260727,20260727 10:36:07,天马科技,10.63,10.38,10.67,10.36,10.46,1.6252390057361454,2040900,21498537.0
603669.SH,20260727,20260727 10:36:05,灵康药业,5.34,4.9,5.47,4.9,4.97,7.444668008048283,46636800,244853154.0
603676.SH,20260727,20260727 10:36:07,卫信康,8.53,8.31,8.6,8.31,8.38,1.7899761336515274,1031500,8779129.0
603677.SH,20260727,20260727 10:36:05,奇精机械,12.53,12.35,12.55,12.17,12.32,1.7045454545454364,762500,9476602.0
603678.SH,20260727,20260727 10:36:06,火炬电子,43.46,42.86,44.91,41.35,42.02,3.4269395525939883,13311696,577588787.0
603679.SH,20260727,20260727 10:36:05,华体科技,16.47,15.9,16.49,15.8,16.06,2.5529265255292755,2696450,43834207.0
603680.SH,20260727,20260727 10:36:05,今创集团,9.7,9.57,9.75,9.54,9.49,2.212855637513167,3626817,35023889.0
603681.SH,20260727,20260727 10:36:04,永冠新材,16.96,16.5,17.3,16.5,16.67,1.739652069586084,2968281,50167039.0
603682.SH,20260727,20260727 10:36:07,锦和商管,7.94,7.74,7.98,7.73,7.71,2.983138780804162,3391100,26757120.0
603683.SH,20260727,20260727 10:36:04,晶华新材,15.69,15.55,15.89,14.67,15.8,-0.6962025316455733,26480035,404185472.0
603685.SH,20260727,20260727 10:36:02,晨丰科技,26.06,26.45,26.56,25.81,26.0,0.2307692307692344,528100,13796224.0
603686.SH,20260727,20260727 10:36:05,福龙马,12.26,11.87,12.28,11.79,11.89,3.111858704793935,5095819,61870762.0
603687.SH,20260727,20260727 10:36:05,大胜达,12.43,12.43,12.57,12.03,12.34,0.7293354943273878,8625100,106130280.0
603688.SH,20260727,20260727 10:36:06,石英股份,47.02,46.44,48.12,45.6,46.44,1.2489233419466172,6665021,313252141.0
603689.SH,20260727,20260727 10:36:03,皖天然气,7.4,7.32,7.41,7.26,7.36,0.5434782608695565,1625000,11920275.0
603690.SH,20260727,20260727 10:36:05,至纯科技,24.88,23.76,24.88,23.5,22.62,9.991158267020328,34524574,843683419.0
603693.SH,20260727,20260727 10:36:06,江苏新能,12.02,11.3,12.03,11.3,11.69,2.8229255774165907,5834357,68931354.0
603696.SH,20260727,20260727 10:36:06,安记食品,10.62,10.24,10.65,10.24,10.35,2.608695652173898,2250000,23633295.0
603697.SH,20260727,20260727 10:36:02,有友食品,9.12,9.03,9.16,8.91,8.98,1.5590200445434244,1263040,11476520.0
603698.SH,20260727,20260727 10:36:07,航天工程,21.95,21.43,22.12,20.92,21.26,3.245531514581357,11235000,242347833.0
603699.SH,20260727,20260727 10:36:05,纽威股份,42.22,41.85,42.64,41.42,41.81,0.9806266443434408,1783900,75503490.0
603700.SH,20260727,20260727 10:35:48,宁水集团,10.92,10.74,10.99,10.69,10.76,1.486988847583648,1565900,17042577.0
603701.SH,20260727,20260727 10:36:06,德宏股份,17.63,17.28,17.72,17.11,17.18,2.6193247962747357,1670000,29137622.0
603703.SH,20260727,20260727 10:36:02,盛洋科技,8.46,8.08,8.48,8.08,8.17,3.549571603427193,3752500,31408229.0
603706.SH,20260727,20260727 10:36:03,东方环宇,18.6,18.12,18.65,18.06,18.16,2.422907488986792,417500,7718746.0
603707.SH,20260727,20260727 10:36:05,健友股份,7.74,7.53,7.8,7.49,7.55,2.516556291390737,5584600,43074658.0
603708.SH,20260727,20260727 10:35:59,家家悦,9.1,8.97,9.14,8.94,8.98,1.3363028953229383,1053190,9570563.0
603709.SH,20260727,20260727 10:36:04,中源家居,10.0,9.63,10.02,9.47,9.54,4.8218029350104885,1654350,16270947.0
603711.SH,20260727,20260727 10:36:07,香飘飘,10.23,10.08,10.24,9.91,9.93,3.0211480362537735,2800899,28390960.0
603712.SH,20260727,20260727 10:36:05,七一二,11.25,10.85,11.26,10.8,10.89,3.305785123966931,5233500,58035202.0
603713.SH,20260727,20260727 10:36:06,密尔克卫,62.68,62.38,63.11,61.87,62.64,0.06385696040869249,845276,52863938.0
603716.SH,20260727,20260727 10:36:06,塞力医疗,14.94,13.23,14.94,13.2,13.58,10.014727540500722,13341387,196311824.0
603717.SH,20260727,20260727 10:36:04,天域生物,5.26,5.08,5.3,5.0,5.06,3.9525691699604737,5881200,30486975.0
603718.SH,20260727,20260727 10:35:47,*ST海利,2.68,2.6,2.69,2.6,2.61,2.6819923371647514,2286900,6088554.0
603719.SH,20260727,20260727 10:36:06,良品铺子,8.35,8.13,8.38,8.13,8.19,1.9536019536019467,2172500,18043385.0
603721.SH,20260727,20260727 10:36:05,中广天择,15.05,14.59,15.2,14.38,14.4,4.513888888888884,1276100,19027228.0
603722.SH,20260727,20260727 10:36:06,阿科力,27.74,26.49,28.0,26.39,26.56,4.442771084337349,1051800,28735276.0
603725.SH,20260727,20260727 10:36:07,天安新材,11.88,12.06,12.06,11.35,11.99,-0.917431192660545,6901400,80987028.0
603726.SH,20260727,20260727 10:36:05,朗迪集团,23.08,22.5,23.88,22.5,25.0,-7.680000000000009,7525200,173274291.0
603727.SH,20260727,20260727 10:36:04,博迈科,16.0,15.45,16.01,15.02,16.35,-2.140672782874631,5071000,78681685.0
603728.SH,20260727,20260727 10:36:06,鸣志电器,47.56,46.46,47.85,46.28,46.46,2.367628067154537,1901100,89759934.0
603729.SH,20260727,20260727 10:35:46,ST龙韵,10.06,9.88,10.14,9.85,9.82,2.443991853360483,438700,4396637.0
603730.SH,20260727,20260727 10:36:06,岱美股份,9.57,9.6,9.72,9.5,9.61,-0.41623309053069324,4451370,42922591.0
603733.SH,20260727,20260727 10:36:05,仙鹤股份,21.37,20.51,21.58,20.46,20.51,4.193076548025343,5394310,113851710.0
603737.SH,20260727,20260727 10:36:06,三棵树,22.4,21.88,22.43,21.62,21.7,3.2258064516129004,3224173,71592944.0
603738.SH,20260727,20260727 10:36:05,泰晶科技,31.62,31.83,32.31,30.28,31.3,1.0223642172523917,12932186,408281949.0
603739.SH,20260727,20260727 10:36:04,蔚蓝生物,11.01,10.79,11.02,10.68,10.81,1.8501387604070274,1409100,15359179.0
603755.SH,20260727,20260727 10:36:05,日辰股份,20.67,20.24,20.69,19.93,20.1,2.8358208955223896,460300,9423803.0
603757.SH,20260727,20260727 10:36:07,大元泵业,59.82,59.1,62.14,57.45,58.86,1.6309887869520923,4996500,300297041.0
603758.SH,20260727,20260727 10:36:04,秦安股份,8.91,8.7,8.94,8.62,8.62,3.3642691415313397,1433850,12649413.0
603759.SH,20260727,20260727 10:36:05,海天股份,6.87,6.68,6.89,6.68,6.74,1.928783382789323,1249523,8536889.0
603766.SH,20260727,20260727 10:36:04,隆鑫通用,13.91,13.85,14.05,13.73,13.82,0.651230101302458,5199800,72310912.0
603767.SH,20260727,20260727 10:36:04,中马传动,13.48,13.05,13.51,13.02,13.05,3.2950191570881193,1545800,20636010.0
603768.SH,20260727,20260727 10:36:04,常青股份,10.29,10.03,10.32,9.97,10.07,2.1847070506454624,1536800,15639024.0
603773.SH,20260727,20260727 10:36:07,沃格光电,82.76,81.4,85.0,77.34,79.88,3.6054081121682735,8253129,680437069.0
603776.SH,20260727,20260727 10:36:04,永安行,18.7,18.18,18.74,18.18,18.35,1.9073569482288777,507200,9415703.0
603777.SH,20260727,20260727 10:36:06,来伊份,12.74,12.73,12.95,12.41,12.77,-0.2349256068911454,2435100,30953221.0
603778.SH,20260727,20260727 10:36:04,国晟科技,8.88,8.44,8.98,8.33,8.46,4.964539007092195,23006100,200738476.0
603779.SH,20260727,20260727 10:36:07,威龙股份,6.95,6.55,6.98,6.47,6.92,0.43352601156070314,19744707,134207339.0
603786.SH,20260727,20260727 10:36:06,科博达,40.11,39.93,40.57,39.82,39.92,0.4759519038076032,547211,22058353.0
603787.SH,20260727,20260727 10:36:04,新日股份,9.47,9.21,9.48,9.18,9.26,2.2678185745140578,867700,8149156.0
603788.SH,20260727,20260727 10:36:03,宁波高发,13.19,12.85,13.23,12.78,12.86,2.5660964230171057,733500,9633597.0
603789.SH,20260727,20260727 10:35:53,ST星农,5.84,5.79,5.91,5.72,5.76,1.388888888888884,1613000,9410826.0
603790.SH,20260727,20260727 10:36:01,雅运股份,21.05,19.15,21.05,19.13,19.14,9.979101358411713,2550500,52135930.0
603797.SH,20260727,20260727 10:36:06,联泰环保,3.83,3.73,3.84,3.7,3.72,2.9569892473118253,2115000,8014724.0
603798.SH,20260727,20260727 10:36:05,康普顿,11.66,11.55,11.71,11.38,11.7,-0.34188034188032956,1386480,16009976.0
603799.SH,20260727,20260727 10:36:07,华友钴业,40.05,39.5,40.14,39.18,39.31,1.8824726532688851,20460815,812754822.0
603800.SH,20260727,20260727 10:36:06,洪田股份,64.04,63.38,65.2,60.74,63.9,0.21909233176840015,2466500,155731181.0
603801.SH,20260727,20260727 10:35:59,志邦家居,5.33,5.18,5.33,5.14,5.18,2.895752895752901,2287700,12043723.0
603803.SH,20260727,20260727 10:36:06,瑞斯康达,9.84,9.6,9.95,9.45,9.61,2.393340270551514,13411522,130527424.0
603806.SH,20260727,20260727 10:36:06,福斯特,14.0,13.83,14.07,13.73,13.75,1.8181818181818077,9612536,134229976.0
603808.SH,20260727,20260727 10:36:06,歌力思,7.36,7.17,7.37,7.08,7.1,3.661971830985933,1687700,12267363.0
603809.SH,20260727,20260727 10:36:05,豪能股份,8.59,8.35,8.62,8.35,8.36,2.7511961722488154,4271036,36465930.0
603810.SH,20260727,20260727 10:35:59,丰山集团,10.68,10.29,10.75,10.25,10.3,3.689320388349504,1059700,11182621.0
603811.SH,20260727,20260727 10:36:06,诚意药业,7.07,6.91,7.12,6.9,6.93,2.020202020202033,2052487,14460278.0
603813.SH,20260727,20260727 10:36:05,原尚股份,28.0,28.17,28.17,27.4,27.9,0.35842293906811484,289200,8040380.0
603815.SH,20260727,20260727 10:36:06,交建股份,5.01,4.94,5.03,4.88,4.93,1.6227180527383478,5377600,26792985.0
603816.SH,20260727,20260727 10:36:05,顾家家居,23.82,23.76,24.1,23.65,23.83,-0.04196391103650221,2891223,68981526.0
603817.SH,20260727,20260727 10:36:03,海峡环保,5.5,5.4,5.5,5.33,5.39,2.0408163265306145,3315900,18088694.0
603818.SH,20260727,20260727 10:36:04,曲美家居,3.23,3.14,3.24,3.05,3.09,4.530744336569592,10429200,33112783.0
603819.SH,20260727,20260727 10:36:05,神力股份,11.49,11.27,11.51,11.12,11.18,2.7728085867620766,1557600,17724801.0
603822.SH,20260727,20260727 10:36:06,ST嘉澳,58.52,59.3,59.3,57.52,58.9,-0.6451612903225712,231100,13474303.0
603823.SH,20260727,20260727 10:36:04,百合花,72.94,75.16,75.34,71.24,75.91,-3.9125279936767177,9264867,675149679.0
603825.SH,20260727,20260727 10:36:06,ST华扬,6.97,6.83,6.98,6.77,6.83,2.0497803806734938,655300,4519595.0
603826.SH,20260727,20260727 10:36:07,坤彩科技,15.17,14.8,15.25,14.7,14.75,2.8474576271186436,3146523,47430647.0
603828.SH,20260727,20260727 10:35:44,*ST利达,4.12,4.02,4.18,4.02,4.11,0.24330900243307862,405200,1667501.0
603829.SH,20260727,20260727 10:36:06,洛凯股份,13.77,13.25,13.8,13.25,13.25,3.924528301886787,1780300,24281841.0
603833.SH,20260727,20260727 10:36:07,欧派家居,31.48,30.9,31.95,30.79,30.99,1.5811552113585092,1586900,50045928.0
603836.SH,20260727,20260727 10:36:00,海程邦达,8.2,7.88,8.24,7.81,7.93,3.4047919293820783,2056320,16584888.0
603838.SH,20260727,20260727 10:36:03,*ST四通,7.15,7.07,7.19,6.96,7.07,1.1315417256011262,143500,1019445.0
603839.SH,20260727,20260727 10:36:05,安正时尚,6.11,5.9,6.11,5.81,5.85,4.444444444444451,2709500,16278931.0
603843.SH,20260727,20260727 10:36:05,*ST正平,6.32,6.21,6.43,6.12,6.53,-3.215926493108723,9849100,61955359.0
603848.SH,20260727,20260727 10:36:05,好太太,12.53,12.27,12.58,12.22,12.27,2.1189894050529734,913000,11364824.0
603855.SH,20260727,20260727 10:36:04,华荣股份,15.95,15.98,15.98,15.81,15.9,0.3144654088050203,312000,4958385.0
603856.SH,20260727,20260727 10:36:05,东宏股份,11.03,10.85,11.03,10.85,10.88,1.3786764705882248,746500,8179869.0
603858.SH,20260727,20260727 10:36:06,步长制药,15.9,15.4,15.95,15.38,15.44,2.9792746113989743,3790785,59729109.0
603859.SH,20260727,20260727 10:36:07,能科科技,35.76,34.6,36.12,34.45,34.75,2.9064748201438784,3071900,108910284.0
603860.SH,20260727,20260727 10:36:06,中公高科,23.33,22.58,23.35,22.53,22.68,2.86596119929452,619750,14296267.0
603861.SH,20260727,20260727 10:36:05,白云电器,11.64,11.41,11.69,11.35,11.56,0.6920415224913601,6679400,77344885.0
603863.SH,20260727,20260727 10:36:06,松炀资源,12.11,11.71,12.14,11.7,11.73,3.239556692242096,1448200,17369332.0
603866.SH,20260727,20260727 10:36:06,桃李面包,4.01,3.96,4.03,3.93,3.96,1.262626262626254,4642114,18538526.0
603867.SH,20260727,20260727 10:36:04,新化股份,27.5,26.16,27.97,26.16,26.24,4.80182926829269,3781700,103706739.0
603868.SH,20260727,20260727 10:36:02,飞科电器,29.39,29.01,29.5,28.89,29.05,1.1703958691910543,347800,10186426.0
603869.SH,20260727,20260727 10:35:49,ST智知,7.81,7.65,7.81,7.55,7.7,1.4285714285714235,151700,1176148.0
603871.SH,20260727,20260727 10:36:06,嘉友国际,12.48,12.43,12.63,12.41,12.44,0.3215434083601254,3865637,48378391.0
603876.SH,20260727,20260727 10:36:07,鼎胜新材,21.87,20.67,22.03,20.67,20.4,7.205882352941195,17681616,380906932.0
603877.SH,20260727,20260727 10:36:05,太平鸟,12.43,12.25,12.45,12.15,12.17,2.1364009860312283,387600,4792386.0
603878.SH,20260727,20260727 10:36:07,武进不锈,4.6,4.4,4.61,4.38,4.41,4.308390022675734,6326900,28753660.0
603879.SH,20260727,20260727 10:36:05,永悦科技,4.6,4.29,4.7,4.27,4.27,7.728337236533966,22494686,102858653.0
603880.SH,20260727,20260727 10:35:58,南卫股份,6.14,5.8,6.19,5.8,5.87,4.599659284497437,2331100,14138267.0
603881.SH,20260727,20260727 10:36:07,数据港,24.28,23.8,24.58,23.51,24.22,0.24772914946327163,12744053,308327161.0
603882.SH,20260727,20260727 10:36:07,金域医学,26.45,25.72,26.7,25.53,25.97,1.8482864844050928,2710800,71662212.0
603883.SH,20260727,20260727 10:36:04,老百姓,12.31,11.92,12.35,11.87,11.97,2.8404344193817765,5483262,66691631.0
603885.SH,20260727,20260727 10:36:05,吉祥航空,10.72,10.75,10.9,10.6,10.49,2.19256434699715,12451700,134251830.0
603886.SH,20260727,20260727 10:36:05,元祖股份,9.97,9.64,10.04,9.64,9.69,2.8895768833849367,1430200,14140472.0
603887.SH,20260727,20260727 10:36:06,城地香江,8.46,8.14,8.48,8.14,8.23,2.7946537059538423,8462400,70900586.0
603888.SH,20260727,20260727 10:36:06,新华网,15.6,15.3,15.65,15.21,15.35,1.6286644951140072,3261789,50600096.0
603889.SH,20260727,20260727 10:36:04,新澳股份,5.72,5.52,5.74,5.47,5.55,3.063063063063054,7428540,41901553.0
603890.SH,20260727,20260727 10:36:07,春秋电子,19.09,18.87,19.42,18.5,18.89,1.0587612493382803,5918397,112551413.0
603893.SH,20260727,20260727 10:36:07,瑞芯微,216.55,219.0,221.7,208.11,221.8,-2.366997294860229,12425732,2685213534.0
603895.SH,20260727,20260727 10:36:04,天永智能,22.25,21.76,22.25,21.38,21.6,3.009259259259256,476000,10428415.0
603896.SH,20260727,20260727 10:36:06,寿仙谷,14.49,13.95,14.56,13.95,13.8,5.000000000000004,2117900,30223133.0
603897.SH,20260727,20260727 10:36:06,长城科技,24.34,23.09,24.8,23.01,23.34,4.28449014567267,3815400,92338635.0
603898.SH,20260727,20260727 10:36:06,好莱客,10.64,10.52,10.8,10.31,10.51,1.2369172216936342,1003800,10598520.0
603899.SH,20260727,20260727 10:36:05,晨光股份,22.35,22.29,22.55,22.16,22.3,0.22421524663678305,1157300,25935674.0
603900.SH,20260727,20260727 10:36:06,莱绅通灵,5.41,5.26,5.43,5.24,5.2,4.038461538461546,4745300,25411754.0
603901.SH,20260727,20260727 10:36:06,永创智能,8.93,8.61,8.99,8.58,8.61,3.716608594657389,5616705,49621767.0
603903.SH,20260727,20260727 10:36:07,中持股份,11.94,13.4,13.4,11.57,12.85,-7.081712062256806,13265000,158940370.0
603906.SH,20260727,20260727 10:36:05,龙蟠科技,18.96,17.57,18.96,17.5,17.24,9.976798143851529,21971891,398756896.0
603908.SH,20260727,20260727 10:36:07,牧高笛,16.5,16.03,16.51,15.92,15.87,3.9697542533081442,709660,11538403.0
603909.SH,20260727,20260727 10:36:02,建发合诚,8.25,8.02,8.29,7.95,8.04,2.6119402985074647,988000,8105857.0
603912.SH,20260727,20260727 10:36:05,佳力图,7.12,6.8,7.19,6.78,6.82,4.398826979472137,7941932,55878044.0
603915.SH,20260727,20260727 10:36:06,国茂股份,12.46,12.11,12.48,12.06,12.05,3.4024896265560267,2537900,31328967.0
603916.SH,20260727,20260727 10:36:05,苏博特,9.46,9.12,9.5,9.12,9.16,3.27510917030569,3528705,33093733.0
603917.SH,20260727,20260727 10:36:05,合力科技,10.71,10.6,10.78,10.55,10.59,1.1331444759207,1250300,13350417.0
603918.SH,20260727,20260727 10:36:05,金桥信息,9.41,9.12,9.44,9.04,9.14,2.9540481400437635,4505100,41947162.0
603919.SH,20260727,20260727 10:36:05,金徽酒,14.49,14.4,14.57,14.2,14.35,0.9756097560975618,1942017,28064935.0
603920.SH,20260727,20260727 10:36:06,世运电路,33.67,33.21,34.32,33.07,33.25,1.263157894736855,7326357,247373384.0
603922.SH,20260727,20260727 10:36:00,ST金鸿顺,10.04,9.7,10.17,9.7,9.84,2.0325203252032464,353900,3544891.0
603926.SH,20260727,20260727 10:36:04,铁流股份,14.99,14.3,15.31,14.3,14.74,1.6960651289009476,7288459,107882065.0
603927.SH,20260727,20260727 10:36:05,中科软,12.97,12.71,13.02,12.55,12.8,1.3281249999999911,5388252,69298169.0
603928.SH,20260727,20260727 10:36:04,兴业股份,11.16,11.5,11.5,10.63,10.8,3.3333333333333215,24830279,274220325.0
603929.SH,20260727,20260727 10:36:06,亚翔集成,171.0,164.38,178.0,163.0,165.5,3.3232628398791597,4713800,807480824.0
603931.SH,20260727,20260727 10:36:01,格林达,36.22,33.46,36.22,32.7,32.93,9.990889766170664,4973804,173301470.0
603933.SH,20260727,20260727 10:36:06,睿能科技,17.3,16.88,17.34,16.63,16.88,2.48815165876779,2030100,34711370.0
603936.SH,20260727,20260727 10:36:06,博敏电子,13.83,13.74,14.08,13.21,13.74,0.6550218340611424,15966100,219294310.0
603937.SH,20260727,20260727 10:36:03,丽岛新材,9.82,9.4,9.91,9.36,9.44,4.02542372881356,3034600,29439305.0
603938.SH,20260727,20260727 10:36:05,三孚股份,40.8,40.0,41.99,39.17,40.0,2.0000000000000018,5963890,242460197.0
603939.SH,20260727,20260727 10:36:04,益丰药房,22.2,21.83,22.43,21.55,21.78,1.928374655647369,6949300,152479210.0
603948.SH,20260727,20260727 10:36:04,建业股份,19.15,18.4,19.18,18.22,18.34,4.41657579062158,978500,18403094.0
603949.SH,20260727,20260727 10:36:04,雪龙集团,12.98,12.41,13.04,12.38,12.44,4.3408360128617485,2014575,25822327.0
603950.SH,20260727,20260727 10:36:06,长源东谷,63.92,60.3,65.5,59.0,59.8,6.8896321070234245,4288200,269162126.0
603955.SH,20260727,20260727 10:36:06,大千生态,18.62,16.8,18.62,16.8,16.93,9.98227997637331,2642040,47811390.0
603956.SH,20260727,20260727 10:36:06,威派格,6.03,6.12,6.17,5.87,6.31,-4.437400950871617,19977900,119867709.0
603958.SH,20260727,20260727 10:36:06,哈森股份,13.34,13.28,13.38,12.9,12.89,3.491078355314192,2268700,29965812.0
603959.SH,20260727,20260727 10:36:07,ST百利,4.08,4.01,4.12,4.01,4.04,0.990099009900991,1447000,5894303.0
603960.SH,20260727,20260727 10:36:06,克来机电,14.34,13.95,14.38,13.9,13.94,2.869440459110484,2348200,33396555.0
603966.SH,20260727,20260727 10:36:06,法兰泰克,7.59,7.37,7.62,7.36,7.37,2.985074626865658,2579515,19424735.0
603967.SH,20260727,20260727 10:35:49,中创物流,10.99,10.88,11.02,10.81,10.94,0.4570383912248621,937770,10244908.0
603968.SH,20260727,20260727 10:35:59,醋化股份,9.21,8.94,9.23,8.89,8.98,2.5612472160356337,1253900,11404106.0
603969.SH,20260727,20260727 10:36:05,银龙股份,7.11,6.96,7.13,6.96,7.01,1.4265335235378096,4053692,28557184.0
603970.SH,20260727,20260727 10:36:06,中农立华,9.79,9.73,9.81,9.61,9.66,1.3457556935817738,930460,9063153.0
603976.SH,20260727,20260727 10:36:07,正川股份,25.77,25.07,25.9,23.35,25.2,2.261904761904754,6326649,154665768.0
603977.SH,20260727,20260727 10:36:07,国泰集团,10.99,10.65,11.02,10.65,10.75,2.2325581395348904,2853424,31084416.0
603978.SH,20260727,20260727 10:36:06,深圳新星,18.37,17.85,18.59,17.4,17.62,4.256526674233818,5312600,96815019.0
603979.SH,20260727,20260727 10:36:06,金诚信,71.09,70.88,71.88,69.3,69.55,2.214234363767087,3789300,269356550.0
603980.SH,20260727,20260727 10:36:07,吉华集团,5.94,5.76,5.97,5.75,5.82,2.0618556701030855,8371240,49281860.0
603982.SH,20260727,20260727 10:36:05,泉峰汽车,5.37,5.21,5.38,5.18,5.19,3.4682080924855363,2985900,15864500.0
603983.SH,20260727,20260727 10:36:05,丸美生物,33.59,31.47,33.92,31.24,31.78,5.6954059156702375,8705232,287305429.0
603985.SH,20260727,20260727 10:36:06,恒润股份,15.5,15.25,15.58,15.11,15.36,0.9114583333333481,6337000,97129264.0
603986.SH,20260727,20260727 10:36:05,兆易创新,430.68,446.0,446.1,411.3,457.0,-5.759299781181615,35672575,15259165968.0
603987.SH,20260727,20260727 10:36:06,康德莱,7.17,7.01,7.2,6.96,7.03,1.9914651493598834,1958400,13987886.0
603988.SH,20260727,20260727 10:36:07,中电电机,17.43,15.68,17.58,15.68,16.4,6.2804878048780655,12404164,207850927.0
603989.SH,20260727,20260727 10:36:06,艾华集团,27.22,26.35,27.94,25.85,26.24,3.734756097560976,9948679,268810504.0
603990.SH,20260727,20260727 10:36:04,麦迪科技,18.39,18.0,19.0,17.42,17.46,5.32646048109966,17082888,314999761.0
603991.SH,20260727,20260727 10:36:06,领先股份,118.66,119.5,122.44,116.1,119.44,-0.6530475552578685,1348836,161079538.0
603992.SH,20260727,20260727 10:36:06,松霖科技,22.54,21.41,22.59,21.01,21.62,4.255319148936154,1752730,38632250.0
603993.SH,20260727,20260727 10:36:05,洛阳钼业,19.05,19.58,19.58,18.84,19.04,0.05252100840336116,84325111,1612295189.0
603995.SH,20260727,20260727 10:36:02,甬金股份,19.47,19.19,19.69,19.0,18.99,2.5276461295418606,1405300,27203970.0
603997.SH,20260727,20260727 10:36:06,继峰股份,11.59,11.38,11.69,11.34,11.38,1.8453427065026284,4233700,48901333.0
603998.SH,20260727,20260727 10:36:02,方盛制药,9.13,8.9,9.19,8.89,8.96,1.897321428571419,4045500,36793546.0
603999.SH,20260727,20260727 10:36:04,读者传媒,5.27,5.18,5.29,5.12,5.19,1.541425818882458,2420300,12685037.0
605001.SH,20260727,20260727 10:36:07,威奥股份,4.99,4.8,5.0,4.8,4.85,2.886597938144342,2598970,12862048.0
605003.SH,20260727,20260727 10:36:06,众望布艺,18.76,17.81,18.86,17.78,17.81,5.334081976417759,626200,11594107.0
605005.SH,20260727,20260727 10:35:51,合兴股份,14.67,14.53,14.7,14.33,14.47,1.3821700069108545,442600,6472701.0
605006.SH,20260727,20260727 10:36:05,山东玻纤,13.29,12.99,13.58,12.64,12.71,4.563335955940184,17794433,235228092.0
605007.SH,20260727,20260727 10:36:04,五洲特纸,15.12,14.65,15.18,14.53,14.68,2.9972752043596618,2021400,30220119.0
605008.SH,20260727,20260727 10:36:06,长鸿高科,11.89,11.76,11.98,11.69,11.83,0.5071851225697532,587300,6947954.0
605009.SH,20260727,20260727 10:36:01,豪悦护理,23.13,22.72,23.24,22.34,22.72,1.8045774647887258,458600,10547441.0
605011.SH,20260727,20260727 10:36:05,杭州热电,17.25,16.52,17.32,16.3,16.86,2.313167259786475,4532704,77133308.0
605016.SH,20260727,20260727 10:36:06,百龙创园,21.35,21.56,21.85,21.12,21.55,-0.9280742459396696,1553600,33165347.0
605018.SH,20260727,20260727 10:36:05,长华集团,11.38,11.11,11.44,11.06,11.11,2.4302430243024364,1513600,17087240.0
605020.SH,20260727,20260727 10:36:07,永和股份,33.12,32.74,33.46,32.45,32.75,1.1297709923663968,4957404,163860088.0
605028.SH,20260727,20260727 10:36:06,世茂能源,27.33,25.28,27.78,25.28,27.2,0.47794117647057544,3268300,88362421.0
605033.SH,20260727,20260727 10:36:04,美邦股份,16.74,16.16,16.76,16.16,16.28,2.825552825552813,608123,10052725.0
605050.SH,20260727,20260727 10:36:02,福然德,10.44,10.22,10.49,10.21,10.22,2.152641878669259,1607102,16684777.0
605055.SH,20260727,20260727 10:35:59,迎丰股份,8.43,8.18,8.48,8.02,8.02,5.112219451371569,2291400,19007950.0
605056.SH,20260727,20260727 10:36:07,咸亨国际,13.17,12.5,13.3,12.41,12.53,5.107741420590584,3250200,42183171.0
605058.SH,20260727,20260727 10:36:05,澳弘电子,23.73,23.11,23.96,23.04,23.33,1.714530647235324,818083,19363770.0
605060.SH,20260727,20260727 10:36:05,联德股份,38.78,37.16,39.44,36.85,37.34,3.856454204606319,2759812,106408420.0
605066.SH,20260727,20260727 10:36:06,天正电气,6.3,6.11,6.32,6.1,6.14,2.6058631921824116,2973832,18609465.0
605068.SH,20260727,20260727 10:36:06,明新旭腾,15.47,14.17,15.47,13.8,14.06,10.028449502133707,2436500,36095942.0
605069.SH,20260727,20260727 10:36:04,正和生态,9.75,9.33,9.84,9.33,9.45,3.1746031746031855,2169500,20864585.0
605077.SH,20260727,20260727 10:36:04,华康股份,10.25,10.05,10.27,9.99,10.04,2.0916334661354563,1716417,17466865.0
605080.SH,20260727,20260727 10:35:58,浙江自然,19.63,19.3,19.65,19.22,19.37,1.342281879194629,268300,5246621.0
605086.SH,20260727,20260727 10:36:06,龙高股份,21.66,21.2,21.78,21.15,21.18,2.2662889518413554,674400,14457443.0
605088.SH,20260727,20260727 10:36:05,冠盛股份,19.9,19.17,20.0,19.17,19.31,3.0554117037804307,1942399,38358237.0
605089.SH,20260727,20260727 10:36:05,味知香,17.54,17.12,17.56,17.11,17.23,1.7991874637260485,471576,8215904.0
605090.SH,20260727,20260727 10:36:05,九丰能源,32.16,32.3,32.88,31.6,33.11,-2.8692237994563663,12226768,393474677.0
605098.SH,20260727,20260727 10:36:06,行动教育,56.08,54.78,56.3,54.25,54.78,2.3731288791529748,441200,24609240.0
605099.SH,20260727,20260727 10:36:07,共创草坪,31.03,30.78,31.74,29.89,31.2,-0.5448717948717929,1919600,59492978.0
605100.SH,20260727,20260727 10:36:06,华丰股份,29.89,29.36,30.07,29.12,29.5,1.3220338983050972,2458340,73050332.0
605108.SH,20260727,20260727 10:36:06,同庆楼,11.43,11.1,11.52,11.01,11.1,2.972972972972965,1717800,19580622.0
605111.SH,20260727,20260727 10:36:07,新洁能,55.41,55.17,56.7,53.02,55.16,0.4532269760696206,9465622,524017228.0
605116.SH,20260727,20260727 10:36:07,奥锐特,19.22,18.5,19.46,18.45,18.74,2.5613660618996725,1634294,31290889.0
605117.SH,20260727,20260727 10:36:05,德业股份,87.93,89.32,89.55,86.73,88.45,-0.5879027699265071,6018383,528898396.0
605118.SH,20260727,20260727 10:36:05,力鼎光电,28.38,27.39,28.56,27.3,27.66,2.6030368763557465,993300,27915587.0
605122.SH,20260727,20260727 10:36:06,四方新材,9.93,9.52,9.96,9.42,9.59,3.5453597497393075,1384400,13567458.0
605123.SH,20260727,20260727 10:36:06,派克新材,73.96,73.21,74.45,71.71,72.32,2.2676991150442527,943400,69508357.0
605128.SH,20260727,20260727 10:36:06,上海沿浦,21.22,19.89,21.5,19.88,19.88,6.740442655935608,2940749,61748433.0
605133.SH,20260727,20260727 10:36:06,嵘泰股份,25.39,24.8,25.7,24.8,25.48,-0.3532182103610615,2838800,71966756.0
605136.SH,20260727,20260727 10:36:04,丽人丽妆,7.32,7.07,7.35,7.01,7.06,3.682719546742219,4239100,30758904.0
605138.SH,20260727,20260727 10:36:06,盛泰集团,5.32,5.19,5.35,5.12,5.2,2.3076923076922995,2998400,15695463.0
605151.SH,20260727,20260727 10:36:05,西上海,16.28,15.6,16.69,15.45,15.5,5.032258064516126,1832865,29646035.0
605155.SH,20260727,20260727 10:36:05,西大门,12.55,12.62,12.72,12.38,12.5,0.40000000000000036,1667092,20944914.0
605158.SH,20260727,20260727 10:35:57,华达新材,6.33,6.1,6.35,6.09,6.14,3.0944625407166138,1515230,9510822.0
605162.SH,20260727,20260727 10:36:07,新中港,8.37,7.78,8.54,7.78,8.64,-3.125000000000011,26114444,215144504.0
605166.SH,20260727,20260727 10:36:02,聚合顺,8.03,7.68,8.05,7.67,7.68,4.557291666666652,2748400,21756825.0
605167.SH,20260727,20260727 10:36:07,利柏特,13.0,12.3,13.07,12.16,12.25,6.1224489795918435,3508567,44712354.0
605168.SH,20260727,20260727 10:36:08,三人行,34.93,34.06,35.39,34.01,34.07,2.5242148517757634,1716000,59680194.0
605169.SH,20260727,20260727 10:36:04,洪通燃气,9.61,9.5,9.68,9.36,9.59,0.2085505735140769,1157100,11014662.0
605177.SH,20260727,20260727 10:36:07,东亚药业,14.85,14.24,14.88,13.96,14.32,3.7011173184357427,1259700,18522058.0
605178.SH,20260727,20260727 10:36:08,时空科技,63.76,62.79,64.96,60.23,63.51,0.3936387970398414,1924400,120900667.0
605179.SH,20260727,20260727 10:36:06,一鸣食品,13.22,12.95,13.35,12.79,13.0,1.692307692307704,2657700,34858053.0
605180.SH,20260727,20260727 10:35:54,华生科技,10.87,10.6,10.9,10.58,10.57,2.838221381267725,966200,10381043.0
605183.SH,20260727,20260727 10:36:01,确成股份,13.89,13.57,13.92,13.57,13.57,2.358142962417098,489656,6743346.0
605186.SH,20260727,20260727 10:36:05,健麾信息,22.35,22.95,22.95,21.38,22.28,0.31418312387792025,2009600,44594652.0
605188.SH,20260727,20260727 10:36:05,国光连锁,11.2,10.95,11.25,10.71,10.96,2.1897810218977964,1655800,18347951.0
605189.SH,20260727,20260727 10:36:07,富春染织,15.02,14.73,15.06,14.55,14.59,2.9472241261137677,10527500,156375127.0
605196.SH,20260727,20260727 10:36:06,华通线缆,30.28,29.46,30.37,28.71,29.62,2.2282241728561747,11519668,340535782.0
605198.SH,20260727,20260727 10:36:07,安德利,55.08,55.49,55.94,51.82,54.63,0.8237232289950436,3328291,180017534.0
605199.SH,20260727,20260727 10:35:59,ST葫芦娃,5.51,5.4,5.54,5.38,5.41,1.8484288354898348,524000,2884220.0
605208.SH,20260727,20260727 10:36:06,永茂泰,11.58,11.47,11.78,11.1,11.48,0.8710801393728262,10074755,115019389.0
605218.SH,20260727,20260727 10:36:07,伟时电子,12.39,11.99,12.47,11.96,12.04,2.9069767441860517,1324800,16293669.0
605222.SH,20260727,20260727 10:36:05,起帆电缆,18.38,17.52,18.59,17.52,17.7,3.841807909604511,3884215,70741394.0
605228.SH,20260727,20260727 10:36:03,神通科技,10.8,10.49,10.9,10.41,10.53,2.564102564102577,2943087,31400258.0
605255.SH,20260727,20260727 10:36:06,天普股份,70.59,67.4,72.66,67.0,69.73,1.2333285529900984,807200,56199571.0
605258.SH,20260727,20260727 10:36:06,协和电子,23.7,23.43,23.85,23.05,23.26,1.8916595012897552,566500,13358720.0
605259.SH,20260727,20260727 10:35:57,绿田机械,17.15,16.92,17.15,16.76,16.99,0.9417304296645002,211640,3598872.0
605266.SH,20260727,20260727 10:36:07,健之佳,15.84,15.65,15.9,15.52,15.68,1.0204081632652962,655300,10357533.0
605268.SH,20260727,20260727 10:36:02,王力安防,8.74,8.5,8.74,8.47,8.52,2.5821596244131495,1117000,9670527.0
605277.SH,20260727,20260727 10:36:06,新亚电子,14.42,13.75,14.5,13.75,14.02,2.853067047075619,2854626,40731822.0
605286.SH,20260727,20260727 10:36:07,同力天启,21.76,21.38,21.78,21.02,21.13,2.981542830099393,925100,19882779.0
605287.SH,20260727,20260727 10:36:05,德才股份,31.14,29.73,31.8,29.73,30.13,3.3521407235313605,1453580,44929464.0
605288.SH,20260727,20260727 10:36:05,凯迪股份,67.28,66.18,69.18,65.38,69.24,-2.8307336799537786,609600,41031842.0
605289.SH,20260727,20260727 10:36:07,罗曼股份,97.56,99.0,100.25,95.54,99.0,-1.4545454545454528,1586340,155954989.0
605296.SH,20260727,20260727 10:36:07,神农集团,29.98,30.05,30.59,29.8,30.1,-0.39867109634551534,1245641,37555127.0
605298.SH,20260727,20260727 10:36:06,必得科技,45.6,44.81,45.97,44.0,44.71,1.9906061283829102,584500,26361991.0
605299.SH,20260727,20260727 10:36:08,舒华体育,11.51,11.0,11.73,10.81,11.89,-3.195962994112711,21887500,249025904.0
605300.SH,20260727,20260727 10:36:06,佳禾食品,8.98,8.67,9.01,8.67,8.76,2.511415525114158,1718301,15306375.0
605303.SH,20260727,20260727 10:36:04,园林股份,19.27,18.7,19.33,18.56,18.9,1.9576719576719581,1282500,24422243.0
605305.SH,20260727,20260727 10:36:06,中际联合,38.11,37.5,38.17,37.4,37.54,1.5183803942461438,1116752,42269577.0
605318.SH,20260727,20260727 10:36:06,法狮龙,79.06,77.5,79.49,77.5,78.22,1.0738941447200334,671600,52716517.0
605319.SH,20260727,20260727 10:36:06,无锡振华,21.83,21.0,22.14,21.0,21.0,3.9523809523809517,1335580,28903702.0
605333.SH,20260727,20260727 10:36:07,沪光股份,15.91,15.65,15.96,15.51,15.58,2.1181001283697043,1158100,18321048.0
605336.SH,20260727,20260727 10:35:58,*ST帅电,9.43,9.36,9.51,9.28,9.26,1.8358531317494542,384500,3610890.0
605337.SH,20260727,20260727 10:36:06,李子园,8.56,8.48,8.59,8.38,8.42,1.6627078384798155,1127956,9619798.0
605338.SH,20260727,20260727 10:36:05,巴比食品,17.97,17.68,18.02,17.62,17.9,0.3910614525139744,439800,7865850.0
605339.SH,20260727,20260727 10:36:03,南侨食品,11.73,11.42,11.76,11.32,11.42,2.7145359019264514,609600,7085515.0
605358.SH,20260727,20260727 10:36:05,立昂微,42.48,41.81,43.21,40.0,41.75,1.748502994011969,20036595,842105037.0
605365.SH,20260727,20260727 10:36:06,立达信,12.77,12.41,12.8,12.26,12.41,2.9008863819500297,1843400,23205516.0
605366.SH,20260727,20260727 10:36:06,宏柏新材,7.44,7.09,7.52,6.93,7.09,4.936530324400579,11295822,82641105.0
605368.SH,20260727,20260727 10:36:02,蓝天燃气,6.63,6.63,6.66,6.55,6.64,-0.1506024096385561,1458480,9654086.0
605369.SH,20260727,20260727 10:36:06,拱东医疗,15.66,15.16,15.7,15.06,15.18,3.1620553359683834,639300,9916961.0
605376.SH,20260727,20260727 10:36:08,博迁新材,144.76,140.64,148.23,138.09,137.87,4.997461376659151,7039409,1009170440.0
605377.SH,20260727,20260727 10:36:02,华旺科技,9.22,9.29,9.3,9.03,9.04,1.9911504424778848,2383700,21829571.0
605378.SH,20260727,20260727 10:36:06,野马电池,13.0,12.48,13.03,12.46,12.48,4.166666666666674,1511736,19384599.0
605388.SH,20260727,20260727 10:36:02,均瑶健康,4.89,4.66,4.92,4.62,4.67,4.7109207708779355,5806859,28008593.0
605389.SH,20260727,20260727 10:36:08,长龄液压,71.69,71.2,73.66,71.2,72.0,-0.43055555555555625,518510,37612486.0
605398.SH,20260727,20260727 10:36:06,新炬网络,18.75,18.12,18.81,17.85,18.11,3.5339591385974645,1041400,19269513.0
605399.SH,20260727,20260727 10:36:06,晨光新材,9.77,9.35,9.8,9.35,9.36,4.380341880341887,2314000,22333365.0
605488.SH,20260727,20260727 10:36:07,福莱新材,23.58,22.9,23.75,22.89,23.08,2.166377816291165,1751660,41115404.0
605499.SH,20260727,20260727 10:36:06,东鹏饮料,126.42,126.53,129.3,124.33,125.82,0.4768717215069218,2233575,283737615.0
605500.SH,20260727,20260727 10:36:07,森林包装,6.29,6.13,6.3,6.12,6.13,2.610114192495927,2286129,14278032.0
605507.SH,20260727,20260727 10:36:07,国邦医药,15.69,15.53,15.92,15.48,15.53,1.0302640051513157,3053660,48103550.0
605555.SH,20260727,20260727 10:36:08,德昌股份,10.89,10.48,10.93,10.42,10.55,3.2227488151658656,3242774,34900028.0
605566.SH,20260727,20260727 10:36:06,福莱蒽特,22.7,22.4,22.76,21.79,21.7,4.608294930875578,2467600,55200961.0
605567.SH,20260727,20260727 10:36:08,春雪食品,7.93,7.63,7.94,7.62,7.67,3.3898305084745672,2607301,20436875.0
605577.SH,20260727,20260727 10:36:06,龙版传媒,9.11,8.94,9.18,8.91,8.96,1.6741071428571175,1394400,12653001.0
605580.SH,20260727,20260727 10:36:08,恒盛能源,16.46,15.81,16.56,15.8,15.93,3.3270558694287633,2930000,47812129.0
605588.SH,20260727,20260727 10:36:07,冠石科技,41.06,40.52,41.56,39.68,40.53,1.3076733283987174,859900,35046848.0
605589.SH,20260727,20260727 10:36:06,圣泉集团,37.99,37.63,39.0,36.89,37.64,0.9298618490967137,12426944,474416084.0
605598.SH,20260727,20260727 10:36:06,上海港湾,25.73,25.0,25.78,24.82,25.01,2.878848460615746,1916300,48729452.0
605599.SH,20260727,20260727 10:36:05,菜百股份,15.14,14.83,15.35,14.73,14.71,2.9231815091774305,4183655,63175850.0
688001.SH,20260727,20260727 10:36:06,华兴源创,50.55,49.77,52.0,47.51,49.77,1.567209162145855,3977526,199465790.0
688002.SH,20260727,20260727 10:36:06,睿创微纳,151.24,149.5,153.97,149.5,150.1,0.75949367088608,5843836,887532673.0
688003.SH,20260727,20260727 10:36:07,天准科技,74.4,74.28,76.66,72.28,74.19,0.28305701577033826,2439075,182595983.0
688004.SH,20260727,20260727 10:36:06,博汇科技,20.82,19.74,21.42,19.35,19.73,5.524581855043076,2666074,55148914.0
688005.SH,20260727,20260727 10:36:06,容百科技,26.5,25.98,26.6,25.85,25.6,3.515625,7255417,190343348.0
688006.SH,20260727,20260727 10:36:06,杭可科技,21.11,20.3,21.26,20.3,20.5,2.9756097560975636,6181474,128800596.0
688007.SH,20260727,20260727 10:36:06,光峰科技,10.19,9.9,10.35,9.86,9.97,2.206619859578729,2982319,30351897.0
688008.SH,20260727,20260727 10:36:06,澜起科技,224.64,234.0,234.0,214.01,233.66,-3.860309851921595,36266584,8103153499.0
688009.SH,20260727,20260727 10:36:07,中国通号,5.09,5.06,5.11,5.06,5.07,0.39447731755424265,7945411,40418778.0
688010.SH,20260727,20260727 10:36:08,福光股份,25.75,25.17,26.06,24.5,24.95,3.206412825651306,2217559,56225910.0
688011.SH,20260727,20260727 10:36:06,新光光电,63.8,62.63,64.45,61.48,62.21,2.5558591866259306,803714,50905847.0
688012.SH,20260727,20260727 10:36:07,中微公司,386.01,388.48,405.0,370.08,388.5,-0.6409266409266423,14238403,5532095445.0
688013.SH,20260727,20260727 10:36:07,天臣医疗,22.62,22.18,22.76,21.71,22.3,1.4349775784753271,650317,14514118.0
688015.SH,20260727,20260727 10:36:08,交控科技,14.93,14.52,14.96,14.4,14.46,3.250345781466102,498676,7352469.0
688016.SH,20260727,20260727 10:36:04,心脉医疗,90.7,89.0,91.48,88.3,89.0,1.9101123595505642,626885,56862177.0
688017.SH,20260727,20260727 10:36:08,绿的谐波,302.82,298.0,311.99,295.8,295.3,2.546562817473741,4040283,1225934855.0
688018.SH,20260727,20260727 10:36:07,乐鑫科技,102.83,104.0,104.6,100.0,105.16,-2.2156713579307707,3255898,334526710.0
688019.SH,20260727,20260727 10:36:07,安集科技,258.03,256.44,269.1,245.78,256.49,0.6004132714725552,5588917,1446253890.0
688020.SH,20260727,20260727 10:36:08,方邦股份,112.7,109.62,117.17,106.7,107.49,4.846962508140296,1867722,209491742.0
688021.SH,20260727,20260727 10:36:07,奥福科技,17.84,17.08,17.98,16.93,16.88,5.687203791469209,756009,13240335.0
688022.SH,20260727,20260727 10:35:58,ST瀚川,7.5,7.07,7.54,7.07,7.16,4.748603351955305,1490132,10979509.0
688023.SH,20260727,20260727 10:36:06,安恒信息,34.75,34.0,34.98,33.8,34.28,1.3710618436405975,890905,30810532.0
688025.SH,20260727,20260727 10:36:05,杰普特,323.56,321.68,343.0,321.68,326.26,-0.8275608410470148,1387547,458800577.0
688026.SH,20260727,20260727 10:36:05,洁特生物,12.06,11.56,12.23,11.56,11.55,4.415584415584406,1568793,18805317.0
688027.SH,20260727,20260727 10:36:07,国盾量子,369.0,361.01,373.83,358.72,364.27,1.2984873857303736,891861,328227839.0
688028.SH,20260727,20260727 10:36:08,沃尔德,80.59,81.49,82.75,77.16,80.04,0.6871564217890924,2270683,181698222.0
688029.SH,20260727,20260727 10:36:07,南微医学,72.2,70.8,74.99,70.27,71.0,1.6901408450704203,1380207,100919497.0
688030.SH,20260727,20260727 10:36:01,山石网科,14.32,14.0,14.49,13.9,14.05,1.9217081850533724,1010535,14430339.0
688031.SH,20260727,20260727 10:36:07,星环科技,86.0,83.65,87.26,83.22,84.6,1.654846335697413,2011143,171665569.0
688032.SH,20260727,20260727 10:36:07,禾迈股份,75.74,73.68,76.35,73.6,74.04,2.296056185845474,378978,28549699.0
688033.SH,20260727,20260727 10:35:53,*ST天宜,6.28,6.3,6.31,6.07,6.24,0.6410256410256387,1921055,11899865.0
688035.SH,20260727,20260727 10:36:06,德邦科技,59.81,59.53,61.49,57.75,59.95,-0.23352793994996235,2156215,129235413.0
688036.SH,20260727,20260727 10:36:06,传音控股,59.83,59.56,59.95,58.77,59.96,-0.2168112074716566,5963860,353946980.0
688037.SH,20260727,20260727 10:36:07,芯源微,337.94,336.7,355.0,323.07,342.0,-1.187134502923981,3447514,1167558078.0
688038.SH,20260727,20260727 10:36:05,中科通达,16.83,17.17,17.18,16.04,16.35,2.9357798165137394,1138312,19015374.0
688039.SH,20260727,20260727 10:36:08,当虹科技,31.24,29.89,31.3,29.75,29.94,4.342017368069473,887907,27316503.0
688041.SH,20260727,20260727 10:36:07,海光信息,308.22,315.93,315.93,301.1,314.28,-1.9282168766704633,10245019,3160411158.0
688045.SH,20260727,20260727 10:36:07,必易微,51.44,49.25,52.45,48.5,49.92,3.044871794871784,1291288,65489580.0
688046.SH,20260727,20260727 10:36:07,药康生物,27.07,25.74,28.69,25.74,26.2,3.3206106870228957,7222924,198093233.0
688047.SH,20260727,20260727 10:36:06,龙芯中科,108.53,107.03,109.44,103.9,106.92,1.5057987280209462,2540107,271323650.0
688048.SH,20260727,20260727 10:36:05,长光华芯,299.35,287.18,313.31,280.08,289.51,3.398846326551763,6588096,1974508892.0
688049.SH,20260727,20260727 10:36:07,炬芯科技,43.58,43.0,44.8,42.15,44.37,-1.7804823078656717,7628138,333697481.0
688050.SH,20260727,20260727 10:36:04,爱博医疗,39.91,38.57,40.23,38.28,38.71,3.0999741668819247,1616409,64266257.0
688051.SH,20260727,20260727 10:36:07,佳华科技,20.85,20.2,20.93,19.8,20.15,3.473945409429291,618121,12613515.0
688052.SH,20260727,20260727 10:36:06,纳芯微,203.0,201.49,208.9,200.36,201.55,0.7194244604316502,1524973,311898423.0
688053.SH,20260727,20260727 10:36:07,ST思科瑞,29.22,28.12,29.58,28.12,28.09,4.022783908864369,383558,11143824.0
688055.SH,20260727,20260727 10:36:06,龙腾光电,3.8,3.75,3.81,3.73,3.74,1.6042780748662944,3290233,12409410.0
688056.SH,20260727,20260727 10:36:06,莱伯泰科,38.6,38.75,39.49,37.62,38.45,0.39011703511053764,520288,20086538.0
688057.SH,20260727,20260727 10:36:07,金达莱,16.23,15.8,16.48,15.5,16.04,1.1845386533665847,2429518,38889188.0
688058.SH,20260727,20260727 10:36:06,宝兰德,19.54,18.81,19.83,18.44,19.1,2.3036649214659644,497933,9637611.0
688059.SH,20260727,20260727 10:36:05,华锐精密,76.0,77.1,78.5,74.27,76.09,-0.11828098304639267,2389757,182926617.0
688060.SH,20260727,20260727 10:35:49,云涌科技,30.46,29.97,30.65,29.11,29.4,3.6054421768707545,174658,5237372.0
688061.SH,20260727,20260727 10:36:00,灿瑞科技,38.5,37.2,38.66,36.21,38.05,1.182654402102501,636405,23955695.0
688062.SH,20260727,20260727 10:36:07,迈威生物,31.38,30.99,32.64,30.46,31.09,0.9327758121582486,5488522,172387948.0
688063.SH,20260727,20260727 10:36:05,派能科技,43.05,41.33,43.19,41.0,40.73,5.696047139700466,4084111,172996764.0
688065.SH,20260727,20260727 10:36:03,凯赛生物,43.96,43.25,44.15,43.0,43.19,1.7828200972447306,1451731,63559217.0
688066.SH,20260727,20260727 10:36:07,*ST航图,7.2,7.08,7.39,6.96,7.12,1.1235955056179803,3099905,22338537.0
688067.SH,20260727,20260727 10:35:51,爱威科技,18.97,18.48,19.18,18.32,18.31,3.6045876570180324,484757,9108248.0
688068.SH,20260727,20260727 10:36:06,热景生物,114.75,107.0,116.0,104.61,109.76,4.546282798833823,2905368,323068451.0
688069.SH,20260727,20260727 10:36:04,德林海,37.31,34.0,37.59,34.0,34.6,7.832369942196538,1520581,55318410.0
688070.SH,20260727,20260727 10:36:08,纵横股份,31.22,30.71,31.33,29.98,30.05,3.8935108153078213,457082,14084723.0
688071.SH,20260727,20260727 10:35:58,华依科技,35.24,36.07,36.31,34.29,36.1,-2.382271468144037,1772665,62321097.0
688072.SH,20260727,20260727 10:36:05,拓荆科技,783.75,770.05,818.88,735.89,791.0,-0.9165613147914087,4936304,3835531658.0
688073.SH,20260727,20260727 10:36:05,毕得医药,48.65,46.08,50.0,46.08,47.07,3.356702783089016,1433493,69752679.0
688075.SH,20260727,20260727 10:36:06,安旭生物,27.18,26.92,27.55,26.89,26.9,1.0408921933085624,343156,9339902.0
688076.SH,20260727,20260727 10:36:07,ST诺泰,26.85,26.26,26.96,26.26,26.33,1.9749335358906217,641401,17165588.0
688077.SH,20260727,20260727 10:36:08,大地熊,22.38,21.51,22.62,21.16,21.43,4.433037797480166,1149202,25333356.0
688078.SH,20260727,20260727 10:36:04,龙软科技,21.01,20.0,21.1,20.0,20.21,3.958436417615041,769140,15959810.0
688079.SH,20260727,20260727 10:36:05,美迪凯,14.36,14.07,14.64,13.7,13.98,2.7181688125894166,6063110,86417744.0
688080.SH,20260727,20260727 10:36:07,映翰通,32.59,31.5,32.74,31.5,31.97,1.939318110728827,335520,10855116.0
688081.SH,20260727,20260727 10:36:06,兴图新科,28.7,28.07,28.99,26.57,28.07,2.244389027431426,907325,25764040.0
688082.SH,20260727,20260727 10:36:07,盛美上海,301.52,299.0,311.5,286.0,299.99,0.510017000566676,3083562,924099101.0
688083.SH,20260727,20260727 10:36:08,中望软件,43.76,42.2,43.96,41.76,42.65,2.6025791324736147,1617807,69903288.0
688084.SH,20260727,20260727 10:36:07,晶品特装,39.02,38.27,39.29,37.61,38.39,1.6410523573847424,1106968,42689129.0
688085.SH,20260727,20260727 10:36:07,三友医疗,12.32,11.89,12.44,11.72,11.71,5.209222886421849,2285867,27821668.0
688087.SH,20260727,20260727 10:36:07,英科再生,35.93,35.0,37.17,34.95,36.94,-2.7341635083919846,648202,23414822.0
688088.SH,20260727,20260727 10:36:07,虹软科技,30.61,30.05,30.77,29.5,30.05,1.8635607321131342,2277743,69192025.0
688089.SH,20260727,20260727 10:35:58,嘉必优,9.94,0.0,0.0,0.0,9.94,0.0,0,0.0
688090.SH,20260727,20260727 10:36:06,瑞松科技,62.01,62.93,64.3,60.27,61.7,0.5024311183144059,3532860,220161291.0
688091.SH,20260727,20260727 10:36:05,上海谊众,37.63,36.58,38.48,36.4,37.15,1.2920592193808922,2026199,75983167.0
688092.SH,20260727,20260727 10:36:07,爱科科技,20.15,19.55,20.17,19.35,19.54,3.121801432958038,323903,6451910.0
688093.SH,20260727,20260727 10:36:05,世华科技,24.69,24.4,24.93,24.15,24.53,0.6522625356706113,1238638,30394367.0
688095.SH,20260727,20260727 10:36:07,福昕软件,50.84,48.77,51.12,48.77,49.35,3.0192502532928156,1096717,55219993.0
688096.SH,20260727,20260727 10:36:07,京源环保,7.36,7.1,7.69,7.1,7.2,2.2222222222222143,5990680,44607351.0
688097.SH,20260727,20260727 10:36:05,博众精工,41.99,42.43,42.96,41.1,41.67,0.7679385649148163,2101983,88650522.0
688098.SH,20260727,20260727 10:36:03,申联生物,8.19,7.95,8.26,7.9,7.95,3.018867924528301,961425,7850465.0
688099.SH,20260727,20260727 10:36:05,晶晨股份,97.6,97.0,99.9,93.75,98.0,-0.40816326530612734,11437292,1113159809.0
688100.SH,20260727,20260727 10:36:08,威胜信息,28.48,28.35,28.76,28.07,28.35,0.4585537918871285,1252705,35745665.0
688101.SH,20260727,20260727 10:36:04,三达膜,14.59,14.55,14.65,14.15,14.35,1.672473867595814,1769596,25518172.0
688102.SH,20260727,20260727 10:36:07,斯瑞新材,27.45,26.77,27.88,26.38,26.45,3.7807183364839236,6576082,179288859.0
688103.SH,20260727,20260727 10:36:07,国力电子,72.35,72.01,73.86,71.0,72.6,-0.3443526170798905,1633444,118385281.0
688105.SH,20260727,20260727 10:36:07,诺唯赞,18.21,16.71,18.48,16.61,16.88,7.879146919431301,6350761,113286958.0
688106.SH,20260727,20260727 10:36:08,金宏气体,30.25,29.53,31.05,28.77,30.1,0.4983388704318914,18962436,570057514.0
688107.SH,20260727,20260727 10:36:07,安路科技,29.16,29.01,29.6,28.15,29.06,0.34411562284928365,3425346,99467374.0
688108.SH,20260727,20260727 10:36:05,赛诺医疗,15.74,15.6,16.12,15.25,15.18,3.6890645586297843,8671301,136470223.0
688109.SH,20260727,20260727 10:36:06,品茗科技,63.81,63.88,64.21,60.89,62.48,2.1286811779769543,372361,23633490.0
688110.SH,20260727,20260727 10:36:06,东芯股份,112.15,110.75,115.65,106.5,110.15,1.8157058556513839,10168758,1132913826.0
688111.SH,20260727,20260727 10:36:08,金山办公,232.29,228.67,233.89,225.18,226.93,2.3619618384523866,3154332,728119630.0
688112.SH,20260727,20260727 10:36:06,鼎阳科技,49.08,49.26,50.77,48.05,48.8,0.5737704918032716,1012433,49913597.0
688113.SH,20260727,20260727 10:36:06,联测科技,32.55,31.9,32.96,31.9,32.27,0.867678958785234,358664,11628766.0
688114.SH,20260727,20260727 10:36:07,华大智造,47.88,47.4,48.55,47.0,47.11,1.6344725111441472,1607120,76885481.0
688115.SH,20260727,20260727 10:36:07,思林杰,46.94,43.95,47.74,43.95,45.11,4.056750166260259,947275,43778644.0
688116.SH,20260727,20260727 10:36:05,天奈科技,32.18,31.28,32.29,31.28,31.1,3.472668810289381,3125316,99598935.0
688117.SH,20260727,20260727 10:36:07,圣诺生物,23.47,22.0,24.27,21.99,22.06,6.3916591115140475,6209096,145001911.0
688118.SH,20260727,20260727 10:36:06,普元信息,18.24,17.14,18.33,17.11,17.26,5.677867902665112,1385489,24773444.0
688119.SH,20260727,20260727 10:36:06,中钢洛耐,3.75,3.63,3.76,3.61,3.63,3.3057851239669533,4312955,15968881.0
688120.SH,20260727,20260727 10:36:05,华海清科,265.35,261.28,278.88,252.5,263.9,0.5494505494505697,8089699,2149203346.0
688121.SH,20260727,20260727 10:36:08,*ST卓然,2.26,2.11,2.33,2.1,2.12,6.603773584905648,7756079,17451582.0
688122.SH,20260727,20260727 10:36:05,西部超导,50.41,49.68,50.56,49.22,49.7,1.4285714285714235,3212364,160627667.0
688123.SH,20260727,20260727 10:36:07,聚辰股份,127.0,128.58,132.5,120.03,127.52,-0.40777917189460666,5843082,741931650.0
688125.SH,20260727,20260727 10:36:05,安达智能,111.19,111.45,116.25,108.0,110.18,0.9166817934289195,709762,80149646.0
688126.SH,20260727,20260727 10:36:07,沪硅产业,26.31,25.38,26.97,24.53,25.82,1.897753679318348,51903643,1348466937.0
688127.SH,20260727,20260727 10:36:07,蓝特光学,61.4,61.06,63.18,60.6,61.4,0.0,3122875,193358151.0
688128.SH,20260727,20260727 10:36:06,中国电研,21.65,21.44,21.79,21.44,21.36,1.3576779026217123,1181329,25557049.0
688129.SH,20260727,20260727 10:36:04,东来技术,19.02,18.27,19.1,18.1,18.36,3.594771241830075,335636,6288487.0
688130.SH,20260727,20260727 10:36:06,晶华微,18.29,17.8,18.63,17.28,17.59,3.979533826037507,1329565,24010181.0
688131.SH,20260727,20260727 10:36:06,皓元医药,72.28,68.14,73.1,68.01,68.15,6.060161408657372,3208319,228284040.0
688132.SH,20260727,20260727 10:36:06,邦彦技术,11.9,11.4,11.95,11.26,11.41,4.294478527607359,825693,9609737.0
688133.SH,20260727,20260727 10:36:05,泰坦科技,20.41,19.8,20.45,19.53,20.14,1.3406156901688115,1903510,38110915.0
688135.SH,20260727,20260727 10:36:05,利扬芯片,22.77,22.4,23.16,21.62,22.46,1.3802315227070316,6435107,144727793.0
688136.SH,20260727,20260727 10:36:07,科兴制药,17.98,17.32,18.25,17.15,17.35,3.6311239193083544,2677974,47570391.0
688137.SH,20260727,20260727 10:35:59,近岸蛋白,35.23,33.9,35.49,33.2,34.01,3.5871802411055587,339945,11811938.0
688138.SH,20260727,20260727 10:36:07,清溢光电,30.02,29.9,30.52,28.46,29.74,0.941492938802968,4319212,128453802.0
688139.SH,20260727,20260727 10:36:03,海尔生物,27.12,26.72,27.34,26.18,26.58,2.031602708803626,1420128,38347413.0
688141.SH,20260727,20260727 10:36:05,杰华特,128.02,133.47,137.25,127.8,134.03,-4.484070730433476,9439376,1251288738.0
688143.SH,20260727,20260727 10:36:08,长盈通,98.15,95.89,100.52,94.53,96.84,1.3527467988434516,3497179,341644389.0
688146.SH,20260727,20260727 10:36:08,中船特气,274.88,247.63,286.0,246.79,245.67,11.889933650832418,15285323,4080496176.0
688147.SH,20260727,20260727 10:36:05,微导纳米,114.2,115.69,121.51,112.42,117.97,-3.19572772738832,3785331,442417330.0
688148.SH,20260727,20260727 10:36:07,芳源股份,6.41,6.15,6.42,6.15,6.13,4.567699836867867,6873313,43437283.0
688150.SH,20260727,20260727 10:36:08,莱特光电,39.61,38.04,41.11,38.04,39.17,1.1233086545825888,4000139,159305904.0
688151.SH,20260727,20260727 10:36:06,华强科技,16.61,16.12,16.78,15.78,16.82,-1.2485136741973935,7677156,124173115.0
688152.SH,20260727,20260727 10:36:05,麒麟信安,25.24,24.48,25.37,24.17,24.45,3.2310838445807732,498380,12482067.0
688153.SH,20260727,20260727 10:36:08,唯捷创芯,24.78,24.8,25.14,24.1,24.9,-0.48192771084336616,3007770,74386780.0
688155.SH,20260727,20260727 10:36:06,先惠技术,58.13,55.9,58.3,55.5,55.15,5.403445149592034,1720265,98581081.0
688156.SH,20260727,20260727 10:36:07,路德科技,19.53,19.4,19.8,19.1,19.51,0.1025115325474113,1479689,28779925.0
688157.SH,20260727,20260727 10:36:08,松井股份,17.46,16.61,17.77,16.52,16.44,6.2043795620437825,1908733,33033266.0
688158.SH,20260727,20260727 10:36:06,优刻得,29.54,29.03,29.89,28.78,29.27,0.9224461906388814,6811111,200506786.0
688159.SH,20260727,20260727 10:36:06,有方科技,30.8,29.8,30.85,29.55,29.89,3.0444964871194413,1580851,47968215.0
688160.SH,20260727,20260727 10:36:07,步科股份,97.12,92.51,98.5,92.51,95.0,2.231578947368429,792881,76293789.0
688161.SH,20260727,20260727 10:36:06,威高骨科,20.58,20.09,20.66,19.87,20.15,2.1339950372208483,340795,6968193.0
688162.SH,20260727,20260727 10:36:08,巨一科技,20.53,19.59,20.58,19.53,19.69,4.2661249365159915,947164,19160467.0
688163.SH,20260727,20260727 10:36:00,赛伦生物,30.47,30.06,31.09,28.58,29.7,2.592592592592591,504767,15357961.0
688165.SH,20260727,20260727 10:36:06,埃夫特,15.62,15.15,15.67,15.09,15.18,2.898550724637672,2973533,45896624.0
688166.SH,20260727,20260727 10:36:06,博瑞医药,35.72,33.83,36.4,33.18,34.81,2.6141913243320714,8873572,314918233.0
688167.SH,20260727,20260727 10:36:06,炬光科技,208.17,204.64,211.75,200.0,203.7,2.1944035346097124,3534610,728836776.0
688168.SH,20260727,20260727 10:36:05,安博通,37.44,36.37,37.92,35.56,36.52,2.519167579408532,1581376,58259781.0
688169.SH,20260727,20260727 10:36:06,石头科技,100.77,97.07,101.9,96.66,97.06,3.8223779105707845,2861492,286892696.0
688170.SH,20260727,20260727 10:36:05,德龙激光,47.08,46.39,47.79,45.22,46.08,2.170138888888884,1726283,80923042.0
688171.SH,20260727,20260727 10:36:05,纬德信息,26.75,24.48,27.0,23.51,23.5,13.829787234042556,2554581,64975655.0
688172.SH,20260727,20260727 10:36:06,燕东微,56.12,55.86,57.4,54.0,56.33,-0.3728031244452312,6801648,379849802.0
688173.SH,20260727,20260727 10:36:07,希荻微,12.67,12.46,12.92,12.21,12.58,0.7154213036566048,5462830,68811469.0
688175.SH,20260727,20260727 10:36:07,高凌信息,16.6,15.93,16.8,15.87,15.85,4.731861198738185,1241291,20305051.0
688176.SH,20260727,20260727 10:36:08,亚虹医药,12.59,12.39,13.0,12.39,12.58,0.07949125596184992,7035672,89087671.0
688177.SH,20260727,20260727 10:36:08,百奥泰,17.11,16.74,17.55,16.47,16.58,3.196622436670693,1416557,24271225.0
688178.SH,20260727,20260727 10:36:02,万德斯,24.54,23.29,24.7,22.7,23.08,6.325823223570204,884182,20948348.0
688179.SH,20260727,20260727 10:36:08,阿拉丁,17.56,18.1,18.13,17.02,17.82,-1.4590347923681302,6261950,110346852.0
688180.SH,20260727,20260727 10:36:05,君实生物,37.07,36.09,38.2,35.41,35.88,3.3166109253065734,12082437,446666480.0
688181.SH,20260727,20260727 10:36:07,八亿时空,37.16,36.84,37.99,35.7,36.6,1.5300546448087315,2588207,95828888.0
688182.SH,20260727,20260727 10:36:06,灿勤科技,24.81,24.41,25.25,23.73,23.96,3.5475792988313826,3295775,81209545.0
688183.SH,20260727,20260727 10:36:06,生益电子,98.34,96.0,100.99,95.68,96.78,1.6119032858028515,5552116,547833112.0
688184.SH,20260727,20260727 10:36:06,ST帕瓦,10.22,9.95,10.29,9.95,9.95,2.713567839195985,273114,2771264.0
688185.SH,20260727,20260727 10:36:06,康希诺,49.42,48.35,50.0,47.71,48.35,2.2130299896587324,675098,33165711.0
688186.SH,20260727,20260727 10:36:07,广大特材,13.6,13.44,13.65,13.22,13.39,1.5683345780433067,1634861,22104181.0
688187.SH,20260727,20260727 10:36:07,时代电气,46.16,45.49,46.34,45.41,45.5,1.450549450549432,2613702,119884667.0
688188.SH,20260727,20260727 10:36:06,柏楚电子,99.03,97.2,100.26,96.99,98.42,0.6197927250558788,1166700,115843038.0
688189.SH,20260727,20260727 10:36:00,ST南新,6.75,6.61,6.86,6.6,6.7,0.746268656716409,2344277,15851536.0
688190.SH,20260727,20260727 10:36:05,云路股份,69.0,68.2,69.45,68.03,68.86,0.2033110659308779,501264,34514533.0
688191.SH,20260727,20260727 10:36:06,智洋创新,19.01,18.3,19.32,17.92,18.3,3.8797814207650383,4506055,84487971.0
688192.SH,20260727,20260727 10:36:06,迪哲医药,55.8,54.5,57.3,53.95,55.6,0.3597122302158251,5973479,333078272.0
688193.SH,20260727,20260727 10:36:02,仁度生物,42.85,40.32,43.1,40.32,41.57,3.079143613182578,124522,5231576.0
688195.SH,20260727,20260727 10:36:05,腾景科技,123.24,120.01,127.0,119.47,120.6,2.189054726368167,2979619,368319474.0
688196.SH,20260727,20260727 10:36:05,卓越新能,31.67,31.05,32.0,30.38,31.56,0.34854245880862056,1056406,33235148.0
688197.SH,20260727,20260727 10:36:08,首药控股,35.87,34.27,36.56,34.03,34.6,3.6705202312138585,1460347,52018577.0
688198.SH,20260727,20260727 10:35:57,佰仁医疗,79.11,77.4,79.85,76.58,77.6,1.945876288659809,203037,15951913.0
688199.SH,20260727,20260727 10:36:06,久日新材,20.59,20.04,20.78,19.85,20.21,1.8802572983671384,2140680,43717456.0
688200.SH,20260727,20260727 10:36:05,华峰测控,382.84,368.0,396.66,351.74,368.0,4.032608695652162,4016397,1522284969.0
688201.SH,20260727,20260727 10:36:05,ST信安,6.45,6.32,6.48,6.31,6.33,1.8957345971563955,921580,5891930.0
688202.SH,20260727,20260727 10:36:06,美迪西,84.27,80.21,87.38,79.22,82.45,2.2073984232868327,4896330,413518965.0
688203.SH,20260727,20260727 10:36:06,海正生材,8.94,8.75,8.98,8.71,8.75,2.1714285714285575,1153248,10235225.0
688205.SH,20260727,20260727 10:36:07,德科立,131.0,128.32,134.59,127.62,128.6,1.8662519440124425,2768167,364470979.0
688206.SH,20260727,20260727 10:36:06,概伦电子,34.07,33.51,34.67,32.65,34.18,-0.3218256290228205,3398664,114844024.0
688207.SH,20260727,20260727 10:36:05,格灵深瞳,16.27,15.49,16.71,15.35,15.37,5.855562784645407,10082206,161513045.0
688208.SH,20260727,20260727 10:36:07,道通科技,26.23,26.0,26.49,25.68,26.01,0.8458285274894228,2958882,77756247.0
688209.SH,20260727,20260727 10:36:07,英集芯,21.94,21.84,22.22,20.88,21.84,0.45787545787545625,6690007,144376894.0
688210.SH,20260727,20260727 10:36:07,统联精密,26.96,25.2,27.15,25.0,25.29,6.603400553578487,2127459,55973360.0
688211.SH,20260727,20260727 10:35:56,中科微至,27.86,27.3,27.92,27.3,27.4,1.6788321167883202,237992,6604975.0
688212.SH,20260727,20260727 10:36:08,澳华内镜,25.76,25.3,25.93,24.9,25.37,1.5372487189593942,631429,16183023.0
688213.SH,20260727,20260727 10:36:08,思特威,94.25,91.08,95.3,89.47,91.08,3.48045674132631,4322119,401002233.0
688215.SH,20260727,20260727 10:36:06,瑞晟智能,31.41,30.79,31.5,30.2,30.93,1.5518913676042745,400568,12409390.0
688216.SH,20260727,20260727 10:36:07,气派科技,28.95,28.93,30.2,27.26,28.48,1.6502808988763995,3860621,111216923.0
688217.SH,20260727,20260727 10:36:06,睿昂基因,19.46,18.88,19.58,18.4,18.73,3.8974906567004863,575154,11004960.0
688218.SH,20260727,20260727 10:36:06,江苏北人,37.58,36.95,38.8,36.8,37.7,-0.31830238726792137,1295904,49202195.0
688219.SH,20260727,20260727 10:36:06,会通股份,10.08,9.9,10.17,9.81,9.9,1.8181818181818077,1652100,16577401.0
688220.SH,20260727,20260727 10:36:07,翱捷科技,107.81,110.81,111.5,106.5,111.77,-3.5429900688914717,5230654,570808628.0
688221.SH,20260727,20260727 10:36:06,前沿生物,20.6,19.87,21.01,19.67,19.86,3.7260825780463414,9360405,191137755.0
688222.SH,20260727,20260727 10:36:06,成都先导,28.86,27.34,29.78,27.22,27.63,4.45168295331162,13970845,398812199.0
688223.SH,20260727,20260727 10:36:05,晶科能源,4.16,4.05,4.16,4.05,4.05,2.716049382716057,33530335,137839036.0
688225.SH,20260727,20260727 10:36:07,亚信安全,11.63,11.33,11.78,11.08,11.26,3.285968028419184,2627792,30441816.0
688226.SH,20260727,20260727 10:36:06,威腾电气,28.89,27.69,29.2,27.69,28.08,2.8846153846153966,2587556,74293386.0
688227.SH,20260727,20260727 10:36:06,品高股份,73.24,72.1,73.88,70.31,72.6,0.8815426997245135,1189517,86048369.0
688228.SH,20260727,20260727 10:36:07,开普云,61.55,59.7,62.2,59.45,60.0,2.5833333333333375,614810,37633321.0
688229.SH,20260727,20260727 10:36:05,博睿数据,60.98,61.0,61.6,59.47,59.54,2.4185421565334098,206997,12577709.0
688230.SH,20260727,20260727 10:36:06,芯导科技,51.74,51.08,52.28,49.19,50.76,1.93065405831363,794316,40573662.0
688231.SH,20260727,20260727 10:36:06,隆达股份,26.05,25.85,26.36,25.3,25.65,1.5594541910331383,1529747,39679378.0
688232.SH,20260727,20260727 10:36:06,新点软件,17.02,16.68,17.08,16.56,16.95,0.41297935103246086,1616721,27174706.0
688233.SH,20260727,20260727 10:36:08,神工股份,105.59,105.0,110.6,100.03,104.3,1.2368168744007813,5556218,585491318.0
688234.SH,20260727,20260727 10:36:08,天岳先进,94.5,95.08,98.05,92.81,95.81,-1.3672894269909253,6096861,583620489.0
688235.SH,20260727,20260727 10:36:07,百济神州,272.48,273.52,280.0,267.04,271.0,0.5461254612546096,2621947,720181059.0
688236.SH,20260727,20260727 10:36:03,春立医疗,13.93,13.2,13.99,13.11,13.24,5.211480362537757,1559504,21300861.0
688237.SH,20260727,20260727 10:36:06,超卓航科,67.06,64.6,68.6,64.6,65.45,2.4598930481283476,3820220,254953051.0
688238.SH,20260727,20260727 10:36:06,和元生物,5.65,5.43,5.75,5.35,5.43,4.05156537753224,10125809,56819389.0
688239.SH,20260727,20260727 10:36:07,航宇科技,41.17,40.65,41.41,39.52,39.98,2.9764882441220664,2037579,83143150.0
688244.SH,20260727,20260727 10:36:06,永信至诚,13.36,12.8,13.44,12.8,12.95,3.1660231660231686,978719,12948047.0
688246.SH,20260727,20260727 10:36:03,嘉和美康,16.31,15.74,16.41,15.36,15.55,4.887459807073946,1899319,30544500.0
688247.SH,20260727,20260727 10:36:02,宣泰医药,8.51,8.3,8.57,8.17,8.17,4.1615667074663465,2405722,20267012.0
688248.SH,20260727,20260727 10:36:07,南网科技,41.49,41.69,42.37,41.23,41.52,-0.07225433526011349,1844852,77084183.0
688249.SH,20260727,20260727 10:36:06,晶合集成,44.04,46.01,46.26,43.79,46.79,-5.877324214575763,20546161,922295779.0
688251.SH,20260727,20260727 10:36:06,井松智能,18.91,18.21,19.16,18.01,18.21,3.844041735310255,977843,18244105.0
688252.SH,20260727,20260727 10:36:08,天德钰,16.9,16.48,17.04,16.35,16.71,1.1370436864152955,2452598,41201510.0
688253.SH,20260727,20260727 10:36:08,英诺特,54.92,54.1,56.21,53.63,54.75,0.3105022831050297,768070,42131622.0
688255.SH,20260727,20260727 10:36:06,凯尔达,23.04,22.31,23.15,22.1,22.14,4.065040650406493,1364120,31034069.0
688256.SH,20260727,20260727 10:36:05,寒武纪,1206.01,1239.0,1248.0,1180.0,1225.0,-1.5502040816326557,4241786,5161583243.0
688257.SH,20260727,20260727 10:36:05,新锐股份,58.43,58.54,60.18,56.48,57.95,0.8283002588438171,7000731,409406532.0
688258.SH,20260727,20260727 10:36:07,卓易信息,96.9,93.85,99.25,91.39,94.13,2.942738765537034,1578759,150332635.0
688259.SH,20260727,20260727 10:35:54,创耀科技,27.75,27.07,27.95,26.88,27.27,1.7601760176017667,661135,18191690.0
688260.SH,20260727,20260727 10:36:05,昀冢科技,76.29,71.22,79.7,68.88,72.21,5.6501869547154415,3631127,273821672.0
688261.SH,20260727,20260727 10:36:07,东微半导,69.97,69.8,71.7,67.08,70.2,-0.3276353276353339,2710577,188930653.0
688262.SH,20260727,20260727 10:36:06,国芯科技,25.01,24.5,25.3,23.7,24.5,2.0816326530612272,7048992,173829814.0
688265.SH,20260727,20260727 10:36:03,南模生物,33.59,31.4,34.2,31.4,32.05,4.8049921996880185,513706,17126500.0
688266.SH,20260727,20260727 10:36:07,泽璟制药,138.88,134.09,142.5,134.09,135.95,2.155204119161458,3164900,439224702.0
688267.SH,20260727,20260727 10:35:56,中触媒,17.27,16.56,17.36,16.17,16.54,4.413542926239433,2224960,37787778.0
688268.SH,20260727,20260727 10:36:07,华特气体,152.7,147.26,157.6,145.0,149.01,2.476343869538966,5001650,762899521.0
688269.SH,20260727,20260727 10:36:06,凯立新材,28.76,27.53,28.82,27.53,27.86,3.2304379038047504,463191,13128838.0
688270.SH,20260727,20260727 10:36:07,ST臻镭,63.4,61.18,63.9,61.18,61.51,3.0726711103885584,3225366,203068877.0
688271.SH,20260727,20260727 10:36:06,联影医疗,110.66,109.63,111.2,108.81,109.77,0.8107861893049018,1868419,205903493.0
688272.SH,20260727,20260727 10:36:08,富吉瑞,25.86,24.98,26.2,24.98,25.38,1.891252955082745,489422,12617750.0
688273.SH,20260727,20260727 10:36:06,麦澜德,30.29,29.01,30.68,28.09,28.5,6.280701754385953,1182812,35415665.0
688275.SH,20260727,20260727 10:36:06,万润新能,80.61,77.7,82.65,77.0,75.88,6.233526620980512,4246552,341345888.0
688276.SH,20260727,20260727 10:36:06,百克生物,14.26,13.93,14.33,13.6,13.92,2.4425287356321768,1048763,14794448.0
688277.SH,20260727,20260727 10:36:09,天智航,19.09,0.0,0.0,0.0,19.09,0.0,0,0.0
688278.SH,20260727,20260727 10:36:09,特宝生物,58.5,58.49,59.54,57.9,58.9,-0.6791171477079749,1614115,94616219.0
688279.SH,20260727,20260727 10:36:08,峰岹科技,164.06,164.5,166.94,158.02,163.37,0.42235416539144754,1081470,175848514.0
688280.SH,20260727,20260727 10:36:08,精进电动,4.68,4.37,4.71,4.36,4.37,7.093821510297471,7700481,35322560.0
688281.SH,20260727,20260727 10:36:08,华秦科技,45.81,44.45,46.19,43.9,44.59,2.7360394707333535,1450975,66149362.0
688282.SH,20260727,20260727 10:36:07,理工导航,50.55,49.1,50.98,48.51,49.6,1.9153225806451513,328743,16418724.0
688283.SH,20260727,20260727 10:36:05,坤恒顺维,25.15,24.12,25.25,24.12,24.41,3.031544448996315,506593,12640035.0
688285.SH,20260727,20260727 10:36:05,高铁电气,6.91,6.68,6.91,6.66,6.68,3.4431137724550975,1927993,13144351.0
688286.SH,20260727,20260727 10:36:08,敏芯股份,41.4,40.16,42.12,39.51,40.89,1.247248716067495,1778917,72987914.0
688288.SH,20260727,20260727 10:36:09,鸿泉技术,16.06,15.44,16.14,15.19,15.44,4.015544041450769,625506,9859615.0
688289.SH,20260727,20260727 10:36:03,圣湘生物,14.94,14.7,15.03,14.35,14.56,2.6098901098901006,2718624,40371541.0
688290.SH,20260727,20260727 10:36:05,景业智能,54.0,51.0,54.11,51.0,52.43,2.9944688155636,257538,13693508.0
688291.SH,20260727,20260727 10:36:06,金橙子,38.43,36.5,38.66,36.39,37.29,3.057119871279168,1325074,50099631.0
688292.SH,20260727,20260727 10:36:07,浩瀚深度,15.47,15.12,15.51,14.8,14.88,3.965053763440851,1044277,15930873.0
688293.SH,20260727,20260727 10:36:07,奥浦迈,54.76,52.87,55.8,50.35,52.87,3.574806128239083,2662179,144862082.0
688295.SH,20260727,20260727 10:36:08,中复神鹰,39.55,38.63,39.88,38.26,38.89,1.6970943687323103,2011907,79397332.0
688296.SH,20260727,20260727 10:36:08,和达科技,14.02,13.6,14.2,13.23,13.66,2.6354319180087904,1534121,21073783.0
688297.SH,20260727,20260727 10:36:09,中无人机,39.95,38.23,40.14,38.0,39.83,0.3012804418779824,4012729,157792659.0
688298.SH,20260727,20260727 10:36:08,东方生物,18.37,17.6,18.59,17.6,17.87,2.7979854504756485,781679,14261418.0
688299.SH,20260727,20260727 10:36:07,长阳科技,11.8,11.35,11.93,11.35,11.35,3.96475770925111,2444332,28590682.0
688300.SH,20260727,20260727 10:36:07,联瑞新材,125.01,124.21,128.5,120.94,123.5,1.2226720647773304,3859615,484508237.0
688301.SH,20260727,20260727 10:36:07,奕瑞科技,90.12,90.0,92.38,88.4,90.21,-0.09976720984368193,2759174,250085299.0
688302.SH,20260727,20260727 10:36:03,海创药业,34.91,33.78,35.55,33.78,34.23,1.98656149576395,673641,23453785.0
688303.SH,20260727,20260727 10:36:06,大全能源,16.96,16.8,17.01,16.65,16.72,1.435406698564612,2524529,42581204.0
688305.SH,20260727,20260727 10:36:07,科德数控,52.93,52.0,53.12,51.56,52.0,1.7884615384615277,771466,40611680.0
688306.SH,20260727,20260727 10:36:06,均普智能,8.42,8.2,8.49,8.2,8.24,2.1844660194174637,3996714,33569588.0
688307.SH,20260727,20260727 10:36:08,中润光学,42.81,43.0,44.07,41.5,42.71,0.2341372044017742,2226645,95154670.0
688308.SH,20260727,20260727 10:36:09,欧科亿,92.48,92.09,95.06,89.89,92.01,0.510814041951968,4521475,419509669.0
688309.SH,20260727,20260727 10:35:59,恒誉环保,64.35,65.88,65.95,62.1,65.2,-1.3036809815951012,984611,63235340.0
688310.SH,20260727,20260727 10:36:03,迈得医疗,13.55,13.51,13.78,13.11,13.44,0.8184523809523947,654329,8844771.0
688311.SH,20260727,20260727 10:36:09,盟升电子,21.98,21.19,22.07,20.86,21.18,3.7771482530689404,1737915,37699252.0
688312.SH,20260727,20260727 10:36:08,燕麦科技,44.65,43.91,46.14,43.38,44.18,1.0638297872340496,2047197,91479077.0
688313.SH,20260727,20260727 10:36:08,仕佳光子,112.02,111.48,115.36,109.0,111.58,0.39433590249149386,7843064,886199861.0
688314.SH,20260727,20260727 10:36:08,康拓医疗,30.9,29.4,31.17,29.07,29.57,4.497801826175163,634880,19492418.0
688315.SH,20260727,20260727 10:36:08,诺禾致源,12.25,11.88,12.39,11.8,11.94,2.59631490787271,1832126,22406285.0
688316.SH,20260727,20260727 10:36:07,青云科技,44.25,39.51,44.48,39.51,43.8,1.0273972602739878,806086,35135868.0
688317.SH,20260727,20260727 10:36:02,之江生物,15.51,15.07,15.56,14.96,15.09,2.783300198807148,914437,14030687.0
688318.SH,20260727,20260727 10:36:07,财富趋势,65.86,65.0,66.39,63.58,64.49,2.124360365948208,1485769,97252682.0
688319.SH,20260727,20260727 10:36:07,欧林生物,24.88,25.76,25.89,24.26,25.63,-2.9262582910651536,6233784,155573966.0
688320.SH,20260727,20260727 10:36:08,禾川科技,27.0,25.95,27.36,25.95,26.24,2.8963414634146423,1447989,38666808.0
688321.SH,20260727,20260727 10:36:08,微芯生物,28.77,28.02,29.31,27.66,28.2,2.021276595744692,8553275,244383541.0
688322.SH,20260727,20260727 10:36:07,奥比中光,88.86,87.0,90.89,86.2,87.57,1.4731072285029123,4348373,386253382.0
688323.SH,20260727,20260727 10:36:07,瑞华泰,25.45,24.93,25.96,23.92,24.7,3.0364372469635637,7509117,188338094.0
688325.SH,20260727,20260727 10:36:06,赛微微电,103.31,102.0,106.5,99.5,100.9,2.388503468780967,625219,64514870.0
688326.SH,20260727,20260727 10:35:56,经纬恒润,64.27,62.01,64.4,62.01,62.86,2.2430798600063584,454053,28990701.0
688327.SH,20260727,20260727 10:36:07,云从科技,10.14,9.75,10.19,9.75,9.85,2.9441624365482255,8534535,85548045.0
688328.SH,20260727,20260727 10:36:08,深科达,76.03,75.37,79.85,73.72,77.6,-2.0231958762886526,4567592,349643233.0
688329.SH,20260727,20260727 10:36:05,艾隆科技,16.59,15.97,16.68,15.83,15.97,3.8822792736380674,836988,13648616.0
688330.SH,20260727,20260727 10:36:07,宏力达,31.75,31.19,31.99,31.02,31.15,1.9261637239165408,388214,12263187.0
688331.SH,20260727,20260727 10:36:06,荣昌生物,121.7,117.9,125.39,116.5,119.0,2.268907563025202,3598753,436866694.0
688332.SH,20260727,20260727 10:36:06,中科蓝讯,82.62,84.25,85.29,80.8,84.15,-1.8181818181818188,1685017,139973099.0
688333.SH,20260727,20260727 10:36:08,铂力特,83.0,81.24,84.7,80.89,81.91,1.3307288487364177,4929691,407992908.0
688334.SH,20260727,20260727 10:36:06,西高院,17.76,17.47,17.78,17.46,17.47,1.6599885518031154,481264,8505888.0
688335.SH,20260727,20260727 10:36:08,复洁科技,19.22,18.55,19.33,18.55,18.62,3.2223415682062218,919068,17465076.0
688336.SH,20260727,20260727 10:36:08,三生国健,43.85,42.0,45.39,41.81,42.7,2.693208430913341,6329937,279035694.0
688337.SH,20260727,20260727 10:36:06,普源精电,40.91,40.0,42.18,39.51,40.34,1.4129895884977595,1651359,67564538.0
688338.SH,20260727,20260727 10:36:09,赛科希德,26.0,25.38,26.27,25.36,25.38,2.4428684003152235,282320,7307271.0
688339.SH,20260727,20260727 10:36:06,亿华通,16.74,16.07,16.76,16.07,16.12,3.8461538461538325,1392442,23011338.0
688343.SH,20260727,20260727 10:36:08,云天励飞,65.91,66.33,67.92,64.15,66.66,-1.125112511251125,6355674,419221086.0
688345.SH,20260727,20260727 10:36:08,博力威,44.67,41.0,44.99,41.0,41.51,7.6126234642254875,1128603,49302743.0
688347.SH,20260727,20260727 10:36:08,华虹宏力,301.5,319.06,327.0,291.0,329.9,-8.608669293725368,17682496,5431119475.0
688348.SH,20260727,20260727 10:36:07,昱能科技,30.43,29.47,30.48,29.47,29.77,2.216996976822294,778911,23400906.0
688349.SH,20260727,20260727 10:36:06,三一重能,14.42,14.0,14.56,13.95,14.15,1.90812720848057,3547853,50966064.0
688350.SH,20260727,20260727 10:36:07,富淼科技,27.22,24.73,28.01,24.73,24.88,9.405144694533751,2344102,62626072.0
688351.SH,20260727,20260727 10:36:07,微电生理,19.7,18.81,20.09,18.67,18.87,4.398516163222044,2636326,51735046.0
688352.SH,20260727,20260727 10:36:07,颀中科技,14.17,14.26,14.52,13.66,14.28,-0.770308123249297,9705870,137078074.0
688353.SH,20260727,20260727 10:36:07,华盛锂电,97.32,101.0,101.55,94.03,96.0,1.374999999999993,6358338,622224115.0
688355.SH,20260727,20260727 10:36:07,明志科技,15.62,15.06,15.7,15.06,15.08,3.5809018567639184,661670,10220782.0
688356.SH,20260727,20260727 10:36:07,键凯科技,76.01,72.79,77.87,71.68,72.79,4.4236845720565965,837398,63488727.0
688357.SH,20260727,20260727 10:36:05,建龙微纳,24.01,22.8,24.09,22.8,23.39,2.6507054296708077,231860,5519365.0
688358.SH,20260727,20260727 10:36:06,祥生医疗,26.49,26.12,26.72,26.01,26.11,1.4553810800459477,414661,10959360.0
688359.SH,20260727,20260727 10:36:06,三孚新科,105.35,104.0,107.99,98.22,102.06,3.2235939643346923,2486986,258195459.0
688360.SH,20260727,20260727 10:36:06,德马科技,13.91,13.42,13.99,13.25,13.43,3.5740878629932915,1503165,20667631.0
688361.SH,20260727,20260727 10:36:09,中科飞测,380.73,348.01,391.99,348.01,357.42,6.521739130434789,8356600,3127944616.0
688362.SH,20260727,20260727 10:36:08,甬矽电子,77.16,78.53,80.5,74.0,78.49,-1.6944833736781684,14214786,1102644694.0
688363.SH,20260727,20260727 10:36:08,华熙生物,37.3,36.18,37.48,36.01,36.33,2.6699697219928487,2492495,92182521.0
688365.SH,20260727,20260727 10:36:07,光云科技,13.22,12.75,13.32,12.51,12.65,4.505928853754937,4704711,61185094.0
688366.SH,20260727,20260727 10:36:00,昊海生科,30.71,29.92,30.97,29.08,29.56,3.890392422192157,620226,18946976.0
688367.SH,20260727,20260727 10:36:01,工大高科,25.1,24.52,25.22,24.0,24.4,2.868852459016402,838815,20703089.0
688368.SH,20260727,20260727 10:36:06,晶丰明源,123.98,120.65,126.7,119.11,119.5,3.748953974895408,2034084,250488800.0
688369.SH,20260727,20260727 10:36:08,致远互联,16.35,15.71,16.45,15.51,15.75,3.809523809523818,891413,14474536.0
688370.SH,20260727,20260727 10:36:07,丛麟科技,20.54,20.2,20.86,20.01,20.21,1.6328550222661997,304290,6252988.0
688371.SH,20260727,20260727 10:36:08,菲沃泰,25.36,25.29,26.26,24.41,25.28,0.31645569620253333,4907737,124684365.0
688372.SH,20260727,20260727 10:36:08,伟测科技,122.87,119.5,128.56,117.12,118.9,3.3389402859545836,5287329,651915462.0
688373.SH,20260727,20260727 10:36:03,盟科药业,4.75,4.5,4.82,4.48,4.53,4.856512141280356,10724727,50386260.0
688375.SH,20260727,20260727 10:36:06,国博电子,75.96,75.65,76.5,73.17,74.13,2.468636179684336,1543631,116209149.0
688376.SH,20260727,20260727 10:36:06,美埃科技,67.17,68.16,69.53,65.1,67.3,-0.19316493313520366,1416406,95310532.0
688377.SH,20260727,20260727 10:36:08,迪威尔,19.01,19.02,19.17,18.51,19.09,-0.41906757464640343,1068523,20177144.0
688378.SH,20260727,20260727 10:36:06,奥来德,39.12,38.31,39.76,37.1,38.16,2.515723270440251,4592353,177725758.0
688379.SH,20260727,20260727 10:36:09,华光新材,49.7,48.3,51.05,48.3,48.33,2.8346782536726733,1248778,62015760.0
688380.SH,20260727,20260727 10:36:07,中微半导,38.12,38.38,38.74,36.18,38.23,-0.28773214752811915,7311672,276165387.0
688381.SH,20260727,20260727 10:36:07,帝奥微,29.91,29.8,30.84,29.04,29.97,-0.2002002002001957,3305068,99416700.0
688382.SH,20260727,20260727 10:36:07,益方生物,24.04,23.8,24.8,23.33,23.81,0.9659806803864024,8499888,204338373.0
688383.SH,20260727,20260727 10:36:08,新益昌,106.0,99.5,108.96,99.49,103.1,2.812803103782735,1439136,151858704.0
688385.SH,20260727,20260727 10:36:07,复旦微电,50.7,50.18,51.49,48.8,50.51,0.3761631360126749,8052004,405414001.0
688386.SH,20260727,20260727 10:36:07,泛亚微透,54.0,51.0,55.31,49.0,49.31,9.511255323463796,3134500,165412675.0
688387.SH,20260727,20260727 10:36:08,信科移动,12.64,12.31,12.8,12.2,12.33,2.514193025141931,22444123,280367563.0
688388.SH,20260727,20260727 10:36:07,嘉元科技,24.76,24.4,25.37,24.24,24.26,2.06100577081616,14278808,354378763.0
688389.SH,20260727,20260727 10:36:05,普门科技,10.55,10.13,10.57,10.13,10.24,3.02734375,1093820,11419934.0
688390.SH,20260727,20260727 10:36:07,固德威,66.17,63.67,66.84,63.67,63.9,3.5524256651017216,4174295,274783530.0
688391.SH,20260727,20260727 10:36:09,钜泉科技,23.57,23.26,23.77,22.6,23.32,1.0720411663807994,693765,16182934.0
688392.SH,20260727,20260727 10:36:08,骄成超声,148.92,154.0,156.63,147.04,153.01,-2.6730279066727647,2254022,341418020.0
688393.SH,20260727,20260727 10:36:07,安必平,17.02,16.08,17.13,16.08,16.21,4.996915484268971,947368,15865138.0
688395.SH,20260727,20260727 10:36:06,正弦电气,19.44,18.69,19.53,18.64,18.76,3.6247334754797356,531930,10217720.0
688396.SH,20260727,20260727 10:36:06,华润微,60.0,60.29,61.16,58.0,60.4,-0.6622516556291314,8996134,537598378.0
688398.SH,20260727,20260727 10:36:09,赛特新材,20.05,18.67,20.37,18.49,19.05,5.249343832021003,1253910,24788846.0
688399.SH,20260727,20260727 10:36:06,硕世生物,27.63,26.34,27.81,26.14,26.27,5.1770079939094105,1000539,27212094.0
688400.SH,20260727,20260727 10:36:09,凌云光,42.73,41.99,43.34,41.22,41.91,1.9565736101169184,4070676,173121454.0
688401.SH,20260727,20260727 10:36:09,路维光电,65.47,65.78,67.53,63.5,66.26,-1.1922728644732983,2970916,194530276.0
688403.SH,20260727,20260727 10:36:08,汇成股份,24.41,25.06,25.75,23.35,25.05,-2.554890219560879,28117444,689016968.0
688408.SH,20260727,20260727 10:36:06,中信博,25.52,23.83,25.78,23.83,24.0,6.333333333333324,2997417,74782250.0
688409.SH,20260727,20260727 10:36:08,富创精密,186.88,188.0,196.98,177.76,187.0,-0.06417112299464955,4515891,848028392.0
688410.SH,20260727,20260727 10:36:07,山外山,9.52,9.35,9.7,9.31,9.4,1.2765957446808418,4795201,45885935.0
688411.SH,20260727,20260727 10:36:08,海博思创,197.6,195.0,198.93,192.87,192.68,2.5534565082001137,1220920,240115498.0
688416.SH,20260727,20260727 10:36:07,恒烁股份,67.66,68.0,70.28,64.11,68.18,-0.7626870049868173,3232056,218061807.0
688418.SH,20260727,20260727 10:36:09,震有科技,35.11,34.2,36.0,33.78,34.54,1.6502605674580284,2318817,81186685.0
688419.SH,20260727,20260727 10:36:07,耐科装备,39.8,39.93,40.75,37.51,39.6,0.5050505050504972,2034583,80635963.0
688420.SH,20260727,20260727 10:36:07,美腾科技,19.33,18.95,19.48,18.82,18.96,1.9514767932489407,253183,4868702.0
688425.SH,20260727,20260727 10:36:06,铁建重工,4.17,4.14,4.18,4.13,4.14,0.7246376811594235,5962663,24831001.0
688426.SH,20260727,20260727 10:36:09,康为世纪,15.49,14.76,15.6,14.76,14.95,3.6120401337792707,443366,6805253.0
688428.SH,20260727,20260727 10:36:06,诺诚健华,27.68,27.49,28.63,27.28,27.68,0.0,5884672,164213440.0
688429.SH,20260727,20260727 10:36:07,时创能源,9.06,8.81,9.07,8.74,8.78,3.1890660592255315,619383,5551655.0
688432.SH,20260727,20260727 10:36:08,有研硅,39.65,35.0,40.93,35.0,36.82,7.686040195545885,33980364,1289127500.0
688433.SH,20260727,20260727 10:36:06,华曙高科,78.03,75.47,78.6,74.21,75.03,3.998400639744104,1737494,133726277.0
688435.SH,20260727,20260727 10:36:07,英方软件,26.01,25.0,26.11,25.0,25.33,2.68456375838928,697846,17952999.0
688439.SH,20260727,20260727 10:36:03,振华风光,37.99,36.8,38.1,36.8,37.14,2.2886375875067255,814968,30621921.0
688443.SH,20260727,20260727 10:36:06,智翔金泰,23.92,23.44,24.5,23.3,23.35,2.441113490364022,2620325,62854361.0
688448.SH,20260727,20260727 10:36:06,磁谷科技,48.6,45.88,50.08,45.88,46.82,3.8017941050833004,1853855,90769611.0
688449.SH,20260727,20260727 10:36:06,联芸科技,55.13,54.58,56.15,52.35,54.53,1.1003117549972519,4136632,225962515.0
688450.SH,20260727,20260727 10:36:06,光格科技,28.65,27.49,28.94,27.0,27.77,3.168887288440758,923597,26073501.0
688455.SH,20260727,20260727 10:36:07,科捷智能,14.01,12.91,14.1,12.91,13.35,4.943820224719109,934017,12887173.0
688456.SH,20260727,20260727 10:36:08,有研粉材,75.73,74.98,77.87,72.8,74.54,1.5964582774349312,2738041,207352362.0
688458.SH,20260727,20260727 10:36:06,美芯晟,32.88,32.16,33.33,31.55,32.51,1.1381113503537543,875650,28655262.0
688459.SH,20260727,20260727 10:36:07,哈铁科技,7.96,7.87,8.0,7.87,7.91,0.6321112515802696,450622,3585420.0
688466.SH,20260727,20260727 10:36:08,金科环境,12.08,11.63,12.12,11.57,11.7,3.2478632478632585,716078,8559193.0
688468.SH,20260727,20260727 10:36:09,科美诊断,5.65,5.5,5.69,5.5,5.55,1.8018018018018056,1164686,6559928.0
688469.SH,20260727,20260727 10:36:06,芯联集成,7.47,7.4,7.57,7.28,7.44,0.40322580645160144,60942706,453184150.0
688472.SH,20260727,20260727 10:36:07,阿特斯,9.55,9.24,9.57,9.21,9.3,2.6881720430107503,19344613,182899967.0
688475.SH,20260727,20260727 10:36:08,萤石网络,28.59,28.02,28.99,27.82,27.95,2.28980322003578,6523528,186146274.0
688478.SH,20260727,20260727 10:36:06,晶升股份,43.86,43.9,45.39,41.08,43.7,0.3661327231121225,2235134,97704239.0
688479.SH,20260727,20260727 10:36:09,友车科技,27.29,26.72,27.58,26.64,27.0,1.0740740740740717,802073,21775991.0
688480.SH,20260727,20260727 10:36:07,赛恩斯,71.7,68.81,72.18,67.9,69.5,3.1654676258992875,352256,24952923.0
688484.SH,20260727,20260727 10:36:09,南芯科技,34.58,35.0,35.37,34.0,35.7,-3.1372549019607954,4681478,162468033.0
688485.SH,20260727,20260727 10:36:05,九州一轨,50.15,47.8,52.0,47.72,48.28,3.873239436619702,2073077,103804314.0
688486.SH,20260727,20260727 10:36:07,龙迅股份,43.48,43.5,44.04,41.9,43.49,-0.022993791676262365,2714095,117187819.0
688488.SH,20260727,20260727 10:36:09,艾迪药业,15.25,14.83,15.78,14.7,15.0,1.6666666666666607,4956242,76169705.0
688489.SH,20260727,20260727 10:35:59,三未信安,21.04,20.46,21.07,20.4,20.4,3.1372549019607954,379486,7916542.0
688496.SH,20260727,20260727 10:36:07,*ST清越,0.89,0.81,0.89,0.8,0.74,20.270270270270263,7692280,6731928.0
688498.SH,20260727,20260727 10:36:07,源杰科技,1430.6,1383.74,1490.0,1355.3,1390.0,2.920863309352506,2879224,4130747490.0
688499.SH,20260727,20260727 10:36:07,利元亨,34.04,32.14,34.19,32.14,32.62,4.353157572041688,1665313,55805105.0
688500.SH,20260727,20260727 10:36:09,慧辰股份,30.87,32.33,32.33,30.5,31.29,-1.342281879194629,1333865,41349860.0
688501.SH,20260727,20260727 10:36:06,青达环保,16.33,15.65,16.39,15.34,15.68,4.145408163265296,868885,13988527.0
688502.SH,20260727,20260727 10:36:07,茂莱光学,358.76,352.11,366.1,346.95,358.0,0.21229050279329975,597714,214137127.0
688503.SH,20260727,20260727 10:36:08,聚和材料,67.01,65.69,68.99,64.82,65.25,2.697318007662841,5153797,344558382.0
688505.SH,20260727,20260727 10:36:08,复旦张江,7.18,7.01,7.31,6.98,7.07,1.555869872701554,3228447,23185793.0
688506.SH,20260727,20260727 10:36:07,百利天恒,317.26,303.56,322.33,303.56,311.0,2.0128617363343926,788490,249260179.0
688507.SH,20260727,20260727 10:36:08,索辰科技,145.2,145.47,149.98,141.0,144.5,0.48442906574392985,1872738,273505816.0
688508.SH,20260727,20260727 10:36:08,芯朋微,68.21,70.0,71.11,66.5,67.69,0.7682080070911423,3899613,271233007.0
688509.SH,20260727,20260727 10:36:02,正元地信,3.81,3.7,3.83,3.66,3.7,2.972972972972965,1943663,7326290.0
688510.SH,20260727,20260727 10:36:08,航亚科技,20.52,20.15,20.75,19.88,19.93,2.960361264425493,2156242,43784922.0
688511.SH,20260727,20260727 10:36:04,天微电子,20.66,20.11,20.87,19.7,20.12,2.6838966202783254,850708,17268138.0
688512.SH,20260727,20260727 10:36:06,慧智微,11.25,11.01,11.44,10.77,11.16,0.8064516129032251,5484692,61012128.0
688513.SH,20260727,20260727 10:36:06,苑东生物,49.59,47.53,50.26,47.18,48.93,1.3488657265481319,1902473,92713430.0
688515.SH,20260727,20260727 10:36:08,裕太微,144.8,142.09,148.79,138.5,142.35,1.7211099402880237,2295989,330434987.0
688516.SH,20260727,20260727 10:36:08,奥特维,38.43,37.55,38.74,37.15,37.36,2.8640256959314714,3031441,115442823.0
688517.SH,20260727,20260727 10:36:04,金冠电气,14.8,14.62,14.89,14.55,14.62,1.2311901504788114,1069792,15786113.0
688518.SH,20260727,20260727 10:36:08,联赢激光,17.95,17.5,18.26,17.2,17.41,3.1016657093624334,5369921,95762834.0
688519.SH,20260727,20260727 10:36:06,南亚新材,228.09,226.0,239.5,222.0,223.66,1.9806849682553862,3075375,710214190.0
688520.SH,20260727,20260727 10:36:07,神州细胞,34.52,33.7,35.69,33.51,33.76,2.251184834123232,1848415,64142127.0
688521.SH,20260727,20260727 10:36:06,芯原股份,220.0,221.8,227.5,214.0,221.8,-0.8115419296663706,5473510,1213401619.0
688522.SH,20260727,20260727 10:36:08,纳睿雷达,18.46,18.0,18.53,17.93,18.05,2.2714681440443307,2120679,38854193.0
688523.SH,20260727,20260727 10:36:08,航天环宇,41.76,40.0,42.1,39.83,40.5,3.111111111111109,1925141,79416453.0
688525.SH,20260727,20260727 10:36:08,佰维存储,234.25,231.01,238.8,220.5,236.38,-0.9010914628987177,15688085,3627191986.0
688526.SH,20260727,20260727 10:36:08,科前生物,12.45,12.22,12.48,12.2,12.32,1.0551948051948035,303582,3771170.0
688528.SH,20260727,20260727 10:36:08,秦川物联,8.03,7.65,8.05,7.57,7.65,4.967320261437891,1937365,15196430.0
688529.SH,20260727,20260727 10:36:01,豪森智能,13.13,12.86,13.17,12.6,12.59,4.28911834789516,740193,9574600.0
688530.SH,20260727,20260727 10:36:08,欧莱新材,51.67,51.77,52.66,48.04,51.26,0.7998439328911422,3725938,190357217.0
688531.SH,20260727,20260727 10:36:06,日联科技,125.78,123.42,127.5,122.6,123.42,1.9121698266083342,2074700,260488064.0
688533.SH,20260727,20260727 10:35:55,上声电子,20.37,19.68,20.47,19.68,19.91,2.3103967855349072,395023,7981481.0
688535.SH,20260727,20260727 10:36:08,华海诚科,105.09,102.85,110.0,98.0,103.5,1.5362318840579814,5716597,599833577.0
688536.SH,20260727,20260727 10:36:06,思瑞浦,242.44,244.3,251.0,239.28,244.3,-0.7613589848546876,1773933,435907595.0
688538.SH,20260727,20260727 10:36:07,和辉光电,2.34,2.32,2.36,2.32,2.33,0.42918454935620964,21689600,50761683.0
688539.SH,20260727,20260727 10:36:06,高华科技,23.14,22.25,23.33,22.25,22.34,3.5810205908684,1140526,26115708.0
688543.SH,20260727,20260727 10:36:09,国科军工,37.14,36.0,37.25,35.61,37.04,0.26997840172786614,5598632,204979708.0
688545.SH,20260727,20260727 10:36:06,兴福电子,76.8,75.57,79.22,72.5,75.06,2.31814548361311,6707590,513514768.0
688548.SH,20260727,20260727 10:36:09,广钢气体,39.21,37.79,40.45,37.5,38.45,1.9765929778933655,24537440,959770855.0
688549.SH,20260727,20260727 10:36:07,中巨芯,24.9,22.88,26.18,22.58,23.61,5.463786531130865,69595216,1692086943.0
688550.SH,20260727,20260727 10:36:06,瑞联新材,40.34,41.21,42.06,40.03,41.3,-2.3244552058111267,2373703,97549059.0
688551.SH,20260727,20260727 10:36:06,科威尔,39.07,39.0,40.36,38.33,38.66,1.0605276771857408,1008739,39672275.0
688552.SH,20260727,20260727 10:36:07,航天南湖,25.7,23.52,25.95,23.42,23.9,7.531380753138084,4410003,110537211.0
688553.SH,20260727,20260727 10:36:06,汇宇制药,10.57,10.05,10.75,10.0,10.06,5.069582504970183,9355439,97612871.0
688556.SH,20260727,20260727 10:36:06,高测股份,7.97,7.82,8.03,7.7,7.73,3.1047865459249646,9095341,71696650.0
688557.SH,20260727,20260727 10:36:05,兰剑智能,18.24,17.56,18.35,17.39,17.56,3.8724373576309867,542522,9792954.0
688558.SH,20260727,20260727 10:36:08,国盛智科,25.69,24.7,25.8,24.64,24.94,3.0072173215717646,722631,18304833.0
688559.SH,20260727,20260727 10:36:08,海目星,44.92,42.01,46.39,41.82,41.8,7.464114832535906,8993110,397351859.0
688560.SH,20260727,20260727 10:36:07,明冠新材,10.84,10.48,10.89,10.4,10.43,3.9309683604985546,1586864,16959698.0
688561.SH,20260727,20260727 10:36:07,奇安信,24.38,23.97,24.76,23.61,24.0,1.5833333333333366,3441182,83835554.0
688562.SH,20260727,20260727 10:35:59,航天软件,13.28,12.86,13.32,12.86,12.91,2.865995352439965,1287275,16908937.0
688563.SH,20260727,20260727 10:36:07,航材股份,50.55,50.0,50.8,49.7,50.0,1.0999999999999899,668173,33595937.0
688565.SH,20260727,20260727 10:36:08,力源科技,9.78,9.83,9.98,9.55,9.95,-1.70854271356784,2052081,20013503.0
688566.SH,20260727,20260727 10:35:59,吉贝尔,23.78,23.31,24.0,23.04,23.1,2.9437229437229373,710908,16821975.0
688567.SH,20260727,20260727 10:36:09,孚能科技,9.54,9.21,9.57,9.21,9.2,3.6956521739130332,6144502,57924601.0
688568.SH,20260727,20260727 10:36:08,中科星图,33.06,32.03,33.32,32.03,32.35,2.1947449768160876,3678485,120607051.0
688569.SH,20260727,20260727 10:35:54,铁科轨道,16.0,15.68,16.05,15.68,15.77,1.4584654407102216,333662,5323494.0
688570.SH,20260727,20260727 10:36:00,天玛智控,14.3,13.92,14.31,13.91,13.98,2.2889842632331847,255914,3639409.0
688571.SH,20260727,20260727 10:36:08,杭华股份,7.05,6.79,7.09,6.72,6.79,3.8291605301914444,3357074,23297957.0
688573.SH,20260727,20260727 10:36:09,信宇人,14.35,13.66,14.57,13.66,13.66,5.051244509516839,1151170,16347450.0
688575.SH,20260727,20260727 10:36:06,亚辉龙,8.73,8.46,8.78,8.41,8.52,2.464788732394374,3496005,30265180.0
688576.SH,20260727,20260727 10:36:06,西山科技,36.3,35.57,36.63,35.0,35.57,2.0522912566769635,280478,10057815.0
688577.SH,20260727,20260727 10:36:05,浙海德曼,38.68,38.99,39.61,38.63,39.0,-0.8205128205128198,606993,23693832.0
688578.SH,20260727,20260727 10:36:07,艾力斯,119.9,118.91,123.96,118.11,119.24,0.5535055350553542,4838600,586024885.0
688579.SH,20260727,20260727 10:36:05,地纬智能,7.3,7.15,7.34,7.08,7.18,1.671309192200554,1778715,12916262.0
688580.SH,20260727,20260727 10:36:09,伟思医疗,49.18,44.72,49.85,44.72,45.26,8.661069376933273,1597480,76957295.0
688581.SH,20260727,20260727 10:36:08,安杰思,50.7,50.01,51.5,49.69,50.26,0.8754476721050564,144892,7337426.0
688582.SH,20260727,20260727 10:36:07,芯动联科,37.39,37.27,37.92,36.49,36.61,2.130565419284358,2310961,86119777.0
688583.SH,20260727,20260727 10:36:06,思看科技,73.02,70.84,73.48,70.3,71.06,2.758232479594702,519093,37357610.0
688584.SH,20260727,20260727 10:36:09,上海合晶,29.02,28.26,30.2,27.22,29.09,-0.24063251976624844,11844345,339775771.0
688585.SH,20260727,20260727 10:36:07,上纬新材,113.4,99.48,115.0,99.48,113.4,0.0,3668166,393058557.0
688586.SH,20260727,20260727 10:36:07,江航装备,9.97,9.7,10.01,9.7,9.86,1.1156186612576224,3129286,30959698.0
688588.SH,20260727,20260727 10:36:07,凌志软件,8.57,8.36,8.6,8.23,8.35,2.6347305389221587,1681574,14223609.0
688589.SH,20260727,20260727 10:36:09,力合微,16.54,16.32,16.84,16.0,16.4,0.8536585365853666,1727767,28376453.0
688590.SH,20260727,20260727 10:36:07,新致软件,11.31,10.95,11.4,10.92,10.99,2.91173794358508,1765367,19833680.0
688591.SH,20260727,20260727 10:36:05,泰凌微,27.15,26.61,27.39,25.81,27.02,0.48112509252404845,2794703,74688719.0
688592.SH,20260727,20260727 10:36:08,司南导航,21.28,20.99,21.4,20.6,21.1,0.8530805687203769,227297,4804240.0
688593.SH,20260727,20260727 10:36:08,新相微,28.26,28.47,29.47,27.09,28.75,-1.7043478260869493,11528828,325445547.0
688595.SH,20260727,20260727 10:36:06,芯海科技,27.78,26.15,28.22,26.0,26.15,6.23326959847037,3486596,95451217.0
688596.SH,20260727,20260727 10:36:06,正帆科技,49.78,48.46,50.9,46.33,48.38,2.8937577511368273,21498408,1052756383.0
688597.SH,20260727,20260727 10:36:06,煜邦电力,5.93,5.6,6.05,5.6,5.77,2.772963604852685,2436025,14398118.0
688598.SH,20260727,20260727 10:36:08,金博股份,27.37,27.06,27.83,26.22,26.67,2.6246719160105014,5138482,138802908.0
688599.SH,20260727,20260727 10:36:08,天合光能,13.03,12.78,13.07,12.75,12.72,2.4371069182389737,10558875,136447473.0
688600.SH,20260727,20260727 10:36:08,皖仪科技,22.73,22.46,23.13,22.0,22.31,1.8825638727028249,725318,16379712.0
688601.SH,20260727,20260727 10:36:08,力芯微,38.28,37.41,38.76,36.51,37.71,1.511535401750197,1706823,64459014.0
688602.SH,20260727,20260727 10:36:09,康鹏科技,6.08,5.99,6.13,5.91,5.96,2.0134228187919545,2710627,16438520.0
688603.SH,20260727,20260727 10:36:06,天承科技,98.8,97.53,100.7,94.57,97.08,1.7717346518335342,1852947,182128720.0
688605.SH,20260727,20260727 10:36:09,先锋精科,70.82,70.0,73.97,68.27,70.8,0.028248587570622874,3130143,223554993.0
688606.SH,20260727,20260727 10:35:51,奥泰生物,43.18,41.95,43.18,41.85,41.95,2.9320619785458746,160141,6850820.0
688607.SH,20260727,20260727 10:36:07,康众医疗,36.72,34.65,37.21,34.46,34.87,5.30542013191857,1215416,44017611.0
688608.SH,20260727,20260727 10:36:08,恒玄科技,121.7,121.0,123.49,115.58,123.28,-1.2816353017521043,3291083,396087986.0
688609.SH,20260727,20260727 10:36:08,九联科技,8.93,8.7,9.02,8.68,8.78,1.7084282460136713,5109601,45417340.0
688610.SH,20260727,20260727 10:36:08,埃科光电,150.27,154.21,156.26,145.0,151.19,-0.608505853561736,1005427,152456061.0
688611.SH,20260727,20260727 10:36:08,杭州柯林,56.46,55.39,57.4,53.11,55.52,1.6930835734870309,556611,31075880.0
688612.SH,20260727,20260727 10:36:06,威迈斯,28.3,28.19,28.67,28.15,28.47,-0.5971197752019597,1308385,37178799.0
688613.SH,20260727,20260727 10:36:09,奥精医疗,13.62,13.26,13.71,13.01,13.11,3.89016018306636,1542956,20816182.0
688615.SH,20260727,20260727 10:36:06,合合信息,91.91,90.63,92.49,88.86,91.02,0.9778070753680534,1445611,132087664.0
688616.SH,20260727,20260727 10:36:08,西力科技,9.62,9.4,9.68,9.26,9.39,2.449414270500516,900450,8627190.0
688617.SH,20260727,20260727 10:36:01,惠泰医疗,205.8,205.0,210.0,203.46,207.5,-0.8192771084337247,453045,93868360.0
688618.SH,20260727,20260727 10:36:08,三旺通信,28.07,28.0,28.8,27.14,28.05,0.07130124777183777,1764607,49265843.0
688619.SH,20260727,20260727 10:36:04,罗普特,12.92,13.01,13.04,12.5,12.85,0.5447470817120603,1404312,18046113.0
688620.SH,20260727,20260727 10:36:07,安凯微,14.91,14.88,15.15,14.3,15.1,-1.2582781456953573,9205267,136619586.0
688621.SH,20260727,20260727 10:36:07,阳光诺和,56.54,55.99,57.77,54.5,55.22,2.39043824701195,1739880,97772501.0
688622.SH,20260727,20260727 10:36:08,*ST禾信,101.88,104.86,104.86,99.01,101.93,-0.04905327185323882,541480,55027066.0
688623.SH,20260727,20260727 10:36:02,双元科技,60.89,60.37,61.3,59.55,60.07,1.3650740802397143,171309,10402791.0
688625.SH,20260727,20260727 10:36:09,呈和科技,54.71,55.9,56.98,54.52,54.64,0.12811127379208642,1431563,79656806.0
688626.SH,20260727,20260727 10:36:08,翔宇医疗,42.64,39.5,43.22,39.3,39.61,7.64958343852562,3262150,136922950.0
688627.SH,20260727,20260727 10:36:07,精智达,493.0,499.0,522.7,485.0,496.25,-0.6549118387909281,3065534,1541008508.0
688628.SH,20260727,20260727 10:36:07,优利德,63.93,62.8,65.26,61.64,63.03,1.4278914802474896,1898034,121680407.0
688629.SH,20260727,20260727 10:36:06,华丰科技,149.52,150.0,154.5,145.5,153.52,-2.605523710265767,8662031,1305946484.0
688630.SH,20260727,20260727 10:36:09,芯碁微装,399.21,404.8,415.0,390.0,408.8,-2.3458904109589174,3116181,1250390570.0
688631.SH,20260727,20260727 10:36:02,莱斯信息,39.17,37.98,39.39,37.49,37.98,3.1332280147446046,677885,26354143.0
688633.SH,20260727,20260727 10:36:08,星球石墨,21.71,20.68,21.75,20.66,20.86,4.074784276126575,2028603,43276872.0
688636.SH,20260727,20260727 10:36:08,智明达,17.44,16.99,17.55,16.5,16.79,3.8713519952352726,7152560,122963715.0
688638.SH,20260727,20260727 10:36:03,誉辰智能,27.76,26.5,27.85,26.5,26.34,5.391040242976475,292418,7994438.0
688639.SH,20260727,20260727 10:36:05,华恒生物,16.4,15.31,16.68,15.3,15.46,6.0802069857697205,4540436,73591974.0
688646.SH,20260727,20260727 10:36:00,ST逸飞,61.48,60.45,63.58,60.45,61.6,-0.1948051948052032,490058,30460745.0
688648.SH,20260727,20260727 10:36:07,中邮科技,29.19,28.26,29.32,27.72,28.07,3.990024937655856,696117,20024694.0
688651.SH,20260727,20260727 10:36:07,盛邦安全,20.33,19.5,20.36,19.03,19.5,4.256410256410237,618065,12370894.0
688652.SH,20260727,20260727 10:36:07,京仪装备,149.6,152.89,155.81,143.0,150.64,-0.6903876792352603,3812785,570502717.0
688653.SH,20260727,20260727 10:36:07,康希通信,11.03,10.89,11.14,10.51,10.91,1.0999083409715782,6160093,67130896.0
688655.SH,20260727,20260727 10:36:06,迅捷兴,31.31,30.71,32.6,29.81,30.52,2.588466579292259,3673872,115037866.0
688656.SH,20260727,20260727 10:36:05,浩欧博,82.23,78.77,82.62,78.02,79.04,4.035931174089069,365046,29562938.0
688657.SH,20260727,20260727 10:36:08,浩辰软件,27.1,26.51,27.99,26.45,26.78,1.1949215832711024,1079861,29547031.0
688658.SH,20260727,20260727 10:36:07,悦康药业,11.98,11.75,12.18,11.29,11.42,4.903677758318747,9367916,111089552.0
688659.SH,20260727,20260727 10:36:08,元琛科技,8.31,8.0,8.36,7.99,8.05,3.2298136645962705,1441948,11875273.0
688660.SH,20260727,20260727 10:36:07,电气风电,7.84,7.69,7.85,7.51,7.69,1.950585175552666,8085894,62274549.0
688661.SH,20260727,20260727 10:36:08,和林微纳,87.96,90.3,91.0,86.0,89.7,-1.9397993311036865,2258634,200130809.0
688662.SH,20260727,20260727 10:36:08,富信科技,77.0,76.0,78.99,74.06,76.0,1.3157894736842035,3735236,286578276.0
688663.SH,20260727,20260727 10:36:07,DR新风光,55.01,48.67,55.98,47.37,48.67,13.02650503390177,6147238,325132955.0
688665.SH,20260727,20260727 10:36:08,四方光电,42.76,41.9,43.62,41.83,42.4,0.8490566037735903,163896,6991326.0
688667.SH,20260727,20260727 10:36:08,菱电电控,86.93,86.54,89.15,85.2,86.7,0.26528258362168433,285608,24886715.0
688668.SH,20260727,20260727 10:36:07,鼎通科技,223.51,222.83,229.7,219.03,222.6,0.40880503144653524,2096947,473983521.0
688669.SH,20260727,20260727 10:36:08,聚石化学,68.29,68.51,70.97,66.65,68.51,-0.3211210042329604,1644661,114110554.0
688670.SH,20260727,20260727 10:36:02,金迪克,13.6,12.97,13.65,12.97,12.97,4.857363145720894,637126,8506696.0
688671.SH,20260727,20260727 10:36:03,碧兴物联,20.13,18.85,20.5,18.81,18.91,6.451612903225801,980047,19268517.0
688676.SH,20260727,20260727 10:36:08,金盘科技,70.5,68.26,71.19,67.0,68.21,3.3572789913502543,5894508,407979284.0
688677.SH,20260727,20260727 10:36:07,海泰新光,73.52,73.76,73.98,70.39,72.82,0.9612743751716613,1419150,102924155.0
688678.SH,20260727,20260727 10:36:07,福立旺,16.35,15.84,16.5,15.68,15.94,2.5721455457967446,4482673,72274873.0
688679.SH,20260727,20260727 10:36:08,通源环境,36.29,35.98,37.99,33.09,35.53,2.1390374331550666,4042807,144050832.0
688680.SH,20260727,20260727 10:36:07,海优新材,33.86,32.73,33.97,32.48,32.68,3.6107711138310794,592851,19826431.0
688681.SH,20260727,20260727 10:36:07,科汇股份,14.45,14.16,14.55,13.9,14.02,3.0670470756062773,866752,12439199.0
688682.SH,20260727,20260727 10:36:09,霍莱沃,29.06,27.68,29.19,27.05,27.88,4.23242467718794,636084,18196686.0
688683.SH,20260727,20260727 10:36:09,莱尔科技,30.11,28.53,30.44,27.97,28.2,6.773049645390072,1421948,42171514.0
688685.SH,20260727,20260727 10:36:09,迈信林,38.18,34.36,38.58,34.0,34.26,11.441914769410388,3586322,130901610.0
688686.SH,20260727,20260727 10:36:08,奥普特,110.63,109.2,112.86,107.0,106.84,3.5473605391239227,964312,105710544.0
688687.SH,20260727,20260727 10:36:03,凯因科技,15.54,15.01,15.61,15.01,15.03,3.3932135728542923,1297275,20013529.0
688689.SH,20260727,20260727 10:36:09,银河微电,36.71,36.15,37.54,35.28,36.79,-0.2174503941288375,3653789,133452068.0
688690.SH,20260727,20260727 10:36:08,纳微科技,35.24,34.58,35.92,34.58,35.21,0.08520306731043537,4674384,165036312.0
688691.SH,20260727,20260727 10:36:08,灿芯股份,66.18,66.11,67.99,64.5,66.83,-0.9726170881340535,2083960,138448252.0
688692.SH,20260727,20260727 10:36:08,达梦数据,209.01,204.0,210.86,202.4,205.51,1.7030801420855335,493071,102051595.0
688693.SH,20260727,20260727 10:36:07,锴威特,60.27,60.38,61.84,57.95,59.8,0.7859531772575368,909475,54753756.0
688695.SH,20260727,20260727 10:36:05,中创股份,16.49,15.95,16.54,15.8,15.96,3.320802005012524,548099,8930483.0
688696.SH,20260727,20260727 10:35:56,极米科技,62.17,61.03,62.36,60.0,60.6,2.5907590759076005,339950,20996130.0
688697.SH,20260727,20260727 10:36:04,纽威数控,11.7,11.42,11.96,11.3,11.43,2.3622047244094446,4217505,49480603.0
688698.SH,20260727,20260727 10:36:09,伟创电气,43.58,42.11,43.93,42.11,42.11,3.4908572785561587,1579792,68304987.0
688699.SH,20260727,20260727 10:36:10,明微电子,49.01,48.77,50.16,46.8,49.6,-1.1895161290322642,1612964,78406992.0
688700.SH,20260727,20260727 10:36:09,东威科技,58.7,59.21,59.95,56.12,58.48,0.3761969904240825,9074040,528540150.0
688701.SH,20260727,20260727 10:36:09,卓锦股份,6.49,6.11,6.54,6.11,6.24,4.006410256410264,1259776,8103436.0
688702.SH,20260727,20260727 10:36:07,盛科通信,374.19,387.73,408.0,373.8,390.78,-4.24535544296023,5908515,2298640404.0
688707.SH,20260727,20260727 10:36:09,振华新材,10.17,9.8,10.19,9.79,9.71,4.737384140061773,3942779,39530289.0
688708.SH,20260727,20260727 10:36:06,佳驰科技,46.1,44.2,46.45,44.2,44.7,3.1319910514541416,588557,26830138.0
688709.SH,20260727,20260727 10:36:07,成都华微,27.96,23.3,27.96,23.06,23.3,19.999999999999996,11307166,295007682.0
688710.SH,20260727,20260727 10:36:09,益诺思,76.76,74.48,81.22,74.48,76.9,-0.18205461638491904,1595380,124731127.0
688711.SH,20260727,20260727 10:36:08,宏微科技,22.96,22.55,23.27,22.2,22.68,1.2345679012345734,3125940,71335634.0
688716.SH,20260727,20260727 10:36:09,中研股份,25.74,24.73,25.95,24.7,24.7,4.210526315789465,953617,24279746.0
688717.SH,20260727,20260727 10:36:07,艾罗能源,56.77,56.44,57.3,56.01,56.08,1.230385164051362,3261770,184947163.0
688718.SH,20260727,20260727 10:36:04,唯赛勃,12.12,11.55,12.19,11.55,11.63,4.2132416165090225,951330,11346932.0
688719.SH,20260727,20260727 10:36:07,爱科赛博,47.78,47.73,48.79,46.0,47.26,1.10029623360135,1062960,50965743.0
688720.SH,20260727,20260727 10:36:09,艾森股份,65.89,65.5,67.67,62.06,65.23,1.0118043844856706,3352952,217937964.0
688721.SH,20260727,20260727 10:36:07,龙图光罩,37.35,36.97,38.19,35.7,37.0,0.9459459459459474,1428612,52899794.0
688722.SH,20260727,20260727 10:36:09,同益中,13.34,13.0,13.39,13.0,13.0,2.6153846153846194,1150349,15230211.0
688726.SH,20260727,20260727 10:36:09,拉普拉斯,38.39,37.38,38.75,37.2,37.32,2.8670953912111496,3298434,125175477.0
688727.SH,20260727,20260727 10:36:09,恒坤新材,43.45,42.8,44.2,41.21,42.71,1.7326153125731825,2260142,97087477.0
688728.SH,20260727,20260727 10:36:08,格科微,16.45,16.65,16.98,15.58,16.4,0.3048780487804992,23861063,390704515.0
688729.SH,20260727,20260727 10:36:08,屹唐股份,28.67,27.53,29.65,26.5,28.3,1.3074204946996515,29827701,853661788.0
688733.SH,20260727,20260727 10:36:08,壹石通,25.7,24.78,26.09,24.74,25.22,1.9032513877874635,2439599,62262134.0
688737.SH,20260727,20260727 10:35:55,中自科技,16.82,16.43,16.99,16.1,16.13,4.277743335399875,789829,13099602.0
688739.SH,20260727,20260727 10:36:07,成大生物,19.57,19.0,19.66,18.97,19.26,1.6095534787123444,1081073,20885391.0
688750.SH,20260727,20260727 10:36:03,金天钛业,13.94,13.74,13.99,13.64,13.63,2.2743947175348334,789179,10931242.0
688755.SH,20260727,20260727 10:36:02,汉邦科技,22.99,22.1,23.18,22.02,22.12,3.9330922242314603,501051,11375663.0
688757.SH,20260727,20260727 10:36:07,胜科纳米,31.32,31.27,32.05,29.95,31.08,0.7722007722007707,4099290,127949338.0
688758.SH,20260727,20260727 10:36:10,赛分科技,24.52,24.58,25.58,24.11,24.83,-1.2484897301651143,5462674,135297362.0
688759.SH,20260727,20260727 10:36:07,必贝特,29.06,30.91,30.99,28.5,30.83,-5.74116120661693,3142472,92592497.0
688765.SH,20260727,20260727 10:36:10,禾元生物,45.67,44.27,46.57,44.27,45.0,1.4888888888888951,786713,35964673.0
688766.SH,20260727,20260727 10:36:10,普冉股份,361.71,384.02,398.46,348.0,389.64,-7.168155220203265,8474487,3107155160.0
688767.SH,20260727,20260727 10:36:08,博拓生物,34.84,33.49,35.63,32.87,33.6,3.6904761904761996,1830187,62960142.0
688768.SH,20260727,20260727 10:36:07,容知日新,41.75,40.87,42.8,39.8,40.79,2.353518019122336,529406,22242113.0
688772.SH,20260727,20260727 10:36:09,珠海冠宇,14.13,13.66,14.22,13.64,13.63,3.668378576669107,8528553,118834816.0
688775.SH,20260727,20260727 10:36:09,影石创新,130.8,124.0,133.83,122.0,122.8,6.514657980456029,3333004,434407135.0
688776.SH,20260727,20260727 10:36:07,国光电气,46.26,43.37,46.5,43.37,44.87,3.0978381992422532,850398,38750869.0
688777.SH,20260727,20260727 10:36:08,中控技术,83.65,83.37,84.88,81.05,81.9,2.136752136752129,6467726,538909703.0
688778.SH,20260727,20260727 10:36:07,厦钨新能,45.1,44.15,45.4,43.81,43.8,2.9680365296803846,2836313,126592406.0
688779.SH,20260727,20260727 10:36:08,五矿新能,7.27,7.02,7.28,6.91,7.01,3.708987161198296,15974473,114432288.0
688783.SH,20260727,20260727 10:36:07,西安奕材,34.49,34.37,35.57,32.71,34.42,0.20337013364322143,9521150,326277162.0
688786.SH,20260727,20260727 10:36:07,悦安新材,26.8,27.19,27.29,25.82,26.66,0.5251312828207011,1679483,44871894.0
688787.SH,20260727,20260727 10:36:07,海天瑞声,97.17,89.34,97.88,89.33,91.25,6.487671232876724,2358571,220197775.0
688788.SH,20260727,20260727 10:36:07,科思科技,28.34,27.33,28.67,27.33,27.62,2.606806661839234,1216412,34221786.0
688789.SH,20260727,20260727 10:36:09,宏华数科,44.13,43.07,44.84,43.07,43.69,1.0070954451819825,685759,30387948.0
688790.SH,20260727,20260727 10:36:03,昂瑞微,89.73,88.29,89.96,86.37,88.29,1.6309887869520923,142599,12670383.0
688793.SH,20260727,20260727 10:36:08,倍轻松,16.66,14.71,17.16,14.56,14.64,13.797814207650273,2852577,46549495.0
688795.SH,20260727,20260727 10:36:09,摩尔线程,593.79,595.98,600.62,579.0,600.01,-1.036649389176847,638628,376799449.0
688796.SH,20260727,20260727 10:36:09,百奥赛图,133.07,124.0,136.1,124.0,127.75,4.164383561643836,1474459,194141612.0
688798.SH,20260727,20260727 10:36:07,艾为电子,54.96,54.01,55.4,53.22,54.4,1.0294117647058787,1175672,64039451.0
688799.SH,20260727,20260727 10:36:10,华纳药厂,45.71,44.44,46.98,44.4,44.74,2.1680822530174337,1247169,57428474.0
688800.SH,20260727,20260727 10:36:07,瑞可达,59.1,60.0,61.18,58.32,59.2,-0.16891891891892552,3494381,208346670.0
688802.SH,20260727,20260727 10:36:09,沐曦股份,796.53,796.0,820.0,781.0,821.61,-3.052543177419953,632969,506091300.0
688805.SH,20260727,20260727 10:36:08,健信超导,39.8,40.99,40.99,39.16,40.16,-0.8964143426294813,726096,28912514.0
688807.SH,20260727,20260727 10:36:07,优迅股份,254.01,254.57,257.5,242.92,251.3,1.0783923597293965,503894,127367227.0
688809.SH,20260727,20260727 10:36:09,强一股份,440.82,435.06,463.0,425.0,440.8,0.004537205081667217,1406688,629551200.0
688819.SH,20260727,20260727 10:36:08,天能股份,21.8,21.27,21.88,21.21,21.28,2.443609022556381,1523994,32942880.0
688981.SH,20260727,20260727 10:36:07,中芯国际,140.14,145.69,146.05,136.81,143.73,-2.4977388158352487,31115903,4366670533.0
920000.BJ,20260727,20260727 10:36:08,安徽凤凰,13.37,14.0,14.01,13.06,14.18,-5.7122708039492265,1662618,22260223.34
920001.BJ,20260727,20260727 10:36:08,纬达光电,11.01,10.7,11.16,10.7,10.7,2.8971962616822555,642047,7044699.35
920002.BJ,20260727,20260727 10:36:08,万达轴承,48.04,47.0,48.3,47.0,47.0,2.212765957446816,340502,16316241.17
920003.BJ,20260727,20260727 10:36:08,中诚咨询,16.01,15.76,16.11,15.67,15.76,1.586294416243672,84132,1346134.69
920005.BJ,20260727,20260727 10:36:08,鼎佳精密,22.99,23.3,23.3,22.8,23.23,-1.033146792940176,114149,2625752.14
920006.BJ,20260727,20260727 10:36:08,晟楠科技,16.28,15.21,16.5,15.21,16.42,-0.8526187576126665,2263200,35851733.9
920007.BJ,20260727,20260727 10:36:08,酉立智能,33.25,32.78,33.6,32.55,32.86,1.186853317102865,26966,895149.36
920008.BJ,20260727,20260727 10:36:08,成电光信,18.47,17.5,18.68,17.47,18.56,-0.4849137931034475,610470,11061753.52
920009.BJ,20260727,20260727 10:36:08,丹娜生物,33.47,32.8,33.84,32.33,33.16,0.9348612786489907,109359,3637457.27
920010.BJ,20260727,20260727 10:36:08,凯添燃气,8.1,7.99,8.15,7.84,8.66,-6.46651270207853,5049610,40291865.85
920014.BJ,20260727,20260727 10:36:08,特瑞斯,8.83,8.81,8.97,8.65,9.48,-6.856540084388185,3328298,29266817.32
920015.BJ,20260727,20260727 10:36:08,锦华新材,46.6,46.0,47.44,44.5,46.81,-0.4486220892971571,1214803,55601711.82
920016.BJ,20260727,20260727 10:36:08,中草香料,11.61,11.4,11.74,11.35,11.4,1.8421052631578894,170020,1971358.42
920017.BJ,20260727,20260727 10:36:08,星昊医药,16.23,15.92,16.28,15.81,15.85,2.3974763406940047,614510,9918719.42
920018.BJ,20260727,20260727 10:36:08,宏远股份,15.29,14.7,15.55,14.65,15.26,0.1965923984272644,2085072,31689819.74
920019.BJ,20260727,20260727 10:36:08,铜冠矿建,13.6,13.54,13.66,13.22,13.4,1.4925373134328401,736155,9953040.19
920020.BJ,20260727,20260727 10:36:08,泰凯英,15.28,15.1,15.31,15.01,15.25,0.19672131147541183,94499,1432684.14
920021.BJ,20260727,20260727 10:36:08,流金科技,6.09,5.98,6.11,5.87,5.93,2.6981450252951067,3177072,19145282.45
920022.BJ,20260727,20260727 10:36:08,世昌股份,18.31,18.07,18.32,17.75,18.15,0.8815426997245135,50409,914212.6
920023.BJ,20260727,20260727 10:36:08,*ST田野,1.67,1.63,1.69,1.63,1.63,2.4539877300613577,2111048,3509016.56
920026.BJ,20260727,20260727 10:36:08,卓兆点胶,16.26,15.72,16.37,15.6,15.72,3.435114503816794,314866,5064993.39
920027.BJ,20260727,20260727 10:36:08,交大铁发,10.69,10.43,10.75,10.43,10.62,0.6591337099811634,302446,3224613.5
920029.BJ,20260727,20260727 10:36:08,开发科技,31.11,30.6,31.38,30.6,30.76,1.1378413524057107,310673,9642884.06
920030.BJ,20260727,20260727 10:36:08,德众汽车,4.2,4.17,4.23,4.08,4.11,2.1897810218977964,442139,1853560.51
920033.BJ,20260727,20260727 10:36:08,康普化学,13.29,13.21,13.48,13.11,13.09,1.5278838808250539,233599,3111693.54
920035.BJ,20260727,20260727 10:36:08,精创电气,22.36,22.57,22.68,22.14,22.13,1.0393131495707308,143420,3216292.66
920037.BJ,20260727,20260727 10:36:08,广信科技,37.09,36.99,37.4,36.59,36.81,0.760662863352346,339347,12598424.78
920039.BJ,20260727,20260727 10:36:08,国义招标,7.27,7.11,7.33,7.11,7.14,1.8207282913165201,228086,1649895.18
920045.BJ,20260727,20260727 10:36:08,蘅东光,291.72,280.0,294.0,280.0,284.52,2.5305778152678426,290740,84067307.19
920046.BJ,20260727,20260727 10:36:08,亿能电力,21.2,20.27,21.99,20.27,21.6,-1.85185185185186,2830202,59948724.88
920047.BJ,20260727,20260727 10:36:08,诺思兰德,17.16,16.87,17.27,16.5,16.63,3.187011425135311,2122482,36221285.82
920050.BJ,20260727,20260727 10:36:08,爱伦医疗,25.98,25.8,25.98,25.4,25.67,1.2076353720295918,50657,1303553.59
920056.BJ,20260727,20260727 10:36:08,能之光,15.44,15.17,15.44,15.02,15.15,1.9141914191419085,91633,1403664.95
920057.BJ,20260727,20260727 10:36:08,百甲科技,4.63,4.56,4.66,4.51,4.5,2.8888888888888964,517388,2384965.2
920058.BJ,20260727,20260727 10:36:08,华洋赛车,25.59,24.34,25.6,24.12,24.59,4.066693777958519,525563,13015584.66
920060.BJ,20260727,20260727 10:36:08,万源通,20.7,20.04,20.9,20.04,20.04,3.293413173652704,826959,17044518.87
920061.BJ,20260727,20260727 10:36:08,西磁科技,15.92,15.64,16.06,15.64,15.81,0.6957621758380661,191618,3042042.59
920062.BJ,20260727,20260727 10:36:08,科润智控,7.32,7.16,7.37,7.16,7.29,0.4115226337448652,1105239,8072684.91
920066.BJ,20260727,20260727 10:36:08,科拜尔,15.82,15.55,15.92,15.11,15.55,1.7363344051446905,52723,825730.62
920068.BJ,20260727,20260727 10:36:08,天工股份,14.17,13.9,14.26,13.88,14.04,0.92592592592593,415553,5871837.56
920075.BJ,20260727,20260727 10:36:08,柏星龙,14.14,13.71,14.21,13.44,13.74,2.911208151382816,254738,3559968.47
920076.BJ,20260727,20260727 10:36:08,国亮新材,12.0,11.9,12.05,11.7,11.9,0.8403361344537785,170931,2046691.38
920077.BJ,20260727,20260727 10:36:08,吉林碳谷,13.38,13.26,13.46,13.13,13.15,1.7490494296577896,1189601,15869749.51
920080.BJ,20260727,20260727 10:36:08,奥美森,19.98,19.5,20.09,19.5,19.8,0.9090909090909038,63355,1261101.74
920082.BJ,20260727,20260727 10:36:08,方正阀门,7.77,7.63,7.83,7.63,7.67,1.303780964797907,319025,2474699.19
920086.BJ,20260727,20260727 10:36:08,科马材料,20.33,19.89,20.45,19.89,19.98,1.7517517517517511,114341,2313282.13
920087.BJ,20260727,20260727 10:36:08,秋乐种业,8.82,8.67,8.91,8.61,8.84,-0.2262443438914019,1474487,12963568.96
920088.BJ,20260727,20260727 10:36:08,科力股份,46.0,43.0,46.9,42.99,53.0,-13.207547169811317,5148169,229326146.95
920089.BJ,20260727,20260727 10:36:08,禾昌聚合,9.85,9.73,9.95,9.66,9.74,1.129363449691989,226378,2230871.89
920090.BJ,20260727,20260727 10:36:08,*ST同辉,3.42,3.33,3.45,3.32,3.33,2.7027027027026973,1165826,3961205.64
920091.BJ,20260727,20260727 10:36:08,大鹏工业,29.31,27.79,29.98,27.59,27.55,6.388384754990928,471045,13746632.08
920092.BJ,20260727,20260727 10:36:08,汉鑫科技,21.35,20.8,21.4,20.21,20.5,4.146341463414638,445832,9383102.2
920098.BJ,20260727,20260727 10:36:08,科隆新材,16.2,16.15,16.22,15.86,15.95,1.5673981191222541,126847,2045852.9
920099.BJ,20260727,20260727 10:36:08,瑞华技术,19.29,19.67,20.26,19.2,20.0,-3.5500000000000087,459664,9026504.35
920100.BJ,20260727,20260727 10:36:08,三协电机,31.07,30.96,31.38,30.4,30.38,2.2712310730743868,527349,16369770.17
920101.BJ,20260727,20260727 10:36:08,志高机械,16.08,15.89,16.15,15.76,15.8,1.7721518987341645,95517,1527181.92
920106.BJ,20260727,20260727 10:36:08,林泰新材,33.6,33.01,33.7,33.0,33.11,1.4799154334038223,132286,4423738.2
920108.BJ,20260727,20260727 10:36:08,宏海科技,8.54,8.43,8.6,8.43,8.51,0.3525264394829586,125790,1073998.96
920110.BJ,20260727,20260727 10:36:08,雷特科技,24.44,24.33,24.46,23.65,24.14,1.2427506213753103,24170,581440.94
920111.BJ,20260727,20260727 10:36:08,聚星科技,24.64,24.0,24.86,23.42,24.35,1.1909650924024628,978718,23845262.58
920112.BJ,20260727,20260727 10:36:08,巴兰仕,15.32,15.06,15.4,14.95,15.16,1.055408970976246,73930,1118585.63
920116.BJ,20260727,20260727 10:36:08,星图测控,44.72,43.41,45.22,43.4,43.5,2.804597701149425,871050,38852929.6
920118.BJ,20260727,20260727 10:36:08,太湖远大,17.2,16.62,17.26,16.62,16.81,2.3200475907198204,272383,4647393.31
920121.BJ,20260727,20260727 10:36:08,江天科技,26.69,26.31,26.81,26.31,26.39,1.1367942402425113,24254,644406.27
920122.BJ,20260727,20260727 10:36:08,中纺标,21.1,20.86,21.29,20.38,21.51,-1.9060901906090222,538785,11189020.54
920123.BJ,20260727,20260727 10:36:08,芭薇股份,9.79,9.45,9.83,9.43,9.52,2.8361344537815025,427611,4147111.43
920124.BJ,20260727,20260727 10:36:08,南特科技,12.2,11.98,12.24,11.89,12.08,0.9933774834437026,322692,3909924.09
920128.BJ,20260727,20260727 10:36:08,胜业电气,16.75,16.55,16.87,16.18,16.56,1.1473429951690983,318849,5305398.86
920130.BJ,20260727,20260727 10:36:08,立方控股,14.14,14.08,14.4,13.7,14.13,0.07077140835103357,1126106,15886529.3
920132.BJ,20260727,20260727 10:36:08,泰鹏智能,8.0,7.77,8.02,7.77,7.85,1.9108280254777066,247618,1972365.4
920139.BJ,20260727,20260727 10:36:08,华岭股份,14.95,14.9,15.45,14.71,15.5,-3.548387096774197,5188153,77922786.11
920145.BJ,20260727,20260727 10:36:08,恒合股份,9.21,9.28,9.28,8.97,8.92,3.251121076233199,235765,2159060.86
920146.BJ,20260727,20260727 10:36:08,华阳变速,4.77,4.64,4.78,4.64,4.64,2.8017241379310276,559154,2640968.18
920149.BJ,20260727,20260727 10:36:08,旭杰科技,7.43,7.23,7.46,7.21,7.3,1.7808219178082174,273135,2016142.26
920152.BJ,20260727,20260727 10:36:08,昆工科技,12.53,12.38,12.59,12.02,12.14,3.2125205930807255,388064,4808085.77
920158.BJ,20260727,20260727 10:36:08,长江能科,7.96,7.82,8.0,7.75,8.22,-3.1630170316301776,1789272,14038915.45
920160.BJ,20260727,20260727 10:36:08,北矿检测,18.94,18.69,19.03,18.69,18.87,0.37095919448861814,50165,950333.24
920163.BJ,20260727,20260727 10:36:08,方大新材,11.98,12.01,12.18,11.42,11.92,0.5033557046979942,1139434,13404499.56
920167.BJ,20260727,20260727 10:36:08,同享科技,14.44,14.17,14.5,14.17,14.32,0.8379888268156277,380980,5496759.52
920169.BJ,20260727,20260727 10:36:08,七丰精工,17.84,16.69,18.44,16.6,17.58,1.4789533560864765,1878798,33028016.81
920171.BJ,20260727,20260727 10:36:08,志晟信息,15.8,15.6,15.99,15.4,15.59,1.347017318794097,603851,9514780.39
920174.BJ,20260727,20260727 10:36:08,五新智能,26.2,26.0,26.3,25.57,25.76,1.7080745341614856,283536,7393712.41
920175.BJ,20260727,20260727 10:36:08,东方碳素,7.65,7.59,7.69,7.46,7.48,2.2727272727272707,498664,3789186.7
920179.BJ,20260727,20260727 10:36:08,凯德石英,53.27,53.4,54.61,50.64,54.1,-1.5341959334565614,1427834,75431767.94
920184.BJ,20260727,20260727 10:36:08,国源科技,10.66,10.52,10.7,10.38,10.5,1.5238095238095273,488828,5183345.37
920185.BJ,20260727,20260727 10:36:08,贝特瑞,20.11,19.73,20.22,19.6,19.57,2.75932549821154,2634727,52862795.65
920190.BJ,20260727,20260727 10:36:08,雷神科技,23.0,23.09,23.68,22.38,22.99,0.04349717268379294,2212592,51324347.0
920195.BJ,20260727,20260727 10:36:08,三祥科技,11.63,11.52,11.72,11.47,11.4,2.017543859649118,107761,1251634.21
920198.BJ,20260727,20260727 10:36:08,微创光电,7.34,7.31,7.42,7.17,7.34,0.0,1448733,10637212.92
920199.BJ,20260727,20260727 10:36:08,倍益康,29.96,25.2,30.3,25.11,24.8,20.80645161290322,4213744,118645814.83
920204.BJ,20260727,20260727 10:36:08,沪江材料,11.96,11.73,12.1,11.7,11.8,1.3559322033898313,179731,2146438.18
920207.BJ,20260727,20260727 10:36:08,众诚科技,20.82,20.24,21.14,20.11,20.5,1.560975609756099,812760,16872870.51
920208.BJ,20260727,20260727 10:36:08,青矩技术,11.89,11.78,12.02,11.76,11.76,1.1054421768707634,327326,3889226.48
920212.BJ,20260727,20260727 10:36:08,智新电子,9.06,9.07,9.11,8.93,8.99,0.7786429365962189,135457,1225863.74
920221.BJ,20260727,20260727 10:36:08,易实精密,12.06,11.75,12.12,11.72,11.82,2.0304568527918843,422095,5059417.26
920223.BJ,20260727,20260727 10:36:08,荣亿精密,10.52,10.38,10.59,10.34,10.26,2.5341130604288553,636512,6662954.56
920225.BJ,20260727,20260727 10:36:08,利通科技,14.16,13.25,14.79,13.0,13.1,8.091603053435126,3231475,45786472.78
920227.BJ,20260727,20260727 10:36:08,美登科技,44.33,43.83,44.88,42.88,43.27,2.4497342269470757,98605,4352885.39
920230.BJ,20260727,20260727 10:36:08,欧康医药,9.61,9.4,9.69,9.4,9.4,2.2340425531914843,420868,4042807.76
920237.BJ,20260727,20260727 10:36:08,力佳科技,12.22,11.73,12.56,11.73,11.84,3.209459459459474,654753,8060782.26
920239.BJ,20260727,20260727 10:36:08,长虹能源,20.96,20.59,21.19,20.14,20.38,2.845927379784108,774292,16192868.61
920242.BJ,20260727,20260727 10:36:08,建邦科技,12.81,12.6,12.9,12.6,12.65,1.2648221343873445,80824,1034845.78
920245.BJ,20260727,20260727 10:36:08,威博液压,11.59,11.62,11.8,11.43,11.59,0.0,444400,5183732.47
920247.BJ,20260727,20260727 10:36:08,华密新材,13.5,13.2,13.62,13.09,13.2,2.2727272727272707,335820,4520926.99
920249.BJ,20260727,20260727 10:36:08,利尔达,8.73,8.67,8.79,8.5,8.67,0.6920415224913601,2369059,20526167.31
920252.BJ,20260727,20260727 10:36:08,天宏锂电,15.53,14.81,16.79,14.61,14.34,8.298465829846569,3387790,53759737.21
920260.BJ,20260727,20260727 10:36:08,中寰股份,7.43,7.26,7.47,7.2,7.34,1.2261580381471404,346455,2538325.66
920261.BJ,20260727,20260727 10:36:08,一诺威,12.9,13.02,13.15,12.86,12.9,0.0,339313,4410029.73
920262.BJ,20260727,20260727 10:36:08,太湖雪,12.33,11.98,12.38,11.98,12.05,2.3236514522821494,185449,2267694.08
920263.BJ,20260727,20260727 10:36:08,中航泰达,6.65,6.55,6.65,6.42,6.48,2.6234567901234573,248353,1636346.69
920266.BJ,20260727,20260727 10:36:08,生物谷,7.42,7.1,7.45,6.88,7.1,4.507042253521121,3545019,25874903.95
920267.BJ,20260727,20260727 10:36:08,鑫汇科,17.7,17.74,18.0,17.08,18.37,-3.6472509526401797,2084653,36299934.86
920270.BJ,20260727,20260727 10:36:08,天铭科技,11.19,10.81,11.19,10.81,10.89,2.754820936639102,249061,2759181.7
920271.BJ,20260727,20260727 10:36:08,邦德股份,9.01,8.78,9.06,8.7,8.88,1.4639639639639546,268676,2395292.07
920273.BJ,20260727,20260727 10:36:08,一致魔芋,15.0,14.7,15.16,14.51,14.81,1.282916948008106,396946,5924019.93
920274.BJ,20260727,20260727 10:36:08,宏裕包材,13.83,13.37,13.94,13.37,13.37,3.4405385190725557,361678,4973058.41
920275.BJ,20260727,20260727 10:36:08,驱动力,6.03,5.88,6.03,5.83,5.86,2.9010238907849706,204054,1214200.23
920278.BJ,20260727,20260727 10:36:08,鹿得医疗,6.05,5.95,6.1,5.89,5.95,1.680672268907557,864518,5214120.61
920284.BJ,20260727,20260727 10:36:08,灵鸽科技,15.89,14.8,16.68,14.71,14.82,7.219973009446701,3124035,49473604.32
920299.BJ,20260727,20260727 10:36:08,灿能电力,15.42,15.18,15.89,14.94,15.4,0.12987012987013546,1072083,16509608.26
920300.BJ,20260727,20260727 10:36:08,辰光医疗,9.23,9.04,9.31,8.9,8.92,3.4753363228699596,797916,7302661.42
920304.BJ,20260727,20260727 10:36:08,迪尔化工,8.44,8.32,8.49,8.23,8.39,0.5959475566150063,438884,3679998.94
920305.BJ,20260727,20260727 10:36:08,云创退,0.92,0.81,0.99,0.81,1.15,-19.999999999999996,8275107,7150358.91
920339.BJ,20260727,20260727 10:36:08,恒太照明,10.53,10.34,10.73,10.04,10.34,1.837524177949712,634729,6729442.33
920344.BJ,20260727,20260727 10:36:08,三元基因,18.24,17.9,18.39,17.9,17.97,1.5025041736226985,239500,4360126.55
920346.BJ,20260727,20260727 10:36:08,威贸电子,14.22,13.85,14.25,13.72,13.85,2.671480144404348,133214,1874982.86
920351.BJ,20260727,20260727 10:36:08,华光源海,10.69,10.4,10.7,10.22,10.51,1.7126546146527089,318566,3350531.25
920357.BJ,20260727,20260727 10:36:08,雅葆轩,15.2,14.98,15.5,14.65,14.6,4.109589041095885,1256502,19086413.71
920363.BJ,20260727,20260727 10:36:08,莱赛激光,9.57,9.48,9.66,9.3,9.43,1.4846235418876086,457550,4365160.06
920367.BJ,20260727,20260727 10:36:08,新赣江,26.69,24.33,27.64,24.33,25.45,4.872298624754423,4177777,110431610.34
920368.BJ,20260727,20260727 10:36:08,连城数控,22.37,21.76,22.47,21.76,22.04,1.4972776769510032,1165582,25979357.04
920370.BJ,20260727,20260727 10:36:08,新安洁,2.56,2.52,2.58,2.52,2.52,1.5873015873015817,342433,874299.03
920371.BJ,20260727,20260727 10:36:08,欧福蛋业,6.56,6.49,6.58,6.47,6.48,1.2345679012345512,384861,2518788.27
920374.BJ,20260727,20260727 10:36:08,云里物里,13.76,13.52,13.85,13.48,13.67,0.6583760058522348,321911,4402643.25
920375.BJ,20260727,20260727 10:36:08,派诺科技,7.28,7.1,7.37,7.02,7.13,2.103786816269282,1356426,9852855.48
920378.BJ,20260727,20260727 10:36:08,泰德股份,6.75,6.67,6.78,6.64,6.74,0.14836795252224366,260223,1743547.92
920392.BJ,20260727,20260727 10:36:08,佳合科技,12.92,13.33,13.33,12.77,12.95,-0.23166023166022454,157417,2042133.23
920394.BJ,20260727,20260727 10:36:08,民士达,48.26,47.24,48.88,46.85,46.78,3.163745190252243,462855,22246061.55
920395.BJ,20260727,20260727 10:36:08,朗鸿科技,6.65,6.5,6.71,6.37,6.55,1.526717557251911,232414,1538005.46
920396.BJ,20260727,20260727 10:36:08,常辅股份,17.42,16.68,17.45,16.68,16.93,2.8942705256940426,403710,6939517.61
920402.BJ,20260727,20260727 10:36:08,硅烷科技,8.69,8.43,8.81,8.35,8.55,1.6374269005847708,3004392,25881669.73
920403.BJ,20260727,20260727 10:36:08,康农种业,16.87,16.7,17.09,16.53,16.87,0.0,572675,9642121.81
920405.BJ,20260727,20260727 10:36:08,海希通讯,16.42,16.33,16.65,16.27,16.4,0.12195121951221743,180090,2963458.51
920407.BJ,20260727,20260727 10:36:08,驰诚股份,9.95,9.72,9.97,9.63,9.72,2.3662551440329027,171817,1688456.04
920414.BJ,20260727,20260727 10:36:08,欧普泰,7.41,7.21,7.55,7.2,7.21,2.77392510402219,544763,4034224.74
920415.BJ,20260727,20260727 10:36:08,恒拓开源,8.28,8.22,8.32,8.13,8.17,1.346389228886169,770291,6341963.16
920418.BJ,20260727,20260727 10:36:08,苏轴股份,17.18,17.16,17.29,16.92,17.01,0.9994121105232123,615571,10591694.59
920419.BJ,20260727,20260727 10:36:08,路斯股份,9.4,9.23,9.48,9.23,9.27,1.4023732470334505,218139,2053708.68
920422.BJ,20260727,20260727 10:36:08,润普食品,8.71,8.77,8.77,8.52,8.6,1.279069767441876,299939,2603304.85
920425.BJ,20260727,20260727 10:36:08,乐创技术,13.42,13.2,13.5,13.19,13.18,1.8209408194233667,671624,9000585.5
920427.BJ,20260727,20260727 10:36:08,华维设计,7.96,7.73,8.04,7.73,7.81,1.9206145966709443,552768,4386572.07
920429.BJ,20260727,20260727 10:36:08,康比特,8.32,8.23,8.35,8.12,8.15,2.085889570552135,316467,2616091.6
920433.BJ,20260727,20260727 10:36:08,大唐药业,4.64,4.46,4.69,4.45,4.47,3.803131991051445,1813139,8356549.58
920436.BJ,20260727,20260727 10:36:08,大地电气,9.89,9.7,9.99,9.49,9.6,3.0208333333333393,254348,2503667.8
920438.BJ,20260727,20260727 10:36:08,戈碧迦,126.1,122.0,130.0,116.0,119.5,5.523012552301254,2980763,369215131.9
920445.BJ,20260727,20260727 10:36:08,龙竹科技,5.77,5.64,5.8,5.64,5.7,1.228070175438578,455807,2609711.7
920454.BJ,20260727,20260727 10:36:08,同心传动,10.17,10.0,10.26,10.0,10.14,0.2958579881656709,180652,1830030.73
920455.BJ,20260727,20260727 10:36:08,汇隆活塞,5.48,5.37,5.5,5.34,5.39,1.6697588126159735,129297,702065.25
920469.BJ,20260727,20260727 10:36:08,富恒新材,5.07,4.95,5.12,4.93,4.95,2.4242424242424176,721107,3639031.54
920471.BJ,20260727,20260727 10:36:08,美邦科技,10.6,10.16,10.66,10.16,10.63,-0.2822201317027373,753205,7904647.02
920475.BJ,20260727,20260727 10:36:08,三友科技,10.43,10.26,10.51,10.15,10.23,1.9550342130987275,181370,1884527.08
920476.BJ,20260727,20260727 10:36:08,海能技术,21.92,21.17,21.95,21.1,21.38,2.5257249766136747,323025,6975989.96
920478.BJ,20260727,20260727 10:36:08,峆一药业,10.55,10.17,10.7,10.04,10.26,2.826510721247577,1941324,20279120.57
920489.BJ,20260727,20260727 10:36:08,佳先股份,12.39,12.21,12.56,12.05,12.33,0.48661800486617945,1263853,15628391.71
920491.BJ,20260727,20260727 10:36:08,奥迪威,22.44,21.98,22.66,21.85,21.98,2.0928116469517866,936177,20976321.45
920493.BJ,20260727,20260727 10:36:08,并行科技,106.68,106.94,108.96,105.21,106.51,0.15960942634494213,654157,70269652.26
920496.BJ,20260727,20260727 10:36:08,许昌智能,6.02,5.95,6.09,5.83,5.94,1.3468013468013407,2363126,14204560.56
920504.BJ,20260727,20260727 10:36:08,博迅生物,16.24,16.04,16.28,15.9,15.9,2.138364779874191,54399,878893.6
920505.BJ,20260727,20260727 10:36:08,九菱科技,23.36,23.06,23.58,22.89,23.14,0.9507346585998278,214738,5012413.85
920508.BJ,20260727,20260727 10:36:08,殷图网联,14.71,14.2,14.86,14.2,14.86,-1.0094212651413081,496363,7260690.53
920509.BJ,20260727,20260727 10:36:08,同惠电子,18.58,18.41,18.7,18.29,18.37,1.1431682090364603,539982,10015838.24
920510.BJ,20260727,20260727 10:36:08,丰光精密,20.46,20.0,20.9,19.53,19.53,4.761904761904767,3481386,70683240.52
920519.BJ,20260727,20260727 10:36:08,万德股份,9.78,10.12,10.13,9.5,9.72,0.6172839506172645,867467,8492241.02
920522.BJ,20260727,20260727 10:36:08,纳科诺尔,18.56,17.9,18.8,17.71,17.7,4.85875706214689,3104330,57091079.89
920523.BJ,20260727,20260727 10:36:08,德瑞锂电,14.54,14.02,14.91,14.02,14.12,2.974504249291776,858591,12634048.18
920526.BJ,20260727,20260727 10:36:08,凯华材料,18.94,18.72,19.21,18.66,18.99,-0.2632964718272679,478901,9062859.56
920527.BJ,20260727,20260727 10:36:08,夜光明,12.88,12.81,12.96,12.7,12.79,0.703674745895233,307739,3955752.44
920533.BJ,20260727,20260727 10:36:08,骏创科技,16.45,16.34,16.51,16.1,16.19,1.6059295861642786,338634,5546306.61
920541.BJ,20260727,20260727 10:36:08,铁大科技,9.14,9.03,9.2,9.03,9.12,0.21929824561404132,166644,1527878.33
920547.BJ,20260727,20260727 10:36:08,无锡晶海,16.85,16.72,16.9,16.63,16.56,1.751207729468618,124710,2096519.08
920553.BJ,20260727,20260727 10:36:08,凯腾精工,6.16,6.01,6.18,6.0,6.07,1.4827018121911006,266469,1633337.7
920556.BJ,20260727,20260727 10:36:08,雅达股份,6.3,6.28,6.34,6.17,6.23,1.123595505617958,512525,3228467.64
920564.BJ,20260727,20260727 10:36:08,天润科技,12.9,12.73,12.95,12.55,12.73,1.335428122545168,289925,3717894.98
920566.BJ,20260727,20260727 10:36:08,梓橦宫,9.42,9.24,9.48,9.24,9.26,1.7278617710583255,647893,6092627.21
920570.BJ,20260727,20260727 10:36:08,坤博精工,23.27,22.91,23.45,22.47,22.98,1.2619669277632584,165256,3807615.7
920571.BJ,20260727,20260727 10:36:08,国航远洋,7.94,7.9,8.01,7.71,7.95,-0.12578616352201255,4934505,38987816.94
920575.BJ,20260727,20260727 10:36:08,*ST康乐,3.52,3.45,3.53,3.45,3.44,2.3255813953488413,799495,2804986.3
920576.BJ,20260727,20260727 10:36:08,天力复合,40.82,39.32,40.95,39.32,39.49,3.367941250949613,693914,27985861.64
920578.BJ,20260727,20260727 10:36:08,巨能股份,15.45,15.14,15.5,15.14,15.25,1.3114754098360715,238316,3663913.13
920579.BJ,20260727,20260727 10:36:08,机科股份,13.74,13.51,13.86,13.5,13.5,1.7777777777777892,235495,3232750.01
920580.BJ,20260727,20260727 10:36:08,科创新材,10.24,10.05,10.52,9.92,10.13,1.0858835143139123,1915971,19710941.13
920592.BJ,20260727,20260727 10:36:08,华信永道,19.39,19.18,19.79,18.95,19.29,0.5184033177812353,640611,12454653.64
920593.BJ,20260727,20260727 10:36:08,鼎智科技,23.79,23.3,24.16,23.1,23.3,2.1030042918454894,1003668,23901990.92
920599.BJ,20260727,20260727 10:36:08,同力股份,16.03,15.97,16.29,15.85,15.97,0.37570444583594487,733625,11842168.34
920608.BJ,20260727,20260727 10:36:08,丰安股份,12.58,12.47,12.72,12.47,12.45,1.0441767068273267,117198,1476194.39
920627.BJ,20260727,20260727 10:36:08,力王股份,13.24,12.87,13.74,12.79,12.68,4.416403785488954,945153,12641152.9
920634.BJ,20260727,20260727 10:36:08,新威凌,15.69,15.41,16.14,15.38,15.57,0.770712909441218,680853,10768838.34
920639.BJ,20260727,20260727 10:36:08,晨光电缆,5.96,5.8,5.99,5.8,5.91,0.8460236886632888,1234035,7317791.49
920640.BJ,20260727,20260727 10:36:08,富士达,25.3,24.73,25.46,24.7,25.05,0.9980039920159722,1059793,26716378.45
920641.BJ,20260727,20260727 10:36:08,格利尔,11.62,11.26,11.65,11.11,11.11,4.590459045904582,893844,10238450.29
920642.BJ,20260727,20260727 10:36:08,通易航天,9.99,9.6,10.14,9.27,9.81,1.83486238532109,2004374,19702881.78
920651.BJ,20260727,20260727 10:36:08,天罡股份,21.25,21.19,21.42,20.79,21.4,-0.7009345794392496,329355,6951394.28
920656.BJ,20260727,20260727 10:36:08,海昇药业,13.35,12.91,13.39,12.91,13.04,2.3773006134969465,113578,1504650.86
920662.BJ,20260727,20260727 10:36:08,方盛股份,17.94,17.65,18.09,17.42,17.65,1.6430594900850082,380564,6777032.82
920663.BJ,20260727,20260727 10:36:08,明阳科技,11.49,11.35,11.55,11.24,11.25,2.1333333333333426,101884,1164987.44
920665.BJ,20260727,20260727 10:36:08,科强股份,8.05,7.82,8.07,7.82,7.89,2.0278833967046994,314090,2517184.27
920670.BJ,20260727,20260727 10:36:08,数字人,11.84,11.69,11.9,11.64,11.66,1.5437392795883298,384685,4551402.88
920675.BJ,20260727,20260727 10:36:08,秉扬科技,6.79,6.76,6.83,6.65,6.72,1.041666666666674,624904,4234495.21
920679.BJ,20260727,20260727 10:36:08,前进科技,14.24,14.15,14.37,13.88,13.99,1.7869907076483171,95812,1359919.67
920682.BJ,20260727,20260727 10:36:08,球冠电缆,5.64,5.51,5.67,5.51,5.58,1.0752688172043001,1162027,6521334.17
920685.BJ,20260727,20260727 10:36:08,新芝生物,0.0,0.0,0.0,0.0,10.5,-100.0,0,0.0
920689.BJ,20260727,20260727 10:36:08,克莱特,18.49,18.45,18.86,17.8,18.27,1.2041598248494711,372038,6818590.69
920690.BJ,20260727,20260727 10:36:08,捷众科技,13.8,13.32,13.95,13.3,13.33,3.5258814703675867,355976,4908340.29
920693.BJ,20260727,20260727 10:36:08,阿为特,21.28,20.96,21.36,20.9,20.91,1.7694882831181369,189989,4020865.35
920694.BJ,20260727,20260727 10:36:08,中裕科技,12.95,12.74,13.04,12.55,12.85,0.7782101167315147,190663,2451576.59
920699.BJ,20260727,20260727 10:36:08,海达尔,72.76,71.28,74.5,69.28,72.0,1.0555555555555651,582051,41989383.52
920701.BJ,20260727,20260727 10:36:08,豪声电子,12.1,12.0,12.38,11.56,12.0,0.8333333333333304,1476455,17849685.77
920703.BJ,20260727,20260727 10:36:08,广厦环能,9.07,9.15,9.15,8.93,9.02,0.5543237250554389,79830,722750.16
920706.BJ,20260727,20260727 10:36:08,铁拓机械,13.57,13.11,13.7,13.11,13.1,3.587786259541992,433726,5842157.66
920717.BJ,20260727,20260727 10:36:08,瑞星股份,7.42,6.82,7.5,6.82,7.17,3.4867503486750273,2021107,14457734.58
920718.BJ,20260727,20260727 10:36:08,合肥高科,9.15,8.86,9.17,8.82,8.95,2.2346368715083997,320441,2896711.42
920719.BJ,20260727,20260727 10:36:08,宁新新材,7.45,7.4,7.54,7.32,7.32,1.775956284153013,461388,3442096.02
920720.BJ,20260727,20260727 10:36:08,吉冈精密,8.93,8.92,9.02,8.71,8.79,1.5927189988623525,369926,3305606.26
920725.BJ,20260727,20260727 10:36:08,惠丰钻石,75.02,74.0,77.98,71.6,76.55,-1.9986936642717223,2434261,182108381.76
920726.BJ,20260727,20260727 10:36:08,朱老六,14.14,13.82,14.24,13.77,13.9,1.726618705035965,705827,9935379.66
920729.BJ,20260727,20260727 10:36:08,永顺生物,6.26,6.16,6.28,6.16,6.16,1.6233766233766156,124289,776296.66
920735.BJ,20260727,20260727 10:36:08,德源药业,22.64,22.12,22.85,22.09,22.23,1.8443544759334296,955710,21600553.62
920748.BJ,20260727,20260727 10:36:08,路桥信息,20.1,19.63,20.3,19.5,19.92,0.9036144578313143,518004,10304186.41
920751.BJ,20260727,20260727 10:36:08,惠同新材,15.83,15.2,15.98,15.18,15.3,3.464052287581687,463714,7276016.89
920753.BJ,20260727,20260727 10:36:08,天纺标,14.38,14.28,14.46,14.05,14.34,0.2789400278940146,158064,2256940.95
920765.BJ,20260727,20260727 10:36:08,美之高,11.64,11.31,11.69,11.23,11.45,1.659388646288229,460369,5295734.51
920768.BJ,20260727,20260727 10:36:08,拾比佰,6.5,6.48,6.51,6.37,6.44,0.9316770186335255,340598,2201064.67
920770.BJ,20260727,20260727 10:36:08,艾能聚,9.96,9.88,10.0,9.69,9.83,1.322482197355046,833417,8255586.34
920779.BJ,20260727,20260727 10:36:08,武汉蓝电,19.77,18.5,20.9,18.5,18.51,6.807131280388967,993407,19812049.29
920781.BJ,20260727,20260727 10:36:08,瑞奇智造,5.17,5.14,5.21,5.04,5.2,-0.576923076923086,627560,3237822.45
920786.BJ,20260727,20260727 10:36:08,骑士乳业,5.74,5.64,5.78,5.61,5.66,1.4134275618374659,1074327,6140168.0
920790.BJ,20260727,20260727 10:36:08,联迪信息,21.8,21.0,22.22,20.9,21.86,-0.2744739249771255,2020188,43627019.14
920792.BJ,20260727,20260727 10:36:08,东和新材,9.33,9.29,9.36,9.14,9.16,1.8558951965065518,97546,900060.14
920799.BJ,20260727,20260727 10:36:08,艾融软件,27.43,26.62,27.61,26.62,27.03,1.4798372179060326,887024,24239496.36
920802.BJ,20260727,20260727 10:36:08,保丽洁,9.9,9.99,9.99,9.61,9.73,1.747173689619741,74335,734312.34
920806.BJ,20260727,20260727 10:36:08,云星宇,9.51,9.38,9.59,9.31,9.5,0.10526315789474161,1166849,11059718.41
920807.BJ,20260727,20260727 10:36:08,奔朗新材,8.65,8.51,8.73,8.42,8.53,1.406799531066838,664696,5713949.39
920808.BJ,20260727,20260727 10:36:08,曙光数创,64.85,63.7,66.33,63.5,64.6,0.38699690402477227,921795,59859083.3
920809.BJ,20260727,20260727 10:36:08,安达科技,7.62,7.5,7.84,7.45,7.37,3.3921302578018953,6952877,53178776.25
920810.BJ,20260727,20260727 10:36:08,春光智能,7.56,7.41,7.64,7.38,7.39,2.3004059539918797,154344,1158796.97
920819.BJ,20260727,20260727 10:36:08,颖泰生物,2.63,2.63,2.63,2.57,2.59,1.5444015444015413,1309166,3424953.25
920821.BJ,20260727,20260727 10:36:08,则成电子,17.51,17.53,17.8,16.92,17.43,0.4589787722317995,1587470,27530945.37
920826.BJ,20260727,20260727 10:36:08,盖世食品,7.09,6.99,7.14,6.98,6.99,1.4306151645207432,312269,2209592.95
920832.BJ,20260727,20260727 10:36:08,齐鲁华信,5.86,5.8,5.93,5.8,5.84,0.34246575342467,353241,2067301.56
920833.BJ,20260727,20260727 10:36:08,美心翼申,8.21,7.95,8.22,7.95,8.01,2.4968789013732895,214019,1745539.55
920834.BJ,20260727,20260727 10:36:08,三维装备,7.74,7.7,7.77,7.63,7.66,1.0443864229765065,339548,2617931.32
920837.BJ,20260727,20260727 10:36:08,华原股份,9.14,9.06,9.21,9.06,9.02,1.330376940133049,172139,1577415.7
920839.BJ,20260727,20260727 10:36:08,万通液压,23.35,23.14,23.65,22.8,22.92,1.8760907504362878,173678,4055248.21
920855.BJ,20260727,20260727 10:36:08,浙江大农,11.3,11.19,11.52,11.09,11.2,0.8928571428571619,46321,522575.22
920856.BJ,20260727,20260727 10:36:08,浩淼科技,9.78,9.36,9.89,9.28,9.55,2.408376963350767,1400497,13429277.98
920857.BJ,20260727,20260727 10:36:08,泓禧科技,16.6,16.56,16.79,15.0,16.4,1.2195121951219745,828091,13313253.23
920866.BJ,20260727,20260727 10:36:08,绿亨科技,5.51,5.45,5.53,5.43,5.5,0.1818181818181719,578888,3185743.17
920870.BJ,20260727,20260727 10:36:08,恒进感应,10.39,10.2,10.46,10.12,10.22,1.6634050880626194,211733,2189648.28
920871.BJ,20260727,20260727 10:36:08,派特尔,9.98,10.0,10.07,9.82,9.94,0.4024144869215318,175491,1751024.24
920873.BJ,20260727,20260727 10:36:08,中设咨询,6.38,6.2,6.41,6.16,6.24,2.2435897435897356,459844,2914116.15
920876.BJ,20260727,20260727 10:36:08,慧为智能,15.13,15.0,15.27,14.83,14.99,0.9339559706470935,425481,6414790.23
920879.BJ,20260727,20260727 10:36:08,基康技术,12.22,12.34,12.52,12.17,12.19,0.24610336341264194,423221,5212645.34
920885.BJ,20260727,20260727 10:36:08,星辰科技,11.27,11.24,11.31,10.87,11.24,0.2669039145907437,1426879,15889542.11
920892.BJ,20260727,20260727 10:36:08,广咨国际,10.13,9.9,10.17,9.9,10.0,1.3000000000000123,102119,1030610.49
920895.BJ,20260727,20260727 10:36:08,花溪科技,11.08,10.77,11.21,10.77,10.88,1.8382352941176405,117204,1297506.13
920896.BJ,20260727,20260727 10:36:08,旺成科技,11.23,11.0,11.36,10.99,11.0,2.090909090909099,144810,1623701.82
920906.BJ,20260727,20260727 10:36:08,舜宇精工,15.67,15.35,15.76,15.35,15.51,1.0315925209542165,135409,2117101.52
920914.BJ,20260727,20260727 10:36:08,远航精密,17.7,17.27,18.01,17.27,17.41,1.6657093624353747,883251,15680940.86
920924.BJ,20260727,20260727 10:36:08,广脉科技,13.0,12.74,13.08,12.74,12.9,0.7751937984496138,383310,4963523.08
920925.BJ,20260727,20260727 10:36:08,锦好医疗,12.34,11.9,12.41,11.56,11.85,4.135021097046421,1742773,21174150.0
920926.BJ,20260727,20260727 10:36:08,鸿智科技,9.8,9.79,9.91,9.64,9.87,-0.7092198581560183,533086,5237539.62
920931.BJ,20260727,20260727 10:36:08,无锡鼎邦,9.12,9.06,9.12,8.99,8.99,1.4460511679643906,77438,702661.6
920932.BJ,20260727,20260727 10:36:08,科达自控,10.64,10.45,10.75,10.4,10.42,2.1113243761996303,548266,5839837.48
920942.BJ,20260727,20260727 10:36:08,恒立钻具,15.65,15.16,15.78,15.16,15.31,2.2207707380796915,191231,2982722.16
920943.BJ,20260727,20260727 10:36:08,优机股份,13.99,14.0,14.24,13.55,13.75,1.745454545454539,1198169,16687794.46
920946.BJ,20260727,20260727 10:36:08,森萱医药,9.03,8.89,9.07,8.84,8.85,2.033898305084736,810769,7296783.38
920950.BJ,20260727,20260727 10:36:08,迅安科技,12.04,11.77,12.1,11.74,11.69,2.9940119760478945,36992,440399.38
920953.BJ,20260727,20260727 10:36:08,国子软件,19.86,19.76,20.12,19.49,19.62,1.2232415902140525,437138,8645183.42
920957.BJ,20260727,20260727 10:36:08,汉维科技,8.68,8.64,8.75,8.4,8.59,1.0477299185098987,850760,7348548.61
920961.BJ,20260727,20260727 10:36:08,创远信科,18.44,18.15,18.54,17.86,18.2,1.3186813186813362,722146,13250712.84
920964.BJ,20260727,20260727 10:36:08,润农节水,4.18,4.08,4.18,4.08,4.1,1.9512195121951237,417823,1739147.67
920970.BJ,20260727,20260727 10:36:08,大禹生物,5.68,5.65,5.8,5.54,5.58,1.7921146953404854,1016717,5804083.18
920971.BJ,20260727,20260727 10:36:08,天马新材,23.81,23.5,24.18,22.91,23.5,1.3191489361702002,1627549,38295088.69
920974.BJ,20260727,20260727 10:36:08,凯大催化,5.76,5.68,5.79,5.65,5.61,2.6737967914438387,389733,2233311.66
920976.BJ,20260727,20260727 10:36:08,视声智能,15.05,14.91,15.18,14.69,14.84,1.4150943396226578,244767,3668067.69
920978.BJ,20260727,20260727 10:36:08,开特股份,18.53,18.23,18.82,18.13,18.05,2.659279778393353,822201,15292238.18
920981.BJ,20260727,20260727 10:36:08,晶赛科技,28.02,27.6,28.35,27.6,27.73,1.0457987738910823,703994,19712972.07
920982.BJ,20260727,20260727 10:36:08,锦波生物,123.59,118.2,124.98,118.0,119.75,3.206680584551158,578832,71401842.54
920985.BJ,20260727,20260727 10:36:08,海泰新能,4.42,4.35,4.45,4.32,4.34,1.8433179723502224,797914,3522629.51
920992.BJ,20260727,20260727 10:36:08,中科美菱,11.09,10.79,11.19,10.7,10.85,2.211981566820276,268775,2976063.94
689009.SH,20260727,20260727 10:36:10,九号公司,38.9,38.03,39.45,38.03,38.18,1.8858040859088598,3263886,126733228.0
001220.SZ,20260727,20260727 10:36:06,世盟股份,28.24,27.42,28.32,27.3,27.39,3.1033223804308063,418813,11714748.78
001237.SZ,20260727,20260727 10:36:09,惠康科技,51.89,50.81,51.98,50.81,51.25,1.2487804878048792,568357,29289035.98
001257.SZ,20260727,20260727 10:36:09,盛龙股份,23.67,23.62,23.95,23.18,23.66,0.04226542688081647,6163645,144941382.04
001312.SZ,20260727,20260727 10:36:09,福恩股份,16.97,16.7,17.0,16.68,16.71,1.5559545182525225,729969,12349105.06
001365.SZ,20260727,20260727 10:36:09,天海电子,35.18,35.1,35.6,33.87,35.63,-1.2629806342969507,4021736,140002899.84
001393.SZ,20260727,20260727 10:36:09,维通利,42.9,42.21,43.2,42.21,42.17,1.7310884515058023,911015,39070969.09
301513.SZ,20260727,20260727 10:36:09,尚水智能,46.87,45.67,47.1,45.58,45.71,2.5377379129293276,369227,17241935.18
301531.SZ,20260727,20260727 10:36:09,春光集团,47.4,47.55,48.08,46.41,48.11,-1.4757846601538116,1048200,49656519.24
301599.SZ,20260727,20260727 10:36:09,理奇智能,33.5,33.08,33.72,32.68,32.66,2.5719534598897864,1255335,41819449.24
301666.SZ,20260727,20260727 10:36:09,大普微,473.18,480.0,485.52,456.0,485.66,-2.569698966355072,1287341,608630776.12
301669.SZ,20260727,20260727 10:36:09,高特电子,28.22,27.21,28.85,27.0,28.16,0.21306818181818787,4612306,129790247.37
301680.SZ,20260727,20260727 10:36:09,固德电材,88.1,86.0,89.3,86.0,86.37,2.0030103045038716,362192,31860394.6
301682.SZ,20260727,20260727 10:36:09,宏明电子,120.38,117.02,121.8,116.8,118.63,1.4751749135968995,809650,97282155.41
301683.SZ,20260727,20260727 10:36:09,慧谷新材,95.3,93.51,95.96,93.5,94.51,0.8358903819701613,253500,24128116.0
301696.SZ,20260727,20260727 10:36:09,三瑞智能,95.4,94.01,96.88,92.12,93.8,1.7057569296375252,982805,93770923.29
601112.SH,20260727,20260727 10:36:10,振石股份,15.07,14.75,15.2,14.7,14.73,2.308214528173802,2185561,32814984.0
603284.SH,20260727,20260727 10:36:09,林平发展,38.79,38.0,39.4,37.78,38.62,0.44018643190057993,640230,24802757.0
603293.SH,20260727,20260727 10:36:10,埃泰克,34.88,34.81,34.97,34.41,34.53,1.0136113524471524,372289,12943212.0
603407.SH,20260727,20260727 10:36:10,长裕集团,59.62,57.78,61.35,57.21,59.18,0.743494423791824,4106600,244248410.0
603435.SH,20260727,20260727 10:36:09,嘉德利,44.84,43.3,45.48,43.3,44.33,1.1504624407850272,1369178,61512448.0
603459.SH,20260727,20260727 10:36:08,红板科技,89.72,82.39,92.4,82.3,84.09,6.695207515756918,9810304,859911397.0
688635.SH,20260727,20260727 10:36:09,长进光子,247.05,240.0,252.0,232.3,245.16,0.7709251101321701,598442,144375219.0
688712.SH,20260727,20260727 10:36:08,北芯生命,33.0,32.74,33.19,32.38,32.55,1.382488479262678,366892,12055328.0
688781.SH,20260727,20260727 10:36:10,视涯科技,35.95,35.2,36.5,34.83,35.7,0.7002801120448154,683637,24517063.0
688785.SH,20260727,20260727 10:36:10,恒运昌,296.7,293.8,300.08,285.88,295.29,0.4774966981611284,219775,64616484.0
688808.SH,20260727,20260727 10:36:09,联讯仪器,1920.99,1900.0,2010.0,1875.51,1955.0,-1.739641943734016,599138,1163303867.0
688811.SH,20260727,20260727 10:36:08,有研复材,20.69,20.0,20.78,19.79,20.3,1.9211822660098576,2161287,44331354.0
688813.SH,20260727,20260727 10:36:10,泰金新能,111.29,111.11,115.23,110.01,111.01,0.2522295288712728,1425965,160961395.0
688816.SH,20260727,20260727 10:36:03,易思维,46.46,45.6,46.76,45.6,46.01,0.9780482503803478,117531,5460717.0
688818.SH,20260727,20260727 10:36:09,电科蓝天,46.87,45.13,47.1,45.01,45.6,2.7850877192982404,3449035,159477903.0
688820.SH,20260727,20260727 10:36:08,盛合晶微,139.93,139.85,144.49,133.8,140.89,-0.6813826389381661,6473120,903435938.0
920011.BJ,20260727,20260727 10:36:08,晨光电机,18.15,18.0,18.18,17.71,17.81,1.9090398652442442,311486,5595154.84
920012.BJ,20260727,20260727 10:36:08,创达新材,45.58,44.9,46.06,44.57,45.05,1.17647058823529,463422,20983672.32
920028.BJ,20260727,20260727 10:36:08,新恒泰,13.15,12.89,13.23,12.86,13.01,1.0760953112989968,530769,6927878.41
920036.BJ,20260727,20260727 10:36:08,觅睿科技,28.03,27.56,28.3,27.56,27.9,0.465949820788536,109141,3065313.21
920055.BJ,20260727,20260727 10:36:08,隆源股份,26.8,26.15,26.9,25.41,25.97,3.195995379283789,209762,5521974.57
920069.BJ,20260727,20260727 10:36:08,普昂医疗,32.42,31.8,32.49,31.58,31.89,1.6619629978049666,230407,7381530.6
920078.BJ,20260727,20260727 10:36:08,族兴新材,19.19,19.05,19.6,18.96,19.2,-0.05208333333331927,891718,17138830.86
920083.BJ,20260727,20260727 10:36:08,金戈新材,34.74,34.53,35.68,33.91,35.9,-3.231197771587735,1606702,55608178.24
920096.BJ,20260727,20260727 10:36:08,嘉晨智能,32.65,32.29,32.95,32.0,32.57,0.2456248081056156,301643,9816602.27
920119.BJ,20260727,20260727 10:36:08,美德乐,43.81,43.15,43.98,43.15,43.34,1.0844485463774811,126021,5496679.85
920125.BJ,20260727,20260727 10:36:08,鸿仕达,118.0,119.08,122.58,111.11,120.3,-1.9118869492934287,621093,72669485.12
920126.BJ,20260727,20260727 10:36:08,永大股份,10.22,9.93,10.49,9.93,10.4,-1.7307692307692246,2874537,29195733.34
920156.BJ,20260727,20260727 10:36:08,海昌智能,37.59,36.76,37.98,36.4,37.0,1.5945945945946116,345393,12937553.21
920159.BJ,20260727,20260727 10:36:08,农大科技,26.28,25.75,26.4,25.68,26.03,0.9604302727622027,180806,4718602.49
920161.BJ,20260727,20260727 10:36:08,龙辰科技,23.1,23.36,23.45,22.3,23.01,0.39113428943937656,1031965,23643539.78
920166.BJ,20260727,20260727 10:36:08,海圣医疗,18.66,18.32,18.98,18.21,18.53,0.7015650296815945,165773,3091047.1
920168.BJ,20260727,20260727 10:36:08,通宝光电,15.11,15.09,15.18,14.91,14.95,1.070234113712365,114554,1730240.27
920177.BJ,20260727,20260727 10:36:08,恒道科技,23.3,23.3,23.45,22.87,23.25,0.21505376344086446,126648,2942381.16
920178.BJ,20260727,20260727 10:36:08,锐翔智能,91.09,90.09,92.8,88.51,91.0,0.09890109890109411,314349,28519069.21
920180.BJ,20260727,20260727 10:36:08,爱得科技,11.15,11.07,11.19,10.9,11.05,0.9049773755656076,121861,1352880.81
920181.BJ,20260727,20260727 10:36:08,赛英电子,67.68,66.94,68.66,66.21,67.5,0.2666666666666817,215705,14553873.15
920183.BJ,20260727,20260727 10:36:08,海菲曼,27.3,26.89,27.4,26.68,26.89,1.5247303830420167,92554,2509801.93
920186.BJ,20260727,20260727 10:36:08,中科仪,74.3,74.77,75.99,71.77,75.51,-1.6024367633426184,2697551,199647012.25
920187.BJ,20260727,20260727 10:36:08,通领科技,19.43,19.28,19.6,19.28,19.51,-0.4100461301896563,175140,3404707.66
920188.BJ,20260727,20260727 10:36:08,悦龙科技,20.91,20.47,21.05,20.45,20.84,0.33589251439538614,318497,6585314.68
920191.BJ,20260727,20260727 10:36:08,瑞尔竞达,8.38,8.25,8.39,8.22,8.28,1.2077294685990614,274107,2280141.88
920200.BJ,20260727,20260727 10:36:08,振宏股份,25.99,25.07,26.28,25.07,25.63,1.404603979711272,833687,21392190.61
920206.BJ,20260727,20260727 10:36:08,彩客科技,33.2,32.9,33.3,32.35,33.12,0.24154589371983004,367512,12065173.72
920211.BJ,20260727,20260727 10:36:08,新睿电子,102.4,102.69,104.0,100.02,102.69,-0.2824033498880052,253861,25994505.24
920218.BJ,20260727,20260727 10:36:08,新天力,16.28,15.83,16.49,15.79,16.01,1.686445971267947,517503,8411066.81
920220.BJ,20260727,20260727 10:36:08,朗信电气,39.68,39.3,40.55,38.8,39.66,0.05042864346949116,285640,11303014.83
688797.SH,20260727,20260727 10:36:08,臻宝科技,363.09,366.0,386.0,352.88,381.25,-4.763278688524597,3155747,1171635905.0
001399.SZ,20260727,20260727 10:36:09,惠科股份,25.28,24.88,25.58,23.99,25.1,0.7171314741035939,22465651,557833227.75
920072.BJ,20260727,20260727 10:36:08,科莱瑞迪,27.04,25.91,27.49,25.4,26.05,3.800383877159308,870167,23058195.53
001248.SZ,20260727,20260727 10:36:09,华润新能,12.86,12.68,13.04,12.6,12.7,1.2598425196850505,42682058,548459879.11
920193.BJ,20260727,20260727 10:36:08,吉和昌,31.73,31.24,32.1,30.53,30.58,3.7606278613472988,2286166,71719662.89
920222.BJ,20260727,20260727 10:36:08,益坤电气,29.5,27.8,29.8,26.88,31.6,-6.645569620253166,3366929,95774887.45
301583.SZ,20260727,20260727 10:36:09,托伦斯,166.05,156.19,177.68,156.0,174.0,-4.568965517241375,8448107,1402906348.72
920136.BJ,20260727,20260727 10:36:08,永励精密,19.77,19.68,19.8,19.32,19.6,0.867346938775504,570410,11172516.13
920189.BJ,20260727,20260727 10:36:08,康美特,22.08,22.4,22.86,21.22,22.86,-3.4120734908136496,3845470,84089210.82
920081.BJ,20260727,20260727 10:36:08,欧伦电气,37.79,37.08,37.96,36.81,37.22,1.5314347125201522,610350,22854183.16
688806.SH,20260727,20260727 10:36:08,C泰诺,28.21,26.0,28.3,25.2,26.6,6.052631578947376,10695614,288499533.0
920117.BJ,20260727,20260727 10:36:08,龙鑫智能,27.91,26.6,28.28,26.5,25.91,7.719027402547285,4294275,117311648.55
920079.BJ,20260727,20260727 10:36:08,乔路铭,15.24,14.8,15.47,14.3,15.22,0.13140604467805073,8825743,129806969.15
688825.SH,20260727,20260727 10:36:10,N长鑫,48.72,49.5,49.88,38.11,8.66,462.5866050808314,2292120335,105645322666.0
920176.BJ,20260727,20260727 10:36:08,N维琪,53.7,45.01,57.02,40.25,22.16,142.3285198555957,6467266,293708942.51
920238.BJ,20260727,20260727 10:36:08,长鹰硬科,60.5,53.0,63.33,52.94,56.03,7.977868998750659,7503130,430358936.36
159001.SZ,20260727,20260727 10:36:03,保证金,99.999,100.0,100.0,99.999,100.001,-0.0019999800002112877,4258534,425851126.666
159003.SZ,20260727,20260727 10:35:45,招商快线,99.999,99.999,100.0,99.998,100.0,-0.0010000000000065512,128889,12888709.272
159005.SZ,20260727,20260727 10:35:18,添富快钱,99.999,99.999,100.0,99.999,100.0,-0.0010000000000065512,34822,3482196.078
159007.SZ,20260727,20260727 10:36:09,华泰养殖,0.848,0.843,0.853,0.841,0.84,0.952380952380949,3309200,2812981.9
159008.SZ,20260727,20260727 10:36:06,景顺证券,1.028,1.028,1.03,1.017,1.028,0.0,1906100,1949479.5
159009.SZ,20260727,20260727 10:36:09,创新能E,0.864,0.85,0.875,0.85,0.85,1.6470588235294237,1235217,1059763.086
159010.SZ,20260727,20260727 10:36:06,科技博时,0.91,0.904,0.916,0.896,0.896,1.5625,2593200,2358831.2
159011.SZ,20260727,20260727 10:36:06,畜牧养殖,1.026,1.018,1.029,1.018,1.018,0.7858546168958647,642800,658883.7
159012.SZ,20260727,20260727 10:36:06,双创鹏华,0.96,0.964,0.976,0.936,0.963,-0.31152647975077885,3541400,3401836.5
159013.SZ,20260727,20260727 10:36:09,工互联DC,1.025,1.019,1.033,0.998,1.017,0.7866273352999054,624900,634604.2
159015.SZ,20260727,20260727 10:36:09,恒港科E,0.897,0.884,0.903,0.884,0.881,1.8161180476730987,9070039,8070828.31
159016.SZ,20260727,20260727 10:36:09,证券广发,1.024,1.025,1.028,1.015,1.025,-0.09756097560974508,12460300,12726428.876
159017.SZ,20260727,20260727 10:36:09,石油工银,0.872,0.845,0.873,0.845,0.881,-1.0215664018161208,4104600,3539382.7
159018.SZ,20260727,20260727 10:36:09,石油广发,0.856,0.836,0.861,0.83,0.866,-1.1547344110854563,16469600,13896709.7
159019.SZ,20260727,20260727 10:36:09,石油,0.879,0.838,0.881,0.838,0.909,-3.300330033003307,7622600,6640277.0
159020.SZ,20260727,20260727 10:36:06,养殖易,0.876,0.87,0.883,0.866,0.871,0.574052812858783,2840600,2489608.8
159021.SZ,20260727,20260727 10:36:06,国证大盘,0.988,0.994,0.994,0.984,0.993,-0.503524672708966,553402,547848.974
159022.SZ,20260727,20260727 10:36:06,AI双创,1.05,1.047,1.069,1.017,1.045,0.4784688995215447,12889500,13530666.2
159023.SZ,20260727,20260727 10:36:06,养殖WJ,1.031,1.031,1.036,1.029,1.022,0.8806262230919737,411007,424643.431
159026.SZ,20260727,20260727 10:36:09,油气CS,0.877,0.871,0.879,0.814,0.886,-1.0158013544018019,7342800,6324067.6
159027.SZ,20260727,20260727 10:36:06,畜牧DC,0.875,0.872,0.882,0.87,0.872,0.34403669724769603,1374687,1206653.686
159028.SZ,20260727,20260727 10:36:06,港车TH,0.773,0.768,0.778,0.768,0.769,0.5201560468140354,1411900,1090285.6
159029.SZ,20260727,20260727 10:36:09,有色广发,0.844,0.846,0.858,0.834,0.839,0.5959475566150285,7335800,6198774.6
159030.SZ,20260727,20260727 10:35:57,国证粮食,0.789,0.779,0.789,0.774,0.777,1.5444015444015413,3192200,2506102.4
159031.SZ,20260727,20260727 10:36:09,粮食博时,0.88,0.867,0.88,0.862,0.867,1.4994232987312506,463500,405998.2
159032.SZ,20260727,20260727 10:36:06,有色易,0.835,0.832,0.84,0.825,0.824,1.3349514563106846,4930421,4115096.877
159033.SZ,20260727,20260727 10:36:06,粮食基金,0.893,0.88,0.893,0.878,0.88,1.4772727272727382,14743100,13128528.1
159035.SZ,20260727,20260727 10:36:09,软件TH,0.789,0.779,0.791,0.771,0.779,1.2836970474968012,1651600,1297411.5
159036.SZ,20260727,20260727 10:36:03,软件开发,0.876,0.859,0.877,0.855,0.861,1.7421602787456525,1822714,1582246.384
159037.SZ,20260727,20260727 10:36:06,价值100,0.985,0.989,0.989,0.98,0.984,0.10162601626015899,335550,330386.632
159038.SZ,20260727,20260727 10:36:06,粮食易,0.844,0.832,0.844,0.828,0.832,1.4423076923076872,5095327,4273735.68
159039.SZ,20260727,20260727 10:36:09,ROBOTETF,0.8,0.785,0.808,0.783,0.784,2.0408163265306145,12434901,9920851.102
159040.SZ,20260727,20260727 10:36:09,互联网HK,1.111,1.078,1.15,1.078,1.074,3.445065176908746,21624900,23966872.1
159041.SZ,20260727,20260727 10:36:06,农业,0.984,0.971,0.989,0.965,0.973,1.130524152106882,1184451,1167819.937
159042.SZ,20260727,20260727 10:36:09,价值添富,0.987,0.985,0.99,0.982,0.985,0.20304568527917954,701200,690391.6
159045.SZ,20260727,20260727 10:36:09,稀金属DC,0.761,0.758,0.765,0.746,0.75,1.4666666666666606,1205402,912911.198
159046.SZ,20260727,20260727 10:36:06,绿电TH,0.923,0.912,0.928,0.912,0.92,0.3260869565217428,1584524,1458188.984
159048.SZ,20260727,20260727 10:36:09,机器人DC,0.823,0.806,0.828,0.805,0.805,2.2360248447204745,3367301,2757134.326
159049.SZ,20260727,20260727 10:36:09,矿ETF,0.933,0.934,0.939,0.924,0.932,0.10729613733906351,1262711,1177967.72
159050.SZ,20260727,20260727 10:36:09,机器人GF,0.815,0.796,0.819,0.791,0.798,2.130325814536338,16425130,13313982.23
159051.SZ,20260727,20260727 10:36:06,医器械E,0.979,0.954,0.982,0.954,0.957,2.298850574712641,1078200,1050676.6
159052.SZ,20260727,20260727 10:36:06,电池嘉实,0.849,0.84,0.85,0.835,0.833,1.9207683073229287,11301700,9587718.4
159053.SZ,20260727,20260727 10:36:09,稀有金,0.854,0.844,0.858,0.836,0.843,1.3048635824436605,6703900,5713387.2
159055.SZ,20260727,20260727 10:36:09,稀金属FG,0.87,0.886,0.886,0.85,0.857,1.516919486581103,2905000,2518369.2
159056.SZ,20260727,20260727 10:36:06,全指器械,0.98,0.953,0.983,0.95,0.955,2.617801047120416,6478500,6298821.3
159057.SZ,20260727,20260727 10:36:00,医用器械,0.974,0.952,0.975,0.952,0.954,2.0964360587002018,387401,372474.473
159059.SZ,20260727,20260727 10:36:09,电力DC,1.032,1.032,1.044,1.022,1.032,0.0,1406218,1450718.598
159060.SZ,20260727,20260727 10:35:51,粮食PY,0.924,0.924,0.924,0.921,0.914,1.0940919037199182,49200,45374.7
159061.SZ,20260727,20260727 10:36:09,绿电南方,0.932,0.917,0.937,0.917,0.931,0.10741138560688146,1859900,1730564.1
159062.SZ,20260727,20260727 10:36:09,稀金属CS,0.78,0.77,0.783,0.763,0.767,1.6949152542372836,1268000,982569.1
159063.SZ,20260727,20260727 10:36:06,粮食南方,0.946,0.93,0.948,0.928,0.932,1.5021459227467782,460300,434330.1
159065.SZ,20260727,20260727 10:36:09,景顺机械,0.94,0.937,0.94,0.934,0.932,0.8583690987124415,131302,123194.68
159066.SZ,20260727,20260727 10:36:09,A股ETF,0.887,0.875,0.889,0.873,0.876,1.255707762557079,2103420,1856088.171
159067.SZ,20260727,20260727 10:36:06,绿电,1.018,1.021,1.032,1.012,1.022,-0.3913894324853229,2815736,2886339.493
159068.SZ,20260727,20260727 10:36:06,中证软件,0.941,0.928,0.945,0.921,0.93,1.1827956989247213,2718107,2539589.366
159069.SZ,20260727,20260727 10:36:09,华泰能源,1.006,0.989,1.008,0.989,0.989,1.7189079878665359,3968776,3976833.347
159070.SZ,20260727,20260727 10:36:09,机械嘉实,0.949,0.949,0.95,0.94,0.941,0.8501594048884176,30739510,29133026.953
159071.SZ,20260727,20260727 10:36:09,新源电池,0.838,0.824,0.851,0.824,0.823,1.8226002430133725,3668800,3062044.2
159072.SZ,20260727,20260727 10:36:06,景顺粮食,1.016,1.001,1.016,1.001,1.001,1.4985014985015033,3024536,3067441.849
159075.SZ,20260727,20260727 10:36:06,互联工业,0.939,0.931,0.946,0.913,0.931,0.8592910848549851,806510,750098.372
159076.SZ,20260727,20260727 10:36:09,创新能HB,0.843,0.826,0.843,0.826,0.822,2.5547445255474477,3586601,3006292.739
159078.SZ,20260727,20260727 10:36:09,A股富国,0.907,0.895,0.91,0.893,0.898,1.0022271714922093,1691005,1526194.345
159085.SZ,20260727,20260727 10:36:06,价值MW,1.018,1.018,1.021,1.015,1.018,0.0,1028502,1048841.238
159091.SZ,20260727,20260727 10:35:57,港金融E,1.054,1.052,1.056,1.046,1.05,0.3809523809523707,1274550,1341786.971
159100.SZ,20260727,20260727 10:36:09,巴西,1.108,1.109,1.11,1.106,1.12,-1.0714285714285676,12302050,13634554.75
159101.SZ,20260727,20260727 10:36:09,港科ETF,0.742,0.736,0.747,0.733,0.73,1.6438356164383494,127078903,93909977.411
159102.SZ,20260727,20260727 10:36:09,港生物,0.76,0.753,0.767,0.753,0.756,0.5291005291005346,42212900,32127102.0
159103.SZ,20260727,20260727 10:36:09,金科TF,0.614,0.606,0.616,0.599,0.606,1.320132013201314,3836300,2329568.4
159105.SZ,20260727,20260727 10:36:09,恒生生科,0.86,0.852,0.869,0.852,0.856,0.4672897196261738,92756801,79959261.863
159106.SZ,20260727,20260727 10:36:09,民企300,1.065,1.047,1.065,1.047,1.054,1.0436432637570991,1076900,1135510.1
159107.SZ,20260727,20260727 10:36:09,创软件,0.695,0.677,0.698,0.676,0.686,1.311953352769657,32615300,22486785.7
159108.SZ,20260727,20260727 10:36:06,工业软件,0.9,0.889,0.905,0.88,0.888,1.3513513513513598,1605300,1439592.9
159109.SZ,20260727,20260727 10:36:09,恒生50,0.811,0.804,0.814,0.8,0.8,1.374999999999993,10440032,8442977.546
159110.SZ,20260727,20260727 10:35:42,科创债WJ,102.176,102.199,102.199,102.149,102.185,-0.00880755492489449,15400,1573381.6
159111.SZ,20260727,20260727 10:35:45,科创债TH,102.123,102.107,102.128,102.107,102.105,0.017628911414724335,76400,7802177.0
159112.SZ,20260727,20260727 10:36:09,科创债YH,101.997,101.981,102.023,101.981,101.987,0.009805171247312394,11033300,1125334039.1
159113.SZ,20260727,20260727 10:36:09,科创债DC,101.948,101.959,101.97,101.943,101.932,0.015696739002457605,136000,13865516.6
159115.SZ,20260727,20260727 10:36:09,科创债,101.987,101.968,102.013,101.968,101.966,0.020595100327569504,180120,18369292.29
159116.SZ,20260727,20260727 10:35:45,科创债工,102.176,102.204,102.204,102.162,102.171,0.0048937565453988086,261800,26749413.0
159117.SZ,20260727,20260727 10:36:06,标普红利,1.012,1.009,1.012,1.009,1.009,0.29732408325076065,70600,71315.2
159118.SZ,20260727,20260727 10:36:06,港低波,0.965,0.956,0.966,0.956,0.962,0.31185031185030354,2385297,2300213.505
159119.SZ,20260727,20260727 10:36:06,800现金,0.96,0.962,0.962,0.953,0.962,-0.20790020790021346,3851900,3690983.9
159120.SZ,20260727,20260727 10:36:09,港科30,0.746,0.739,0.753,0.736,0.736,1.3586956521739246,6273100,4659702.6
159121.SZ,20260727,20260727 10:36:09,港汽车,0.746,0.748,0.748,0.74,0.74,0.8108108108108025,8526300,6345444.4
159122.SZ,20260727,20260727 10:36:09,创新能FG,0.884,0.867,0.884,0.867,0.865,2.196531791907508,1292300,1135930.9
159123.SZ,20260727,20260727 10:36:09,光伏基金,0.876,0.863,0.878,0.863,0.862,1.6241299303944245,6573400,5728081.5
159125.SZ,20260727,20260727 10:36:09,港科技E,0.719,0.709,0.724,0.708,0.706,1.8413597733710985,10740862,7682666.612
159126.SZ,20260727,20260727 10:36:09,港股50NF,0.938,0.932,0.94,0.932,0.927,1.1866235167205863,1637900,1534310.4
159127.SZ,20260727,20260727 10:36:09,红利HK,0.952,0.948,0.953,0.945,0.95,0.21052631578948322,3168500,3009815.5
159128.SZ,20260727,20260727 10:36:09,港科技TH,0.727,0.705,0.732,0.705,0.714,1.8207282913165201,26745139,19367405.421
159129.SZ,20260727,20260727 10:36:09,化工基金,1.026,0.999,1.029,0.999,1.007,1.8867924528302105,11964707,12146694.556
159130.SZ,20260727,20260727 10:36:09,HS生物,0.863,0.855,0.871,0.855,0.858,0.5827505827505908,7582200,6547443.1
159131.SZ,20260727,20260727 10:36:09,港股信息,0.938,0.94,0.948,0.921,0.937,0.10672358591248265,1178037300,1104561496.615
159132.SZ,20260727,20260727 10:36:09,HS生科,0.889,0.881,0.898,0.881,0.882,0.7936507936507908,37730500,33613406.6
159133.SZ,20260727,20260727 10:36:09,化工TH,1.054,1.034,1.055,1.029,1.034,1.934235976789167,19522601,20306393.136
159135.SZ,20260727,20260727 10:36:06,港科技QH,0.793,0.784,0.8,0.783,0.782,1.406649616368294,6134630,4854386.535
159136.SZ,20260727,20260727 10:36:06,A50广发,1.029,1.029,1.031,1.022,1.027,0.19474196689386325,159900,164293.3
159137.SZ,20260727,20260727 10:36:06,港医疗,0.858,0.846,0.865,0.846,0.849,1.0600706713780994,34370400,29538575.0
159138.SZ,20260727,20260727 10:36:09,机械E,0.92,0.916,0.92,0.91,0.911,0.9879253567508295,1090200,997579.6
159139.SZ,20260727,20260727 10:36:09,华泰AI,1.309,1.311,1.331,1.272,1.308,0.0764525993883769,11257600,14731324.8
159140.SZ,20260727,20260727 10:36:09,创智能E,1.316,1.315,1.34,1.278,1.316,0.0,37289835,48891965.11
159141.SZ,20260727,20260727 10:36:09,创人工智,1.23,1.233,1.255,1.197,1.239,-0.7263922518159882,24386800,30118478.3
159142.SZ,20260727,20260727 10:36:09,双创AI,1.259,1.261,1.281,1.222,1.258,0.07949125596182771,26763700,33704974.4
159143.SZ,20260727,20260727 10:36:06,港股央企,0.961,0.951,0.962,0.951,0.96,0.10416666666666075,549600,527724.8
159145.SZ,20260727,20260727 10:36:09,工软ETF,0.779,0.773,0.785,0.768,0.774,0.6459948320413522,1313200,1019247.1
159146.SZ,20260727,20260727 10:36:09,电力,1.021,1.01,1.028,1.01,1.02,0.09803921568627416,9389200,9580715.7
159147.SZ,20260727,20260727 10:36:09,电池50,0.85,0.839,0.851,0.834,0.827,2.7811366384522307,14088600,11875089.0
159148.SZ,20260727,20260727 10:36:09,油气富国,0.933,0.914,0.936,0.906,0.944,-1.165254237288127,14431400,13300804.7
159149.SZ,20260727,20260727 10:36:09,新能源创,0.845,0.83,0.847,0.83,0.832,1.5625,3573800,3006347.5
159150.SZ,20260727,20260727 10:36:09,深证50E,1.664,1.659,1.675,1.643,1.65,0.848484848484854,4237200,7056344.0
159151.SZ,20260727,20260727 10:36:06,食品,0.876,0.87,0.878,0.866,0.868,0.9216589861751112,2723700,2374709.1
159152.SZ,20260727,20260727 10:36:06,H科技PA,0.772,0.766,0.778,0.763,0.761,1.4454664914586024,10975553,8438578.597
159153.SZ,20260727,20260727 10:36:09,电子消费,1.205,1.196,1.225,1.166,1.209,-0.3308519437551727,3107200,3750035.4
159155.SZ,20260727,20260727 10:36:09,电池DC,0.852,0.835,0.852,0.834,0.826,3.14769975786926,16761300,14140701.2
159156.SZ,20260727,20260727 10:36:09,电池WJ,0.883,0.9,0.9,0.869,0.865,2.0809248554913395,2233100,1969137.8
159157.SZ,20260727,20260727 10:36:09,有色TH,0.791,0.786,0.795,0.78,0.78,1.4102564102564052,29886400,23587140.5
159158.SZ,20260727,20260727 10:36:09,景顺电力,1.01,0.998,1.017,0.998,1.01,0.0,14463922,14585662.211
159159.SZ,20260727,20260727 10:36:09,公用国投,1.011,1.001,1.018,1.001,1.014,-0.2958579881656931,7027300,7110134.2
159160.SZ,20260727,20260727 10:36:06,电池东财,0.837,0.826,0.842,0.821,0.819,2.19780219780219,23626602,19703573.758
159161.SZ,20260727,20260727 10:36:06,机械东财,0.954,0.948,0.956,0.943,0.945,0.952380952380949,270500,257677.0
159162.SZ,20260727,20260727 10:36:09,工业金属,0.782,0.78,0.786,0.774,0.77,1.558441558441559,3500501,2734247.383
159163.SZ,20260727,20260727 10:36:06,有色TK,0.706,0.708,0.71,0.698,0.698,1.1461318051575908,1039314,731333.248
159165.SZ,20260727,20260727 10:36:06,养殖产业,0.837,0.83,0.841,0.828,0.83,0.8433734939758963,1040200,871519.7
159166.SZ,20260727,20260727 10:36:00,现金流指,0.836,0.832,0.836,0.828,0.834,0.23980815347721673,135600,112683.8
159167.SZ,20260727,20260727 10:36:06,香港医疗,0.847,0.837,0.855,0.837,0.836,1.3157894736842035,28164904,23911456.7
159168.SZ,20260727,20260727 10:36:06,工业有色,0.821,0.848,0.848,0.81,0.815,0.7361963190184007,11834900,9725031.0
159169.SZ,20260727,20260727 10:36:06,HK生科,0.915,0.903,0.922,0.903,0.906,0.9933774834437026,13890700,12732166.2
159170.SZ,20260727,20260727 10:36:06,港互联网,0.858,0.85,0.864,0.827,0.835,2.754491017964078,39974905,34108785.12
159171.SZ,20260727,20260727 10:36:06,有色博时,0.757,0.758,0.761,0.749,0.748,1.2032085561497263,985500,746224.5
159172.SZ,20260727,20260727 10:36:06,养殖基金,0.805,0.799,0.809,0.796,0.798,0.8771929824561431,4402504,3545207.818
159173.SZ,20260727,20260727 10:36:06,农牧CS,0.835,0.823,0.837,0.823,0.823,1.4580801944106936,1292000,1078170.7
159175.SZ,20260727,20260727 10:36:09,电池E,0.9,0.897,0.902,0.882,0.877,2.6225769669327326,31338203,27945071.384
159176.SZ,20260727,20260727 10:36:09,家用电器,0.956,0.951,0.958,0.945,0.947,0.9503695881731833,8185900,7798495.0
159177.SZ,20260727,20260727 10:36:09,机械主题,0.957,0.953,0.957,0.949,0.948,0.9493670886076,3558400,3391672.4
159178.SZ,20260727,20260727 10:36:09,消电ETF,1.057,1.05,1.076,1.022,1.061,-0.37700282752121117,8772400,9315686.3
159179.SZ,20260727,20260727 10:36:09,互联港股,0.847,0.826,0.86,0.826,0.821,3.166869671132777,101736300,85851150.6
159180.SZ,20260727,20260727 10:36:09,软件,0.961,0.949,0.965,0.938,0.951,1.051524710830698,648600,622236.9
159181.SZ,20260727,20260727 10:36:06,油气E,0.835,0.806,0.836,0.803,0.842,-0.8313539192399078,13197002,10835981.562
159182.SZ,20260727,20260727 10:36:09,家电CS,0.898,0.889,0.898,0.889,0.89,0.8988764044943753,7900,7028.3
159183.SZ,20260727,20260727 10:36:09,新能车招,0.853,0.839,0.853,0.839,0.831,2.6474127557160054,1161900,981839.0
159185.SZ,20260727,20260727 10:36:09,HK信息,1.067,1.068,1.079,1.048,1.067,0.0,143295400,153013203.5
159186.SZ,20260727,20260727 10:36:09,HK汽车,0.749,0.744,0.749,0.744,0.744,0.6720430107526987,475200,354299.3
159187.SZ,20260727,20260727 10:36:09,景顺新能,0.841,0.868,0.868,0.83,0.827,1.6928657799274438,1794100,1505824.0
159188.SZ,20260727,20260727 10:36:06,景顺红利,0.923,0.915,0.923,0.914,0.917,0.6543075245365237,219900,202062.0
159189.SZ,20260727,20260727 10:36:09,石油然气,0.839,0.809,0.84,0.809,0.845,-0.7100591715976323,11463400,9494314.9
159190.SZ,20260727,20260727 10:36:09,创新能TH,0.836,0.822,0.836,0.818,0.82,1.9512195121951237,317800,263930.4
159191.SZ,20260727,20260727 10:36:09,港科技易,0.92,0.938,0.946,0.91,0.903,1.882613510520481,6598502,6060778.926
159192.SZ,20260727,20260727 10:36:09,家电指数,0.931,0.93,0.931,0.93,0.921,1.0857763300760048,800,744.2
159193.SZ,20260727,20260727 10:36:09,电池银华,0.801,0.786,0.801,0.786,0.785,2.0382165605095537,3076100,2447516.4
159195.SZ,20260727,20260727 10:36:09,油气,0.857,0.832,0.859,0.831,0.867,-1.1534025374855816,6487300,5464999.6
159196.SZ,20260727,20260727 10:36:09,港信息E,1.195,1.197,1.207,1.173,1.194,0.08375209380235837,215770700,257777663.8
159197.SZ,20260727,20260727 10:36:09,石油ETF,0.855,0.827,0.857,0.826,0.865,-1.1560693641618491,9932100,8342220.2
159198.SZ,20260727,20260727 10:36:09,HK信息FG,1.2,1.201,1.213,1.179,1.199,0.08340283569641116,96587800,115955686.0
159199.SZ,20260727,20260727 10:36:06,石油PA,0.849,0.856,0.856,0.828,0.858,-1.0489510489510523,1371812,1152730.42
159200.SZ,20260727,20260727 10:36:09,科创债FG,101.933,101.904,101.947,101.904,101.917,0.01569904922633647,25900,2640005.9
159201.SZ,20260727,20260727 10:36:09,自由现金,1.15,1.148,1.152,1.141,1.146,0.3490401396160525,175331500,200877154.3
159202.SZ,20260727,20260727 10:36:09,恒指互联,0.824,0.81,0.829,0.809,0.803,2.6151930261519185,101581100,83162947.1
159203.SZ,20260727,20260727 10:36:06,大盘成长,1.402,1.393,1.409,1.393,1.388,1.008645533141217,75400,105575.9
159205.SZ,20260727,20260727 10:36:09,创业东财,1.731,1.712,1.75,1.693,1.714,0.9918319719953494,33574100,58024290.2
159206.SZ,20260727,20260727 10:36:09,卫星ETF,1.292,1.246,1.302,1.246,1.254,3.0303030303030276,277387851,354878796.688
159207.SZ,20260727,20260727 10:36:09,高股息,1.145,1.133,1.148,1.132,1.135,0.8810572687224738,53689000,61394313.6
159208.SZ,20260727,20260727 10:36:06,航天航空,1.014,0.972,1.015,0.972,0.986,2.8397565922920975,12307900,12344020.0
159209.SZ,20260727,20260727 10:36:06,红利质量,1.102,1.096,1.107,1.096,1.095,0.6392694063926951,46989400,51769705.6
159210.SZ,20260727,20260727 10:36:09,香港汽车,0.852,0.846,0.853,0.842,0.844,0.9478672985782088,8114700,6872326.8
159211.SZ,20260727,20260727 10:36:09,深富国,1.478,1.457,1.484,1.455,1.462,1.0943912448700521,3137900,4618328.9
159212.SZ,20260727,20260727 10:36:09,深100NF,1.503,1.495,1.512,1.482,1.489,0.9402283411685586,3415000,5130618.6
159213.SZ,20260727,20260727 10:36:09,机器人TF,1.125,1.111,1.135,1.107,1.111,1.2601260126012592,8247400,9255436.7
159215.SZ,20260727,20260727 10:36:06,A500平安,1.31,1.299,1.315,1.291,1.296,1.0802469135802406,16854700,21990951.2
159216.SZ,20260727,20260727 10:36:09,深100DC,1.512,1.5,1.516,1.487,1.498,0.9345794392523477,357600,539078.6
159217.SZ,20260727,20260727 10:36:09,港创新药,1.155,1.154,1.166,1.142,1.151,0.3475238922675983,305046000,352566843.6
159218.SZ,20260727,20260727 10:36:09,卫星产业,1.293,1.26,1.299,1.26,1.264,2.2943037974683556,53643597,68688465.998
159219.SZ,20260727,20260727 10:36:09,深100RT,1.404,1.396,1.41,1.394,1.388,1.1527377521613813,598100,838225.5
159220.SZ,20260727,20260727 10:36:09,港红利,0.589,0.586,0.59,0.586,0.587,0.34071550255536653,10768800,6333710.6
159221.SZ,20260727,20260727 10:36:09,现金流基,1.137,1.135,1.14,1.127,1.133,0.3530450132391838,15574600,17668751.0
159222.SZ,20260727,20260727 10:36:09,现金流E,1.227,1.216,1.23,1.216,1.222,0.40916530278234386,24642400,30147609.7
159223.SZ,20260727,20260727 10:36:09,现金流MW,1.11,1.108,1.113,1.105,1.109,0.0901713255184955,826800,915841.3
159225.SZ,20260727,20260727 10:36:09,现金流YH,1.208,1.206,1.208,1.2,1.206,0.16583747927032544,2942900,3546258.0
159226.SZ,20260727,20260727 10:36:09,A500增强,1.261,1.254,1.265,1.25,1.254,0.5582137161084466,6305000,7945635.3
159227.SZ,20260727,20260727 10:36:09,航空航天,0.969,0.944,0.972,0.939,0.949,2.1074815595363505,148276587,142577323.185
159228.SZ,20260727,20260727 10:36:06,红利长城,1.021,1.024,1.025,1.021,1.021,0.0,7000,7150.8
159229.SZ,20260727,20260727 10:36:06,现金流GF,1.181,1.18,1.181,1.173,1.174,0.596252129471897,6566200,7725196.5
159230.SZ,20260727,20260727 10:36:09,通航,0.92,0.892,0.92,0.891,0.895,2.7932960893854775,13315800,12101196.6
159231.SZ,20260727,20260727 10:36:09,航空,0.476,0.464,0.477,0.464,0.464,2.5862068965517127,11337200,5306977.0
159232.SZ,20260727,20260727 10:36:09,现金流NF,1.174,1.16,1.175,1.159,1.161,1.1197243755383113,64076529,74913104.972
159233.SZ,20260727,20260727 10:36:06,现金流PA,1.172,1.158,1.173,1.158,1.163,0.7738607050730817,9322100,10883251.5
159235.SZ,20260727,20260727 10:36:09,现金流DC,1.202,1.183,1.203,1.183,1.191,0.9235936188077165,15919600,19072573.6
159236.SZ,20260727,20260727 10:36:09,现金流GY,1.163,1.154,1.163,1.154,1.155,0.6926406926407003,853900,989636.0
159237.SZ,20260727,20260727 10:36:06,汽车HK,0.883,0.875,0.888,0.874,0.875,0.9142857142857119,12818643,11292762.397
159238.SZ,20260727,20260727 10:36:03,景顺300,1.309,1.301,1.315,1.298,1.302,0.5376344086021501,2591100,3388498.0
159239.SZ,20260727,20260727 10:36:06,恒生汽车,0.783,0.778,0.787,0.777,0.777,0.7722007722007707,1987500,1554352.7
159240.SZ,20260727,20260727 10:36:09,A500指增,1.293,1.288,1.299,1.286,1.285,0.6225680933852118,410600,530672.2
159241.SZ,20260727,20260727 10:36:09,航空TH,0.996,0.967,0.999,0.965,0.972,2.4691358024691468,56734300,55989776.9
159242.SZ,20260727,20260727 10:36:09,创业AIDC,2.005,1.99,2.044,1.946,2.0,0.24999999999999467,36289900,72369963.6
159243.SZ,20260727,20260727 10:36:09,创业智能,1.212,1.191,1.229,1.171,1.205,0.5809128630705374,19232200,23318848.8
159245.SZ,20260727,20260727 10:36:06,FG消费,0.801,0.789,0.802,0.789,0.787,1.7789072426937835,768800,614354.7
159246.SZ,20260727,20260727 10:36:09,创AI富国,1.118,1.107,1.14,1.085,1.118,0.0,56427900,63231267.7
159247.SZ,20260727,20260727 10:36:09,创业板TF,1.06,1.041,1.072,1.035,1.047,1.2416427889207382,22661300,23955807.1
159248.SZ,20260727,20260727 10:36:09,AI万家,1.873,1.875,1.909,1.825,1.873,0.0,6214600,11654739.4
159249.SZ,20260727,20260727 10:36:09,增强A500,1.341,1.327,1.347,1.327,1.334,0.524737631184391,5073900,6799856.6
159251.SZ,20260727,20260727 10:36:09,港科技WJ,0.772,0.762,0.777,0.762,0.757,1.9815059445178251,15581100,11989175.9
159253.SZ,20260727,20260727 10:36:09,中证银行,0.957,0.96,0.964,0.953,0.961,-0.41623309053069324,1719997,1646636.214
159255.SZ,20260727,20260727 10:36:09,航空E,0.818,0.801,0.818,0.799,0.801,2.122347066167274,1678200,1353446.8
159256.SZ,20260727,20260727 10:36:09,创业软件,0.764,0.752,0.769,0.746,0.755,1.192052980132452,37107600,28255820.1
159257.SZ,20260727,20260727 10:36:06,航空基金,0.823,0.804,0.824,0.8,0.806,2.109181141439187,929900,760562.6
159258.SZ,20260727,20260727 10:36:09,机器人NF,1.054,1.042,1.064,1.035,1.035,1.8357487922705529,10749600,11281553.3
159259.SZ,20260727,20260727 10:36:09,成长ETF,1.31,1.283,1.336,1.269,1.295,1.1583011583011782,124735286,163567336.678
159260.SZ,20260727,20260727 10:35:51,全指证券,0.867,0.87,0.872,0.859,0.87,-0.34482758620689724,5326000,4602437.5
159261.SZ,20260727,20260727 10:36:09,创新能,1.37,1.343,1.37,1.343,1.34,2.238805970149249,646500,879965.1
159262.SZ,20260727,20260727 10:36:09,科技HK,0.852,0.842,0.858,0.84,0.839,1.5494636471990564,223052680,189070958.84
159263.SZ,20260727,20260727 10:36:09,价值ETF,1.13,1.124,1.135,1.121,1.132,-0.17667844522968323,112417800,126913978.8
159265.SZ,20260727,20260727 10:36:06,香港消费,0.822,0.815,0.823,0.815,0.808,1.732673267326712,8874600,7276795.4
159266.SZ,20260727,20260727 10:36:06,HK红利,0.959,0.959,0.963,0.958,0.959,0.0,1510200,1449419.8
159267.SZ,20260727,20260727 10:36:09,航天ETF,0.824,0.807,0.827,0.799,0.808,1.9801980198019598,42218200,34539620.1
159268.SZ,20260727,20260727 10:36:09,HK消费,0.795,0.82,0.82,0.783,0.783,1.5325670498084198,16374600,13027020.0
159269.SZ,20260727,20260727 10:36:06,港科技NF,0.85,0.83,0.855,0.83,0.839,1.3110846245530494,78332000,66321001.2
159270.SZ,20260727,20260727 10:36:09,创200NF,1.038,1.021,1.043,1.013,1.018,1.9646365422396839,9568700,9850187.7
159271.SZ,20260727,20260727 10:36:06,恒生指数,0.951,0.943,0.954,0.943,0.943,0.8483563096500557,2139000,2030410.7
159272.SZ,20260727,20260727 10:36:09,机器人FG,0.77,0.753,0.776,0.753,0.754,2.1220159151193574,67357600,51647373.1
159273.SZ,20260727,20260727 10:36:09,云计算TF,1.417,1.41,1.433,1.388,1.41,0.4964539007092261,7835800,11054578.9
159275.SZ,20260727,20260727 10:36:09,农牧渔,0.807,0.798,0.811,0.793,0.797,1.2547051442910906,1008000,812844.4
159276.SZ,20260727,20260727 10:36:06,现金流TF,1.074,1.072,1.075,1.067,1.072,0.1865671641791078,5088900,5451076.3
159277.SZ,20260727,20260727 10:36:06,港股高息,0.983,0.986,0.986,0.976,0.984,-0.10162601626015899,1014100,994456.2
159278.SZ,20260727,20260727 10:36:09,机器人PH,0.905,0.885,0.912,0.885,0.885,2.259887005649719,107669930,97013522.41
159279.SZ,20260727,20260727 10:36:09,AI创业,1.351,1.337,1.375,1.311,1.346,0.3714710252600284,20188400,27332302.8
159280.SZ,20260727,20260727 10:36:09,HK互联网,0.706,0.686,0.71,0.686,0.686,2.915451895043719,11398400,7971941.2
159281.SZ,20260727,20260727 10:36:09,港红利TH,0.945,0.945,0.949,0.941,0.945,0.0,27503877,26000187.442
159283.SZ,20260727,20260727 10:36:09,航空NF,0.832,0.811,0.833,0.804,0.811,2.5893958076448786,9827900,8070972.2
159285.SZ,20260727,20260727 10:36:09,港消费,0.789,0.776,0.79,0.776,0.777,1.5444015444015413,4404400,3472427.0
159286.SZ,20260727,20260727 10:36:09,港股新药,0.736,0.73,0.741,0.727,0.73,0.8219178082191858,92619900,68082651.4
159287.SZ,20260727,20260727 10:36:09,创业综指,1.085,1.065,1.122,1.056,1.066,1.7823639774859235,2505800,2718590.3
159288.SZ,20260727,20260727 10:36:09,创业综YH,0.97,0.963,0.971,0.95,0.965,0.5181347150259086,155000,149249.1
159289.SZ,20260727,20260727 10:36:09,创综指,1.054,1.042,1.061,1.03,1.037,1.6393442622950838,1008403,1059025.965
159290.SZ,20260727,20260727 10:36:09,创增ETF,1.112,1.095,1.119,1.088,1.093,1.7383348581884839,2774400,3087680.9
159291.SZ,20260727,20260727 10:36:09,创业综增,1.135,1.115,1.137,1.115,1.111,2.160216021602168,85100,96052.8
159292.SZ,20260727,20260727 10:36:06,创综增强,1.141,1.129,1.144,1.113,1.118,2.0572450805008913,616502,700581.562
159293.SZ,20260727,20260727 10:36:09,创增强,1.039,1.03,1.044,1.029,1.02,1.862745098039209,538900,558681.0
159295.SZ,20260727,20260727 10:36:09,创业西部,1.01,0.982,1.014,0.982,0.99,2.020202020202011,508300,504297.8
159296.SZ,20260727,20260727 10:36:06,A500红利,1.005,1.003,1.011,1.003,0.996,0.9036144578313143,5046100,5078058.1
159297.SZ,20260727,20260727 10:36:09,创新药港,0.721,0.717,0.727,0.713,0.716,0.6983240223463749,215364400,155143998.5
159298.SZ,20260727,20260727 10:36:09,创50DC,1.252,1.237,1.264,1.223,1.236,1.2944983818770295,2671900,3320762.5
159299.SZ,20260727,20260727 10:36:09,科技金融,0.647,0.633,0.649,0.63,0.633,2.211690363349139,10310704,6585128.284
159300.SZ,20260727,20260727 10:36:09,300ETF,5.044,5.022,5.07,5.0,5.03,0.2783300198807126,7020500,35394277.4
159301.SZ,20260727,20260727 10:36:09,公用事业,0.967,0.961,0.983,0.961,0.968,-0.10330578512396382,14105200,13654980.6
159302.SZ,20260727,20260727 10:36:09,HK高股息,1.31,1.3,1.31,1.3,1.304,0.4601226993865115,1301800,1701968.9
159303.SZ,20260727,20260727 10:36:09,HS医疗,1.49,1.482,1.502,1.477,1.478,0.8119079837618504,63929900,95283345.5
159305.SZ,20260727,20260727 10:36:09,电池储能,0.822,0.824,0.825,0.811,0.806,1.985111662531014,28646900,23449222.5
159306.SZ,20260727,20260727 10:36:09,汽车零件,1.108,1.095,1.108,1.092,1.095,1.1872146118721671,494700,544013.1
159307.SZ,20260727,20260727 10:36:09,100红利,1.027,1.025,1.033,1.024,1.027,0.0,39953300,41075538.7
159309.SZ,20260727,20260727 10:36:09,油气资源,1.304,1.268,1.307,1.268,1.313,-0.6854531607006775,66635900,85342295.1
159310.SZ,20260727,20260727 10:36:09,芯片产业,3.064,3.07,3.15,2.954,3.092,-0.9055627425614499,7342500,22330321.1
159311.SZ,20260727,20260727 10:36:09,数字E,1.538,1.536,1.563,1.5,1.542,-0.25940337224383825,664900,1019587.3
159312.SZ,20260727,20260727 10:36:09,恒指基金,1.174,1.163,1.179,1.163,1.163,0.9458297506448776,382200,448663.2
159315.SZ,20260727,20260727 10:36:09,黄金股票,1.485,1.496,1.501,1.471,1.463,1.5037593984962516,6187800,9206880.3
159316.SZ,20260727,20260727 10:36:09,创新药E,1.139,1.135,1.147,1.126,1.133,0.5295675198587757,396551554,451411033.587
159318.SZ,20260727,20260727 10:36:06,港股通基,1.302,1.3,1.306,1.3,1.288,1.0869565217391353,239600,311691.6
159320.SZ,20260727,20260727 10:36:09,电网ETF,0.606,0.596,0.608,0.584,0.595,1.8487394957983128,49557400,29831834.0
159321.SZ,20260727,20260727 10:36:06,黄金产业,1.393,1.416,1.418,1.382,1.373,1.4566642388929463,14785000,20671354.8
159322.SZ,20260727,20260727 10:36:06,黄金股PA,1.464,1.488,1.492,1.45,1.444,1.3850415512465464,4723200,6957335.5
159323.SZ,20260727,20260727 10:36:09,港股汽车,1.068,1.101,1.101,1.056,1.056,1.1363636363636465,58347500,62052804.0
159325.SZ,20260727,20260727 10:36:09,半导体NF,2.288,2.295,2.352,2.203,2.3,-0.521739130434784,63813024,145292815.572
159326.SZ,20260727,20260727 10:36:09,电网设备,1.625,1.581,1.629,1.581,1.599,1.6260162601626105,301341517,485686822.149
159327.SZ,20260727,20260727 10:36:09,半导材料,1.198,1.178,1.237,1.14,1.183,1.2679628064243387,205630400,244260642.4
159328.SZ,20260727,20260727 10:36:09,家电E,1.0,0.994,1.005,0.989,0.993,0.7049345417925457,566100,564803.5
159329.SZ,20260727,20260727 10:36:09,沙特ETF,0.89,0.89,0.891,0.889,0.891,-0.11223344556677839,7395118,6580576.302
159330.SZ,20260727,20260727 10:36:09,300基金,1.454,1.453,1.461,1.443,1.452,0.13774104683195176,8491300,12341965.1
159331.SZ,20260727,20260727 10:36:09,红利港股,1.291,1.285,1.291,1.28,1.288,0.23291925465838137,2366300,3047640.8
159332.SZ,20260727,20260727 10:36:06,央企红利,1.174,1.17,1.176,1.159,1.176,-0.170068027210879,955000,1117350.9
159333.SZ,20260727,20260727 10:36:06,红利央企,1.345,1.344,1.348,1.337,1.344,0.07440476190474499,2218600,2984131.4
159335.SZ,20260727,20260727 10:36:09,央企科创,1.504,1.485,1.51,1.477,1.483,1.4160485502360043,813500,1218699.6
159336.SZ,20260727,20260727 10:36:06,诚通红利,1.154,1.154,1.154,1.142,1.158,-0.3454231433506094,1208800,1387332.1
159337.SZ,20260727,20260727 10:36:09,500基金,1.738,1.713,1.751,1.704,1.722,0.9291521486643362,4836400,8381847.2
159338.SZ,20260727,20260727 10:36:09,中证A500,1.223,1.217,1.232,1.21,1.216,0.5756578947368585,812220848,993883753.748
159339.SZ,20260727,20260727 10:36:09,A500,1.233,1.225,1.24,1.22,1.229,0.32546786004881145,20918100,25692294.7
159350.SZ,20260727,20260727 10:36:09,深证50,1.629,1.616,1.642,1.61,1.618,0.6798516687268163,19646900,31974703.1
159351.SZ,20260727,20260727 10:36:09,A500中证,1.222,1.216,1.229,1.208,1.215,0.576131687242798,72216200,87957841.2
159352.SZ,20260727,20260727 10:36:09,A500基金,1.273,1.266,1.281,1.258,1.267,0.47355958958168465,1457028600,1852716938.5
159353.SZ,20260727,20260727 10:36:09,景顺A500,1.24,1.234,1.247,1.226,1.233,0.5677210056771909,69062500,85564420.3
159355.SZ,20260727,20260727 10:36:09,800红利,1.038,1.031,1.042,1.031,1.031,0.678952473326877,2880200,2989485.7
159356.SZ,20260727,20260727 10:36:09,A500万家,1.297,1.286,1.305,1.279,1.285,0.9338521400778177,28735500,37161169.5
159357.SZ,20260727,20260727 10:36:09,A500博时,1.289,1.283,1.295,1.276,1.283,0.4676539360872978,3525334,4537113.622
159358.SZ,20260727,20260727 10:36:09,A500DC,1.318,1.31,1.325,1.301,1.307,0.8416220351951109,41827300,54871873.0
159359.SZ,20260727,20260727 10:36:09,ZZA500,1.285,1.275,1.289,1.267,1.28,0.390625,18016900,22983987.9
159360.SZ,20260727,20260727 10:36:09,A500天弘,1.316,1.308,1.323,1.3,1.305,0.8429118773946476,15018601,19662545.4
159361.SZ,20260727,20260727 10:36:09,A500E,1.248,1.24,1.256,1.233,1.241,0.5640612409347323,474386500,592331484.1
159362.SZ,20260727,20260727 10:36:09,A500指数,1.307,1.299,1.314,1.292,1.296,0.8487654320987525,27163200,35463895.7
159363.SZ,20260727,20260727 10:36:09,创业板AI,1.187,1.165,1.211,1.152,1.182,0.4230118443316444,841443700,999761878.6
159365.SZ,20260727,20260727 10:36:00,恒指ETF,0.994,0.99,0.996,0.988,0.981,1.3251783893985847,465900,462220.3
159366.SZ,20260727,20260727 10:36:09,医疗港股,1.282,1.27,1.293,1.263,1.267,1.1838989739542338,50538600,64867458.7
159367.SZ,20260727,20260727 10:36:09,创50华夏,1.773,1.778,1.795,1.736,1.757,0.9106431417188476,5926900,10489898.1
159368.SZ,20260727,20260727 10:36:09,创新能源,0.657,0.655,0.658,0.647,0.643,2.1772939346811793,115996700,75813150.8
159369.SZ,20260727,20260727 10:36:09,创50E,1.446,1.439,1.462,1.415,1.433,0.9071877180739651,7959000,11462718.8
159370.SZ,20260727,20260727 10:36:09,创50基金,1.869,1.852,1.891,1.831,1.851,0.9724473257698651,660700,1240004.1
159371.SZ,20260727,20260727 10:36:09,创50指数,1.77,1.75,1.814,1.727,1.748,1.258581235697931,1442400,2531994.0
159372.SZ,20260727,20260727 10:36:09,创50万家,1.89,1.87,1.915,1.849,1.871,1.0154997327632254,1374700,2605647.7
159373.SZ,20260727,20260727 10:36:09,创50,1.807,1.785,1.823,1.761,1.785,1.2324929971988752,4255300,7657470.0
159375.SZ,20260727,20260727 10:36:09,创50国泰,0.753,0.755,0.761,0.737,0.748,0.6684491978609541,8279600,6228216.1
159376.SZ,20260727,20260727 10:36:09,A500浦银,1.333,1.325,1.338,1.318,1.325,0.6037735849056647,529800,705019.6
159377.SZ,20260727,20260727 10:36:03,创医药,0.957,0.924,0.965,0.915,0.933,2.5723472668810254,10551900,10048993.9
159378.SZ,20260727,20260727 10:36:09,通用航空,0.978,0.945,0.98,0.945,0.956,2.3012552301255207,24951500,24147032.5
159379.SZ,20260727,20260727 10:36:06,A500融通,1.357,1.344,1.361,1.342,1.344,0.9672619047619069,1328100,1799905.7
159380.SZ,20260727,20260727 10:36:06,A500东财,1.356,1.35,1.362,1.336,1.35,0.4444444444444473,2562000,3472722.7
159381.SZ,20260727,20260727 10:36:09,创AI,1.127,1.112,1.149,1.094,1.123,0.3561887800534347,317204100,357665862.5
159382.SZ,20260727,20260727 10:36:09,AI创业板,2.548,2.521,2.594,2.47,2.542,0.2360346184107076,41982400,106700139.1
159383.SZ,20260727,20260727 10:36:09,创50华柏,1.762,1.739,1.781,1.721,1.743,1.0900745840504822,2388100,4216101.4
159385.SZ,20260727,20260727 10:36:09,数字国企,1.883,1.883,1.924,1.833,1.887,-0.2119766825649183,3799800,7094786.5
159386.SZ,20260727,20260727 10:36:09,A500永赢,1.291,1.286,1.296,1.276,1.283,0.623538581449723,2307300,2979379.1
159387.SZ,20260727,20260727 10:36:09,创业新能,0.726,0.712,0.727,0.712,0.71,2.2535211267605604,186772200,134759231.2
159388.SZ,20260727,20260727 10:36:09,创业AI,0.972,0.96,0.991,0.943,0.973,-0.10277492291880241,100033302,97282343.95
159389.SZ,20260727,20260727 10:36:09,国企数字,1.892,1.875,1.93,1.839,1.879,0.6918573709419951,4938900,9295105.1
159390.SZ,20260727,20260727 10:36:06,A50国联,1.26,1.247,1.263,1.247,1.247,1.0425020048115297,5631600,7069779.3
159391.SZ,20260727,20260727 10:36:09,大盘价值,1.085,1.085,1.088,1.083,1.09,-0.4587155963302836,149400,162443.5
159392.SZ,20260727,20260727 10:36:06,航空ETF,0.901,0.877,0.902,0.877,0.878,2.6195899772209597,3914400,3487178.5
159393.SZ,20260727,20260727 10:36:09,300万家,4.984,4.996,5.007,4.939,4.962,0.443369609028621,3598900,17933074.8
159395.SZ,20260727,20260727 10:35:39,信用债DC,103.311,103.285,103.311,103.268,103.285,0.025173064820660507,189200,19546190.2
159396.SZ,20260727,20260727 10:35:21,信用博时,103.185,103.156,103.204,103.156,103.177,0.007753666030207995,1307100,134873088.1
159397.SZ,20260727,20260727 10:36:09,信用债,103.007,103.014,103.014,102.974,102.98,0.02621868323946508,140100,14430407.7
159398.SZ,20260727,20260727 10:35:21,信用天弘,102.366,102.336,102.366,102.334,102.345,0.020518833357763278,18400,1883321.2
159399.SZ,20260727,20260727 10:36:09,现金流,0.991,0.985,0.992,0.981,0.989,0.2022244691607611,49835700,49238487.8
159400.SZ,20260727,20260727 10:36:09,景顺债券,101.055,101.067,101.07,101.055,101.049,0.005937713386572341,27900,2819540.6
159500.SZ,20260727,20260727 10:36:09,500ETFFG,1.141,1.126,1.152,1.12,1.129,1.0628875110717528,14712600,16779517.2
159501.SZ,20260727,20260727 10:36:09,纳指基金,1.981,1.972,1.984,1.97,1.98,0.05050505050505638,18155300,35904560.0
159502.SZ,20260727,20260727 10:36:09,标普生科,1.52,1.515,1.523,1.514,1.516,0.26385224274405594,32828165,49894374.505
159505.SZ,20260727,20260727 10:36:09,GZ2000,1.473,1.439,1.485,1.42,1.448,1.7265193370165743,2969800,4338020.5
159506.SZ,20260727,20260727 10:36:09,恒生医疗,1.221,1.211,1.232,1.209,1.216,0.4111842105263275,312779200,382185276.0
159507.SZ,20260727,20260727 10:36:09,电信ETF,0.826,0.804,0.839,0.804,0.817,1.101591187270512,36662600,30238544.2
159508.SZ,20260727,20260727 10:36:06,生物药基,0.791,0.762,0.799,0.762,0.768,2.994791666666674,8100200,6373501.3
159509.SZ,20260727,20260727 10:36:09,纳指科技,2.579,2.573,2.588,2.573,2.565,0.5458089668616051,35380100,91265494.0
159510.SZ,20260727,20260727 10:36:09,300价值,1.255,1.253,1.259,1.253,1.253,0.15961691939345712,1081600,1358479.9
159511.SZ,20260727,20260727 10:36:09,通信指数,2.324,2.282,2.355,2.267,2.301,0.9995654063450488,30933700,71771649.0
159512.SZ,20260727,20260727 10:36:09,汽车ETF,1.045,1.047,1.051,1.035,1.033,1.1616650532429773,1249900,1303889.4
159513.SZ,20260727,20260727 10:36:09,纳指大成,1.716,1.714,1.72,1.71,1.713,0.17513134851137035,27181964,46613223.168
159515.SZ,20260727,20260727 10:36:06,国企红利,1.154,1.149,1.157,1.148,1.152,0.17361111111111605,641800,739297.2
159516.SZ,20260727,20260727 10:36:09,半导设备,0.749,0.731,0.774,0.713,0.742,0.9433962264151052,3931223596,2932574440.229
159517.SZ,20260727,20260727 10:36:09,800增强,1.327,1.321,1.333,1.313,1.321,0.4542013626040786,2707000,3583290.7
159518.SZ,20260727,20260727 10:36:09,标普油气,1.155,1.159,1.165,1.147,1.212,-4.702970297029696,234185800,270014753.8
159519.SZ,20260727,20260727 10:36:09,港股国企,1.751,1.752,1.756,1.731,1.756,-0.28473804100228595,3501000,6125042.8
159520.SZ,20260727,20260727 10:36:09,消费龙头,0.914,0.914,0.918,0.91,0.911,0.3293084522502765,5242800,4793204.6
159521.SZ,20260727,20260727 10:36:06,2000基金,1.179,1.151,1.179,1.149,1.152,2.343750000000022,1079500,1259694.0
159523.SZ,20260727,20260727 10:36:09,300成长E,1.279,1.273,1.29,1.262,1.279,0.0,1654700,2117537.7
159525.SZ,20260727,20260727 10:36:06,红利低波,1.083,1.08,1.085,1.077,1.081,0.18501387604070718,5410200,5855071.6
159526.SZ,20260727,20260727 10:36:09,机器人,1.383,1.35,1.394,1.35,1.356,1.9911504424778625,14271400,19588272.8
159527.SZ,20260727,20260727 10:36:09,云50,0.701,0.69,0.713,0.685,0.698,0.42979942693410766,13660500,9608959.9
159528.SZ,20260727,20260727 10:36:09,国企基金,1.252,1.239,1.252,1.239,1.247,0.400962309542896,25700,32052.3
159529.SZ,20260727,20260727 10:36:06,标普消费,1.229,1.237,1.24,1.217,1.235,-0.4858299595141724,43982787,54034836.897
159530.SZ,20260727,20260727 10:36:09,机器人E,1.278,1.251,1.285,1.249,1.251,2.158273381294973,238965823,303748120.437
159531.SZ,20260727,20260727 10:36:09,中证2000,1.298,1.257,1.305,1.257,1.265,2.60869565217392,85163000,109651841.6
159532.SZ,20260727,20260727 10:36:09,2000E,1.485,1.447,1.492,1.444,1.447,2.62612301313061,18083800,26686293.0
159533.SZ,20260727,20260727 10:36:06,ZZ2000,1.717,1.675,1.722,1.666,1.675,2.5074626865671634,783900,1328585.7
159535.SZ,20260727,20260727 10:36:09,2000指数,1.324,1.288,1.329,1.288,1.29,2.635658914728678,4763300,6244821.7
159536.SZ,20260727,20260727 10:36:09,CSI2000,1.254,1.225,1.259,1.219,1.225,2.367346938775494,9927800,12350875.7
159537.SZ,20260727,20260727 10:36:09,信创ETF,0.955,0.965,0.979,0.926,0.968,-1.342975206611574,5333600,5079709.0
159538.SZ,20260727,20260727 10:36:09,信创指数,0.96,0.965,0.984,0.93,0.975,-1.538461538461544,8691900,8300914.2
159539.SZ,20260727,20260727 10:36:09,信创50,1.9,1.923,1.94,1.84,1.923,-1.1960478419136833,2842800,5342026.1
159540.SZ,20260727,20260727 10:36:09,信创E,2.033,2.035,2.078,1.967,2.055,-1.0705596107056126,16974700,34385157.5
159541.SZ,20260727,20260727 10:36:09,创业板综,1.481,1.466,1.49,1.443,1.455,1.7869415807560074,1901200,2808950.5
159542.SZ,20260727,20260727 10:36:06,工程机械,1.355,1.35,1.355,1.345,1.34,1.1194029850746245,111000,149613.9
159543.SZ,20260727,20260727 10:36:09,2000指基,1.357,1.326,1.357,1.31,1.327,2.2607385079125963,545200,726578.3
159545.SZ,20260727,20260727 10:36:09,港股红利,1.328,1.323,1.33,1.321,1.325,0.22641509433962703,22199800,29443603.5
159546.SZ,20260727,20260727 10:36:09,集成电路,0.823,0.825,0.844,0.795,0.836,-1.5550239234449759,28132860,23208124.62
159547.SZ,20260727,20260727 10:36:09,低波红利,1.189,1.189,1.192,1.182,1.188,0.08417508417508657,46784400,55603941.4
159549.SZ,20260727,20260727 10:36:03,红利100,1.186,1.181,1.193,1.181,1.184,0.16891891891892552,3245500,3850788.4
159550.SZ,20260727,20260727 10:36:06,互联网AH,0.794,0.775,0.797,0.775,0.779,1.9255455712451797,2223700,1753943.5
159551.SZ,20260727,20260727 10:36:09,机器人业,1.218,1.2,1.23,1.198,1.198,1.6694490818029983,9698400,11751451.7
159552.SZ,20260727,20260727 10:36:09,2000增强,1.984,1.925,1.991,1.925,1.935,2.532299741602073,17562700,34503132.0
159553.SZ,20260727,20260727 10:36:09,2000指增,1.659,1.618,1.66,1.618,1.616,2.6608910891088966,173100,283497.7
159555.SZ,20260727,20260727 10:36:06,增强2000,1.531,1.474,1.534,1.474,1.489,2.820685023505698,1927100,2908617.9
159556.SZ,20260727,20260727 10:36:06,指增2000,1.104,1.082,1.104,1.075,1.072,2.9850746268656803,590900,640431.9
159557.SZ,20260727,20260727 10:36:09,港股医疗,1.359,1.35,1.371,1.346,1.346,0.9658246656760738,51527700,70134119.4
159558.SZ,20260727,20260727 10:36:09,半导体E,1.175,1.15,1.215,1.118,1.164,0.945017182130603,1164412180,1362874112.409
159559.SZ,20260727,20260727 10:36:09,机器人基,1.151,1.122,1.159,1.121,1.123,2.4933214603739984,43023093,49261697.229
159560.SZ,20260727,20260727 10:36:09,芯片50,2.463,2.478,2.53,2.366,2.489,-1.0445962233828765,7364000,18019345.1
159561.SZ,20260727,20260727 10:36:09,德国ETF,1.299,1.294,1.3,1.294,1.275,1.8823529411764683,18271800,23695999.0
159562.SZ,20260727,20260727 10:36:09,黄金股,1.977,2.009,2.009,1.941,1.942,1.8022657054582947,38784471,76793814.48
159563.SZ,20260727,20260727 10:36:09,创业综合,1.758,1.741,1.77,1.7,1.744,0.8027522935779796,503200,884412.0
159565.SZ,20260727,20260727 10:36:09,汽零ETF,1.245,1.216,1.249,1.216,1.229,1.3018714401952902,6895600,8526648.9
159566.SZ,20260727,20260727 10:36:09,储能电池,1.847,1.842,1.852,1.821,1.81,2.044198895027627,99844224,183688496.156
159567.SZ,20260727,20260727 10:36:09,HK创新药,0.689,0.685,0.693,0.681,0.686,0.4373177842565523,1043195900,717756813.7
159568.SZ,20260727,20260727 10:36:09,港股互联,1.163,1.137,1.168,1.137,1.128,3.1028368794326466,78462000,90494538.9
159569.SZ,20260727,20260727 10:36:09,香港红利,1.387,1.378,1.389,1.377,1.381,0.43446777697320194,13422100,18586305.2
159570.SZ,20260727,20260727 10:36:09,创新药HK,1.423,1.418,1.435,1.405,1.418,0.35260930888576514,941231900,1338579463.6
159571.SZ,20260727,20260727 10:36:09,创200,1.338,1.331,1.34,1.331,1.307,2.3718439173680217,77400,103521.8
159572.SZ,20260727,20260727 10:36:09,创200易,1.337,1.297,1.346,1.297,1.305,2.452107279693494,9658100,12866831.3
159573.SZ,20260727,20260727 10:36:09,创业200,1.342,1.317,1.351,1.31,1.315,2.0532319391635134,4740600,6344834.5
159575.SZ,20260727,20260727 10:36:09,创200YH,1.308,1.292,1.312,1.292,1.28,2.187500000000009,110700,144240.2
159576.SZ,20260727,20260727 10:36:09,深100指,1.591,1.58,1.599,1.564,1.579,0.7599746675110763,2744800,4342235.2
159577.SZ,20260727,20260727 10:36:06,美国50,1.56,1.55,1.562,1.55,1.549,0.7101355713363455,9802200,15254565.1
159578.SZ,20260727,20260727 10:36:09,深主板50,1.202,1.189,1.204,1.189,1.197,0.4177109440267168,8700,10354.1
159581.SZ,20260727,20260727 10:36:09,红利基金,1.037,1.038,1.039,1.028,1.036,0.09652509652509078,6823000,7061452.7
159582.SZ,20260727,20260727 10:36:09,半导体,0.821,0.818,0.846,0.787,0.819,0.24420024420024333,109866500,89852306.7
159583.SZ,20260727,20260727 10:36:09,通信设备,1.604,1.58,1.641,1.565,1.598,0.3754693366708306,136867400,220275730.1
159586.SZ,20260727,20260727 10:36:09,计算机NF,0.983,0.964,0.986,0.96,0.962,2.1829521829521914,2577000,2512181.4
159587.SZ,20260727,20260727 10:36:09,粮食50,1.081,1.065,1.081,1.058,1.068,1.217228464419473,4716400,5065709.9
159588.SZ,20260727,20260727 10:36:09,油气基金,1.186,1.152,1.19,1.152,1.198,-1.001669449081799,7543400,8813584.8
159589.SZ,20260727,20260727 10:36:09,红利广发,1.064,1.064,1.066,1.056,1.063,0.09407337723426057,2592800,2754855.2
159590.SZ,20260727,20260727 10:36:09,软件50,0.835,0.823,0.838,0.814,0.822,1.5815085158150888,14825300,12308598.0
159591.SZ,20260727,20260727 10:36:09,中证A50,1.397,1.391,1.401,1.387,1.388,0.6484149855907839,13909700,19355400.2
159592.SZ,20260727,20260727 10:36:09,中证50,1.367,1.36,1.371,1.359,1.357,0.7369196757553542,8193200,11161522.6
159593.SZ,20260727,20260727 10:36:09,A50指数,1.384,1.38,1.387,1.375,1.378,0.4354136429608024,9298500,12850952.0
159595.SZ,20260727,20260727 10:36:09,A50基金,1.389,1.38,1.392,1.379,1.377,0.8714596949891185,30156700,41784599.8
159596.SZ,20260727,20260727 10:36:09,A50华宝,0.663,0.66,0.666,0.66,0.66,0.454545454545463,20997500,13932848.0
159597.SZ,20260727,20260727 10:36:09,创成长E,0.8,0.79,0.811,0.782,0.794,0.7556675062972307,8390300,6668267.1
159599.SZ,20260727,20260727 10:36:09,芯片指数,3.018,3.029,3.11,2.916,3.06,-1.3725490196078494,76989600,232777390.8
159600.SZ,20260727,20260727 10:35:27,科创债基,101.495,101.467,101.502,101.465,101.467,0.027595178728057057,36200,3673747.1
159601.SZ,20260727,20260727 10:36:09,A50,1.151,1.149,1.155,1.139,1.14,0.9649122807017685,52542438,60473145.676
159602.SZ,20260727,20260727 10:36:09,中国A50,1.115,1.105,1.118,1.105,1.106,0.8137432188064952,1613200,1797169.3
159603.SZ,20260727,20260727 10:36:09,双创天弘,1.799,1.769,1.827,1.753,1.791,0.4466778336124966,18392300,33240105.7
159605.SZ,20260727,20260727 10:36:09,互联中概,0.815,0.8,0.819,0.8,0.795,2.515723270440229,244782772,198280160.408
159606.SZ,20260727,20260727 10:36:09,500成长,1.301,1.285,1.308,1.28,1.285,1.2451361867704236,6239700,8068932.7
159607.SZ,20260727,20260727 10:36:09,中概互联,0.812,0.798,0.816,0.795,0.791,2.6548672566371723,127375500,102860701.0
159608.SZ,20260727,20260727 10:36:09,稀有金属,1.025,1.012,1.028,1.002,1.005,1.990049751243772,45705000,46433727.7
159609.SZ,20260727,20260727 10:35:54,光伏龙头,0.478,0.475,0.48,0.472,0.474,0.8438818565400741,3570800,1699325.6
159610.SZ,20260727,20260727 10:36:09,500增强,1.226,1.218,1.238,1.207,1.218,0.6568144499178974,5090800,6228932.8
159611.SZ,20260727,20260727 10:36:09,电力ETF,1.054,1.042,1.063,1.042,1.054,0.0,235963414,248548334.742
159612.SZ,20260727,20260727 10:36:09,国泰标普,1.972,1.99,1.99,1.966,1.965,0.3562340966920985,2068200,4084229.0
159613.SZ,20260727,20260727 10:36:09,嘉实信安,0.846,0.837,0.853,0.823,0.838,0.9546539379474916,5832600,4902417.6
159615.SZ,20260727,20260727 10:36:09,生科ETF,1.045,1.034,1.055,1.034,1.039,0.5774783445620768,82763500,86613700.1
159616.SZ,20260727,20260727 10:36:06,农牧ETF,0.774,0.762,0.775,0.76,0.763,1.4416775884665833,2314000,1784278.1
159617.SZ,20260727,20260727 10:36:09,500价值,1.337,1.331,1.337,1.331,1.324,0.9818731117824608,260300,347101.5
159618.SZ,20260727,20260727 10:36:09,光伏华安,0.649,0.668,0.668,0.642,0.642,1.0903426791277315,1549400,1004046.8
159619.SZ,20260727,20260727 10:36:09,基建ETF,0.947,0.936,0.947,0.936,0.935,1.2834224598930355,1896400,1790750.4
159620.SZ,20260727,20260727 10:36:09,500创新,1.249,1.246,1.26,1.224,1.242,0.5636070853462183,1873200,2324018.4
159621.SZ,20260727,20260727 10:36:09,MSESGETF,1.166,1.159,1.169,1.157,1.157,0.7778738115816752,1930100,2249041.0
159622.SZ,20260727,20260727 10:36:09,创新药AH,1.109,1.09,1.12,1.09,1.089,1.8365472910927494,62603500,69324594.9
159623.SZ,20260727,20260727 10:36:09,成渝ETF,0.976,0.964,0.978,0.962,0.962,1.455301455301461,3674000,3552663.8
159625.SZ,20260727,20260727 10:36:09,绿色电力,1.216,1.206,1.224,1.204,1.213,0.2473206924979321,28228300,34283256.1
159627.SZ,20260727,20260727 10:36:06,中证100,1.339,1.328,1.342,1.325,1.333,0.4501125281320295,2803100,3741022.7
159628.SZ,20260727,20260727 10:36:09,国证2000,1.286,1.248,1.294,1.248,1.255,2.4701195219123617,40133518,51234009.366
159629.SZ,20260727,20260727 10:36:09,1000ETF,2.977,2.9,2.999,2.899,2.928,1.6734972677595605,68134371,201977584.773
159630.SZ,20260727,20260727 10:36:00,A100,1.411,1.403,1.412,1.394,1.404,0.4985754985755042,2273100,3192691.5
159631.SZ,20260727,20260727 10:36:09,中证A100,1.283,1.281,1.29,1.273,1.28,0.23437499999998668,898400,1151888.9
159632.SZ,20260727,20260727 10:36:09,纳斯达克,2.335,2.332,2.34,2.326,2.33,0.21459227467810482,49874600,116344847.9
159633.SZ,20260727,20260727 10:36:09,ZZ1000,3.044,2.991,3.068,2.977,3.0,1.4666666666666606,102345300,310220253.2
159635.SZ,20260727,20260727 10:36:09,基建50,1.002,1.001,1.003,0.994,0.989,1.3144590495449915,5235800,5234115.4
159636.SZ,20260727,20260727 10:36:09,港科技30,0.523,0.516,0.527,0.516,0.512,2.1484375,448261200,233164984.0
159637.SZ,20260727,20260727 10:36:09,新能龙头,0.801,0.781,0.802,0.781,0.781,2.5608194622279257,45669400,36293822.6
159638.SZ,20260727,20260727 10:36:09,高端装备,0.805,0.782,0.808,0.782,0.791,1.7699115044247815,56472700,45103394.4
159639.SZ,20260727,20260727 10:36:06,碳中和NF,0.948,0.94,0.949,0.94,0.938,1.0660980810234477,2664438,2518086.872
159640.SZ,20260727,20260727 10:36:09,碳中和ET,0.93,0.94,0.944,0.926,0.92,1.0869565217391353,1838500,1708231.2
159641.SZ,20260727,20260727 10:36:06,双碳ETF,0.987,0.986,0.991,0.979,0.977,1.0235414534288667,294600,288987.5
159642.SZ,20260727,20260727 10:36:06,DC碳中和,0.935,0.934,0.935,0.934,0.927,0.8629989212513456,2200,2056.9
159643.SZ,20260727,20260727 10:36:09,疫苗ETF,0.548,0.53,0.551,0.53,0.531,3.201506591337111,7908200,4299928.2
159645.SZ,20260727,20260727 10:36:06,疫苗龙头,0.611,0.602,0.614,0.594,0.595,2.6890756302521135,444000,268406.0
159647.SZ,20260727,20260727 10:36:09,中药ETF,0.913,0.891,0.916,0.891,0.894,2.1252796420581754,20837800,18948812.0
159649.SZ,20260727,20260727 10:36:09,国开债,110.141,110.121,110.141,110.121,110.13,0.009988195768650954,101900,11222918.9
159650.SZ,20260727,20260727 10:35:45,国开ETF,107.857,107.836,107.858,107.836,107.846,0.010199729243542954,113900,12284083.3
159651.SZ,20260727,20260727 10:36:09,国开0-3,107.95,107.942,107.951,107.941,107.941,0.008337888290821382,31600,3411045.2
159652.SZ,20260727,20260727 10:36:09,有色基金,1.512,1.522,1.525,1.494,1.497,1.002004008016022,52092100,78743930.0
159653.SZ,20260727,20260727 10:36:06,ESG300,1.187,1.179,1.198,1.179,1.188,-0.08417508417507547,8800,10379.0
159655.SZ,20260727,20260727 10:36:09,标普ETF,1.907,1.905,1.91,1.903,1.9,0.36842105263159564,7902000,15062262.1
159656.SZ,20260727,20260727 10:36:06,300成长,1.238,1.231,1.247,1.218,1.227,0.8964955175223999,5160500,6365220.6
159657.SZ,20260727,20260727 10:36:06,生物疫苗,0.592,0.576,0.595,0.575,0.577,2.5996533795493937,603100,355011.5
159658.SZ,20260727,20260727 10:36:09,数字经济,1.84,1.851,1.874,1.79,1.854,-0.7551240560949357,1355600,2484624.9
159659.SZ,20260727,20260727 10:36:06,纳指,2.229,2.221,2.231,2.219,2.223,0.26990553306343035,29689400,66073182.1
159660.SZ,20260727,20260727 10:36:09,纳指100,2.25,2.245,2.254,2.242,2.246,0.17809439002671734,13901000,31248842.7
159661.SZ,20260727,20260727 10:36:09,嘉实A100,1.45,1.444,1.454,1.436,1.444,0.41551246537396835,1687100,2438107.9
159662.SZ,20260727,20260727 10:36:09,交运ETF,0.96,0.954,0.962,0.954,0.952,0.8403361344537785,27502000,26390038.4
159663.SZ,20260727,20260727 10:36:09,机床,0.956,0.938,0.969,0.931,0.938,1.9189765458422103,67663542,64643333.475
159665.SZ,20260727,20260727 10:36:09,芯片龙头,2.618,2.63,2.695,2.53,2.648,-1.1329305135951762,21740400,56710945.9
159666.SZ,20260727,20260727 10:36:09,交通运输,0.955,0.944,0.958,0.944,0.948,0.7383966244725704,4735300,4520965.8
159667.SZ,20260727,20260727 10:36:09,工业母机,0.641,0.634,0.65,0.624,0.63,1.7460317460317398,318194100,202667062.866
159669.SZ,20260727,20260727 10:36:09,绿电ETF,1.116,1.11,1.124,1.106,1.115,0.08968609865471766,1861300,2075597.4
159670.SZ,20260727,20260727 10:36:06,消费基金,0.859,0.857,0.864,0.855,0.858,0.11655011655011815,6434000,5541341.4
159671.SZ,20260727,20260727 10:36:09,稀金属,1.255,1.232,1.261,1.228,1.231,1.9496344435418145,30485400,37971629.8
159672.SZ,20260727,20260727 10:36:09,主要消费,0.621,0.616,0.625,0.616,0.617,0.6482982171799101,3538600,2197064.5
159673.SZ,20260727,20260727 10:36:09,PH300ETF,1.296,1.291,1.302,1.284,1.289,0.5430566330488773,46233500,59930571.8
159675.SZ,20260727,20260727 10:36:09,创业增强,1.435,1.4,1.448,1.4,1.414,1.4851485148514865,4615100,6602054.7
159676.SZ,20260727,20260727 10:36:09,创业板增,1.591,1.574,1.604,1.555,1.574,1.0800508259212194,4136601,6564808.179
